{
  "atoms": [
    8,
    1,
    1
  ],
  "coord": [
    3.4353435509616647e-14,
    -1.6980762513434642e-13,
    -0.06322058956713533,
    -1.0118562211790652,
    1.0118562211790623,
    -1.168343035508426,
    1.0118562211790418,
    -1.0118562211790407,
    -1.1683430355083932
  ],
  "energy": -76.36796633525032,
  "td_energies": [
    0
  ],
  "grad": [
    1.1332972863105362e-13,
    -7.903556010612628e-14,
    -0.00010626094540633346,
    -0.00011109170522849432,
    0.0001110917052253857,
    4.681335839507028e-05,
    0.0001110917051387883,
    -0.00011109170513967648,
    4.6813358489217194e-05
  ],
  "nac": [],
  "soc": [],
  "hess": []
}