{
  "OQP::DM_A": [
    1.034625711480067,
    -0.10961516601943688,
    0.4176459776449427,
    3.5054157516475275e-16,
    -3.767576278956256e-16,
    0.301500590502627,
    8.35229295000401e-06,
    3.440254147581148e-05,
    4.158054794183211e-16,
    0.30152139887238427,
    1.3708427322911095e-16,
    -1.611240816337233e-16,
    -5.939777547543719e-17,
    1.8698085699976893e-16,
    0.9999999885567865,
    -0.0565962742242256,
    0.14399865954515767,
    4.731345961309134e-16,
    0.2721148531776589,
    -2.750677328067686e-17,
    0.29555568198739235,
    -0.056632087403836115,
    0.14398885611792148,
    0.23559010772658226,
    -0.13601106314415945,
    8.183421195672659e-17,
    -0.07275389533340679,
    0.2954457597907134,
    -0.05663208740383649,
    0.1439888561179234,
    -0.23559010772658084,
    -0.1360110631441605,
    1.6238986386454895e-16,
    -0.07275389533340743,
    -0.0727306259742012,
    0.29544575979071247
  ],
  "OQP::DM_B": [
    1.034625711480067,
    -0.10961516601943688,
    0.4176459776449427,
    3.5054157516475275e-16,
    -3.767576278956256e-16,
    0.301500590502627,
    8.35229295000401e-06,
    3.440254147581148e-05,
    4.158054794183211e-16,
    0.30152139887238427,
    2.100667349820788e-16,
    -1.3639861156876023e-17,
    -1.028163495207278e-17,
    -9.378428286268607e-17,
    7.235655045562293e-32,
    -0.0565962742242256,
    0.14399865954515767,
    4.731345961309134e-16,
    0.2721148531776589,
    -9.319907445412059e-17,
    0.29555568198739235,
    -0.056632087403836115,
    0.14398885611792148,
    0.23559010772658226,
    -0.13601106314415945,
    2.5704911622380105e-17,
    -0.07275389533340679,
    0.2954457597907134,
    -0.05663208740383649,
    0.1439888561179234,
    -0.23559010772658084,
    -0.1360110631441605,
    4.177288337610797e-17,
    -0.07275389533340743,
    -0.0727306259742012,
    0.29544575979071247
  ],
  "OQP::FOCK_A": [
    -10.99305080876896,
    -2.9776421290778945,
    -1.5499819940261395,
    -2.949555832719233e-16,
    3.107286477639727e-17,
    -0.29685444782122783,
    7.68992060718497e-06,
    0.00014772689572727134,
    -3.8050122092469644e-16,
    -0.2965201817861889,
    -8.825828505659147e-17,
    1.3246818203307513e-17,
    4.7838617325118973e-17,
    -8.196379926782261e-17,
    -0.3474194704592479,
    -0.7795514286351641,
    -0.750740732459853,
    -2.90609238126442e-16,
    -0.440089125338458,
    -1.6635029092879633e-17,
    -0.48461394899392296,
    -0.7806875073402926,
    -0.7514032369017329,
    -0.38130086337321223,
    0.2200692537023552,
    2.3483062340385815e-17,
    -0.23592375998470783,
    -0.48523710477978454,
    -0.7806875073402928,
    -0.7514032369017334,
    0.3813008633732109,
    0.22006925370235564,
    -2.6047978058556803e-17,
    -0.23592375998470771,
    -0.23608301315351066,
    -0.485237104779785
  ],
  "OQP::FOCK_B": [
    -10.972754342168408,
    -2.9467843782104115,
    -1.4119857207143882,
    -2.9495558327192324e-16,
    3.107286477639722e-17,
    -0.2605858050198364,
    7.68992060718497e-06,
    0.00014772689572727134,
    -3.8050122092469634e-16,
    -0.26025153898479747,
    -1.7193721615675962e-16,
    -4.095975951398768e-17,
    3.0976859524634414e-18,
    9.128624872444256e-17,
    0.32541327201557824,
    -0.7709320541633901,
    -0.7061081476298308,
    -2.9060923812644203e-16,
    -0.4296399614216315,
    4.5037299259643915e-17,
    -0.4651535010410295,
    -0.7720575372422742,
    -0.7067229529937238,
    -0.3722428031096714,
    0.21484195768303127,
    -3.006312947591557e-17,
    -0.22265195602614607,
    -0.46573982736821495,
    -0.7720575372422744,
    -0.7067229529937249,
    0.37224280310967006,
    0.21484195768303171,
    -3.630611489759629e-17,
    -0.22265195602614618,
    -0.2227984571095999,
    -0.4657398273682154
  ],
  "OQP::E_MO_A": [
    -10.989488557550986,
    -0.8489772986340797,
    -0.5296783490726941,
    -0.5294523294079528,
    -0.011002400684603304,
    0.6602815017967033,
    0.7821516751279767,
    0.7828018529133507
  ],
  "OQP::E_MO_B": [
    -10.989488557550986,
    -0.8489772986340797,
    -0.5296783490726941,
    -0.5294523294079528,
    -0.011002400684603304,
    0.6602815017967033,
    0.7821516751279767,
    0.7828018529133507
  ],
  "OQP::VEC_MO_A": [
    [
      0.9924293720652168,
      0.03452734190163519,
      4.593609128266922e-16,
      -4.211001005665431e-06,
      2.044707564653268e-16,
      -0.0068382895561147706,
      -0.0068443453316721125,
      -0.006844345331672199
    ],
    [
      -0.2229566107333864,
      0.6453322885813381,
      1.105026360292735e-15,
      -0.0001835279736006757,
      -3.200228297444742e-17,
      0.22329067513011686,
      0.22359668585759107,
      0.22359668585759138
    ],
    [
      2.6677462918980828e-17,
      -7.733289676789473e-16,
      0.5490906942415132,
      2.445523641621713e-12,
      -1.8724839193811028e-17,
      2.2070850683319642e-12,
      0.4290549998327857,
      -0.42905499983498896
    ],
    [
      -5.169707532544078e-05,
      0.0002786045995810842,
      -2.4446817838028046e-12,
      0.5491096112545606,
      -1.7080250140940345e-16,
      0.49563110695685325,
      -0.2476191509550184,
      -0.24761915095119863
    ],
    [
      7.298246217054481e-17,
      1.4748422132069398e-16,
      4.911614080438765e-17,
      -2.8076514146888273e-16,
      -0.9999999942783933,
      -6.569230154930924e-17,
      -5.612930065549627e-17,
      -1.2061698117856391e-16
    ],
    [
      0.23116460953419996,
      -1.4514466545155456,
      7.296179597398303e-15,
      -0.0023899814097480903,
      -2.7309184032982514e-16,
      0.7539135180805366,
      0.7511086734963268,
      0.7511086734963396
    ],
    [
      0.0005212646552301706,
      -0.0037497289170417736,
      2.0919752008810283e-12,
      1.157065467622552,
      -1.7173387083345341e-16,
      -1.016574921671305,
      0.5110024766403137,
      0.5110024766435041
    ],
    [
      -2.640147176992475e-15,
      1.7102412134684963e-14,
      1.1575962516406293,
      -2.091708569259487e-12,
      -2.1270815023681866e-17,
      1.832256007504495e-12,
      -0.882423348498232,
      0.8824233484963735
    ]
  ],