{
  "OQP::DM_A": [
    1.0335655782808921,
    -0.10715382301862472,
    0.4282088873033421,
    2.4278064672878766e-17,
    -3.170103139643836e-16,
    0.310370077804437,
    7.188165336966624e-06,
    3.233020397057713e-05,
    4.471450946161292e-16,
    0.3103999234158718,
    1.242605992218682e-16,
    -1.1255757807936145e-16,
    -2.9454956534256783e-16,
    -3.87015468406377e-17,
    0.9999999885567861,
    -0.05858274221774005,
    0.14294531849491426,
    2.943326865442371e-16,
    0.27214640709293214,
    -6.469917530363564e-17,
    0.28682405336838956,
    -0.05862234784109105,
    0.142945363756354,
    0.23561383729796795,
    -0.13602165257590929,
    1.3956866393720645e-17,
    -0.07102695210691626,
    0.28671624275339536,
    -0.05862234784109068,
    0.1429453637563542,
    -0.2356138372979676,
    -0.13602165257590967,
    1.9690289683533977e-16,
    -0.07102695210691655,
    -0.0710107695860634,
    0.2867162427533944
  ],
  "OQP::DM_B": [
    1.0335655782808921,
    -0.10715382301862472,
    0.4282088873033421,
    2.4278064672878753e-17,
    -3.170103139643836e-16,
    0.310370077804437,
    7.188165336966624e-06,
    3.233020397057713e-05,
    4.471450946161292e-16,
    0.3103999234158718,
    2.0320508315574832e-16,
    -1.5163546018374444e-17,
    -1.691970864808456e-16,
    -2.1239979540793486e-16,
    2.776150859088871e-31,
    -0.05858274221774005,
    0.14294531849491426,
    2.943326865442371e-16,
    0.27214640709293214,
    -1.9579872676690146e-16,
    0.28682405336838956,
    -0.05862234784109105,
    0.142945363756354,
    0.23561383729796795,
    -0.13602165257590929,
    -4.4947730214724195e-17,
    -0.07102695210691626,
    0.28671624275339536,
    -0.05862234784109068,
    0.1429453637563542,
    -0.2356138372979676,
    -0.13602165257590967,
    2.1194027321263596e-16,
    -0.07102695210691655,
    -0.0710107695860634,
    0.2867162427533944
  ],
  "OQP::FOCK_A": [
    -9.999807103770484,
    -2.7370073477482526,
    -1.3025400811542571,
    2.926928333137955e-17,
    1.1819501251502064e-16,
    -0.2255550284661349,
    8.377686312536427e-06,
    0.00010959499014362625,
    -8.229981455587838e-17,
    -0.22533013358727066,
    -1.3832934180083677e-18,
    3.335297980112767e-18,
    1.6843305374982257e-17,
    -1.1328839611104211e-17,
    -0.17471226905657283,
    -0.7141756210041676,
    -0.5911467091249837,
    -8.260332339891878e-18,
    -0.31441188661933445,
    5.0133386835593035e-18,
    -0.3688181687502213,
    -0.7152196604650891,
    -0.5917168160264168,
    -0.2724539451055458,
    0.15724530125847797,
    4.498351579131881e-18,
    -0.18861175184990925,
    -0.3693023280115245,
    -0.7152196604650898,
    -0.5917168160264167,
    0.27245394510554544,
    0.15724530125847824,
    -2.0709989299199937e-17,
    -0.1886117518499095,
    -0.18874756044126711,
    -0.3693023280115229
  ],
  "OQP::FOCK_B": [
    -9.985536535369498,
    -2.722369557994922,
    -1.2270541894634879,
    1.9117801723938873e-17,
    9.251757133430758e-17,
    -0.20076101706370242,
    9.074239187510503e-06,
    0.00011261091047056637,
    -7.332602351636011e-17,
    -0.20053751020437022,
    -3.3803310415952024e-17,
    -5.8367100096626205e-18,
    3.746623046920955e-17,
    5.333531760247052e-17,
    0.08463535185716986,
    -0.7104734281109442,
    -0.5690216428096124,
    -1.02322940654446e-17,
    -0.3084532996783462,
    2.6738182941365028e-17,
    -0.3599898397169592,
    -0.7115126287240673,
    -0.5695673595486399,
    -0.2672885658325632,
    0.15426488370704425,
    -2.2722921805392105e-18,
    -0.1826191777669946,
    -0.3604560588193459,
    -0.7115126287240678,
    -0.5695673595486398,
    0.267288565832563,
    0.15426488370704444,
    -2.5707766261312368e-17,
    -0.18261917776699468,
    -0.18274912266219578,
    -0.36045605881934545
  ],
  "OQP::E_MO_A": [
    -10.000945501117599,
    -0.6373566106270654,
    -0.38457949195398533,
    -0.3843960741641542,
    -0.045038468164846135,
    0.4423939656140801,
    0.5375316774372023,
    0.5381215574405906
  ],
  "OQP::E_MO_B": [
    -10.000945501117599,
    -0.6373566106270654,
    -0.38457949195398533,
    -0.3843960741641542,
    -0.045038468164846135,
    0.4423939656140801,
    0.5375316774372023,
    0.5381215574405906
  ],
  "OQP::VEC_MO_A": [
    [
      0.991021293672821,
      0.04133949166982286,
      -6.021957276151461e-17,
      -5.429015984442624e-06,
      1.9689618462568444e-16,
      -0.00891126790093276,
      -0.008919419515273325,
      -0.00891941951527294
    ],
    [
      -0.22680910567133397,
      0.6530695595186486,
      3.572630044169335e-15,
      -0.00019764223194321855,
      -3.5513111534430465e-17,
      0.219229286400919,
      0.219555315956477,
      0.2195553159564711
    ],
    [
      1.3999345096726987e-15,
      -3.724184481402364e-15,
      0.5571086768346343,
      1.9757623026605123e-12,
      -3.0370571042428927e-16,
      1.7309627060364182e-12,
      0.42292257703863056,
      -0.4229225770403631
    ],
    [
      -5.790086307474226e-05,
      0.0002901067750795713,
      -1.9748635923008492e-12,
      0.5571354272741464,
      -3.81246165559152e-16,
      0.4885521084356624,
      -0.2440668838149926,
      -0.24406688381199368
    ],
    [
      -7.894448438556943e-17,
      -9.739403261823739e-17,
      -1.253524795789399e-16,
      1.7369824956113026e-16,
      0.999999994278393,
      1.3109955221336594e-16,
      5.890459694547379e-17,
      -1.5037376463334142e-17
    ],
    [
      0.2334461239539981,
      -1.4478016776925646,
      8.612434001060997e-15,
      -0.002858394860781304,
      -2.3991033920304827e-16,
      0.7555084543736174,
      0.7520641917790469,
      0.7520641917790607
    ],
    [
      0.0006235607178160319,
      -0.004340942699183432,
      -1.5593898916557028e-13,
      1.1532213635772903,
      1.5329986650221776e-16,
      -1.019680718707862,
      0.5130224676405669,
      0.5130224676403287
    ],
    [
      -1.947760856940782e-15,
      1.1367878403754025e-14,
      1.153758897911788,
      1.5488072256503406e-13,
      2.418516224543104e-16,
      -1.433140906258247e-13,
      -0.8853788187469861,
      0.8853788187471121
    ]
  ],