{
  "atoms": [
    6,
    1,
    1,
    1
  ],
  "coord": [
    0.0,
    0.0,
    0.0,
    0.0,
    2.039014488471206,
    0.0,
    1.7650042004004696,
    -1.0185623811732902,
    0.0,
    -1.7650042004004696,
    -1.0185623811732902,
    0.0
  ],
  "energy": -39.072137487269686,
  "td_energies": [
    0
  ],
  "nmr_shielding": [
    [
      251.8627779236036,
      -30.262882433158808,
      -87.40223651756155,
      221.5998954904448,
      164.46054140604207
    ],
    [
      31.166881008762306,
      0.03010704835762416,
      -1.5821970279455477,
      31.19698805711993,
      29.58468398081676
    ],
    [
      31.18111901627248,
      0.028098448977979047,
      -1.5894479101893098,
      31.209217465250457,
      29.59167110608317
    ],
    [
      31.181119016272476,
      0.028098448977971868,
      -1.5894479101893093,
      31.209217465250447,
      29.591671106083165
    ]
  ],
  "grad": [
    2.64787363e-315,
    0.0,
    2.65265853e-315,
    2.65265853e-315,
    2.65265857e-315,
    6.9527192090985e-310,
    0.0,
    5e-324,
    6.9528666660616e-310,
    2.566669923e-315,
    2.56667111e-315,
    2.56667182e-315
  ],
  "nac": [],
  "soc": [],
  "hess": [],
  "json": {
    "scf_type": "rohf",
    "basis": "sto-3g",
    "library": ""
  }
}