{
  "atoms": [
    6,
    1,
    1,
    1
  ],
  "coord": [
    0.0,
    0.0,
    0.0,
    0.0,
    2.039014488471206,
    0.0,
    1.7650042004004696,
    -1.0185623811732902,
    0.0,
    -1.7650042004004696,
    -1.0185623811732902,
    0.0
  ],
  "energy": -39.07671001403307,
  "td_energies": [
    0
  ],
  "nmr_shielding": [
    [
      251.87100075383287,
      -26.288499699117363,
      -76.1603316669268,
      225.58250105471552,
      175.71066908690608
    ],
    [
      31.146942863397314,
      0.05459037466175206,
      -1.3828205701801422,
      31.201533238059067,
      29.76412229321717
    ],
    [
      31.16123775033088,
      0.05309538965832883,
      -1.3885522394926728,
      31.214333139989208,
      29.77268551083821
    ],
    [
      31.161237750330884,
      0.05309538965832653,
      -1.388552239492664,
      31.21433313998921,
      29.77268551083822
    ]
  ],
  "grad": [
    6.31057643e-316,
    0.0,
    6.3135123e-316,
    6.3135123e-316,
    6.3135127e-316,
    6.9531436082567e-310,
    0.0,
    5e-324,
    6.9532890100332e-310,
    5.37698283e-316,
    5.3769947e-316,
    5.3770018e-316
  ],
  "nac": [],
  "soc": [],
  "hess": [],
  "json": {
    "scf_type": "uhf",
    "basis": "sto-3g",
    "library": ""
  }
}