{
  "OQP::DM_A": [
    1.038974738153241,
    -0.13056306149833669,
    0.5084237857757004,
    2.818247039307826e-16,
    -1.4051738298516732e-16,
    0.33805250588576596,
    3.3089993590166255e-06,
    5.6579538849919046e-05,
    1.5206207997484813e-16,
    0.3381071315998177,
    7.960768861187559e-17,
    1.459278656419711e-16,
    7.688676453741142e-18,
    -1.5615961793084013e-17,
    0.9999999885567861,
    -0.05149558641908878,
    0.1338208813138601,
    2.555860292318107e-16,
    0.271356581249051,
    -2.0080832378299532e-16,
    0.25327530012586147,
    -0.05152698412386856,
    0.1337992651821595,
    0.23493750940951605,
    -0.1356407987652983,
    -1.375525730755304e-16,
    -0.0733584265285013,
    0.2532073820364416,
    -0.05152698412386903,
    0.13379926518216093,
    -0.2349375094095149,
    -0.13564079876529936,
    8.701371347898601e-17,
    -0.07335842652850201,
    -0.07334327128838715,
    0.25320738203644133
  ],
  "OQP::DM_B": [
    1.030202879519145,
    -0.08891285286047318,
    0.3311746618144262,
    3.3125768774678646e-16,
    -3.525271165345011e-16,
    0.2671135836456029,
    1.3224288008288738e-05,
    1.4212829837124866e-05,
    9.983460214817666e-17,
    0.2671033075363054,
    1.1905394585024016e-16,
    -3.185564705168665e-17,
    -5.044617539140725e-17,
    -1.0941111367036488e-16,
    6.954252221707376e-32,
    -0.060841160416045,
    0.14890776917022766,
    4.794325268968997e-16,
    0.2706116274230626,
    -1.2746051739983316e-16,
    0.34154048164016704,
    -0.060881766568809406,
    0.1489108062935957,
    0.23429045546776003,
    -0.13525505626213774,
    -5.460220940216007e-18,
    -0.06964577277846576,
    0.3413879343154132,
    -0.06088176656881004,
    0.14891080629359807,
    -0.23429045546775829,
    -0.13525505626213877,
    8.30343980735472e-17,
    -0.06964577277846669,
    -0.06961338410588372,
    0.3413879343154126
  ],
  "OQP::FOCK_A": [
    -10.997956244164067,
    -2.9794511418236214,
    -1.5748252802637506,
    -3.0306775486378253e-16,
    -5.576776767649293e-17,
    -0.31693447907643524,
    7.644148454014501e-06,
    0.00013239048598249846,
    -2.478738277833595e-16,
    -0.3166291501462011,
    -7.86474813417823e-17,
    -3.499187521736058e-17,
    3.325812102103019e-17,
    3.6049537753009545e-17,
    -0.3567335643240206,
    -0.7800929115596433,
    -0.7523657060601623,
    -2.310604797851504e-16,
    -0.43816085500712165,
    4.5206665786723476e-17,
    -0.46337859647692525,
    -0.7812295839404673,
    -0.7530342305719835,
    -0.3796293835715161,
    0.21910395346403555,
    2.105606836919945e-17,
    -0.23424145083690784,
    -0.46404042461804274,
    -0.7812295839404673,
    -0.7530342305719835,
    0.37962938357151454,
    0.21910395346403577,
    -4.955393383983027e-17,
    -0.23424145083690762,
    -0.23440193525788633,
    -0.4640404246180432
  ],
  "OQP::FOCK_B": [
    -10.968314702661583,
    -2.945127575362867,
    -1.385443960350897,
    -3.405190072905533e-16,
    -3.488220114613045e-17,
    -0.24053684832858568,
    7.71048062589099e-06,
    0.00016342291741258677,
    -2.0846314368719024e-16,
    -0.24017344766787385,
    -8.342063578831678e-17,
    2.853123058333154e-17,
    4.183111672690538e-17,
    9.352076048274326e-17,
    0.33434573094455455,
    -0.7704397981728568,
    -0.7033317777924639,
    -2.6478424677541574e-16,
    -0.4310757591793286,
    7.726812082829239e-17,
    -0.48571477303208344,
    -0.7715648116319713,
    -0.7039409851709693,
    -0.3734895454072735,
    0.2155625122803222,
    1.0636004753422316e-17,
    -0.22403379452561423,
    -0.4862626499845275,
    -0.7715648116319714,
    -0.7039409851709704,
    0.37348954540727175,
    0.21556251228032275,
    -3.624221005435095e-17,
    -0.22403379452561423,
    -0.22417902175042181,
    -0.4862626499845275
  ],
  "OQP::E_MO_A": [
    -11.005408861207412,
    -0.9062052416052108,
    -0.5388858210823393,
    -0.5386572940431646,
    -0.35673356024184244,
    0.6311909389021791,
    0.7692109942928068,
    0.7698580585358576
  ],
  "OQP::E_MO_B": [
    -10.974099262216633,
    -0.7965848328962352,
    -0.5219875191204063,
    -0.5217670516936065,
    0.3343457271185647,
    0.69442586731894,
    0.7959427917475359,
    0.7965938334793093
  ],
  "OQP::VEC_MO_A": [
    [
      0.9918856135118849,
      0.03694331429178903,
      4.730607096059207e-16,
      -4.4834060732914925e-06,
      1.1389621309593302e-16,
      -0.007358427400078627,
      -0.007365064400509892,
      -0.0073650644005102
    ],
    [
      0.23481411092225402,
      -0.7120806928472136,
      1.1228871069520952e-15,
      0.0001615360704277283,
      1.4440630780965234e-17,
      -0.18811730326074588,
      -0.18837797828872999,
      -0.1883779782887326
    ],
    [
      9.011744836124155e-16,
      -2.0042246618644834e-15,
      -0.5814227004191064,
      -1.2043482958609633e-12,
      -2.5942555468471318e-17,
      -9.669673936405472e-13,
      -0.40407351798333907,
      0.404073517984303
    ],
    [
      5.199138120577994e-05,
      -0.00029586936382595036,
      1.203904328196599e-12,
      -0.5814699028746652,
      5.358023920848293e-16,
      -0.46672554062865734,
      0.23322010587644212,
      0.23322010587477018
    ],
    [
      3.853516128002652e-17,
      -1.5292136272883132e-16,
      -8.0629017857753e-17,
      -1.110496418283289e-16,
      -0.9999999942783928,
      -3.474099406365117e-16,
      3.9422483677809725e-16,
      1.9387990978016362e-16
    ],
    [
      -0.22155840538823013,
      1.4198319705547868,
      -1.6782725412885362e-14,
      0.0020123330673304184,
      6.302440351290918e-17,
      -0.7632317982639164,
      -0.760808415950662,
      -0.7608084159506887
    ],
    [
      0.00043956418297010503,
      -0.0032856158426018234,
      2.5673451904290046e-12,
      1.1411469159142782,
      1.706983699625021e-17,
      -1.030324255614126,
      0.5175748902313382,
      0.5175748902353602
    ],
    [
      -4.407941657104847e-15,
      2.9103234722608134e-14,
      1.141699310568425,
      -2.566663964500198e-12,
      3.4721813039129773e-16,
      2.3059504709936506e-12,
      -0.8941385524189925,
      0.8941385524166408
    ]
  ],