{
  "atoms": [
    6,
    1,
    1,
    1
  ],
  "coord": [
    0.0,
    0.0,
    0.0,
    0.0,
    2.039014488471206,
    0.0,
    1.7650042004004696,
    -1.0185623811732902,
    0.0,
    -1.7650042004004696,
    -1.0185623811732902,
    0.0
  ],
  "energy": -39.29190722364334,
  "td_energies": [
    0
  ],
  "nmr_shielding": [
    [
      252.50040966347828,
      -68.24164543794102,
      -94.46721990936625,
      184.25876422553728,
      158.03318975411202
    ],
    [
      30.829734713455935,
      -0.8886621137101606,
      -1.6454504999828263,
      29.941072599745773,
      29.18428421347311
    ],
    [
      30.844387154196102,
      -0.8937351605387898,
      -1.6530314199055365,
      29.950651993657313,
      29.191355734290568
    ],
    [
      30.844387154196124,
      -0.8937351605387867,
      -1.6530314199055354,
      29.95065199365734,
      29.19135573429059
    ]
  ],
  "grad": [
    0.0,
    0.0,
    0.0,
    0.0,
    0.0,
    0.0,
    0.0,
    0.0,
    0.0,
    0.0,
    0.0,
    0.0
  ],
  "nac": [],
  "soc": [],
  "hess": [],
  "json": {
    "scf_type": "uhf",
    "basis": "sto-3g",
    "library": ""
  }
}