{
  "atoms": [
    6,
    1,
    1,
    1
  ],
  "coord": [
    0.0,
    0.0,
    0.0,
    0.0,
    2.039014488471206,
    0.0,
    1.7650042004004696,
    -1.0185623811732902,
    0.0,
    -1.7650042004004696,
    -1.0185623811732902,
    0.0
  ],
  "energy": -39.29023591797797,
  "td_energies": [
    0
  ],
  "nmr_shielding": [
    [
      252.50388256895835,
      -72.33163878180174,
      -100.39862556964276,
      180.17224378715662,
      152.1052569993156
    ],
    [
      30.833844777872386,
      -0.9374596613016476,
      -1.7370708829085395,
      29.896385116570737,
      29.096773894963846
    ],
    [
      30.848482223167025,
      -0.9430306815409605,
      -1.7454013135091209,
      29.905451541626064,
      29.103080909657905
    ],
    [
      30.848482223167043,
      -0.9430306815409687,
      -1.7454013135091284,
      29.905451541626075,
      29.103080909657915
    ]
  ],
  "grad": [
    0.0,
    0.0,
    0.0,
    0.0,
    0.0,
    0.0,
    0.0,
    0.0,
    0.0,
    0.0,
    0.0,
    0.0
  ],
  "nac": [],
  "soc": [],
  "hess": [],
  "json": {
    "scf_type": "rohf",
    "basis": "sto-3g",
    "library": ""
  }
}