{
  "OQP::DM_A": [
    1.03624526228149,
    -0.11981125198418754,
    0.48183624366849914,
    4.639030140676493e-16,
    -5.603926819512178e-16,
    0.3300607872812789,
    9.04281020948644e-06,
    3.212453447266559e-05,
    7.836341147393957e-16,
    0.33017551944612716,
    8.619717847739797e-17,
    1.0001741615235584e-16,
    -1.5920357531975764e-16,
    -4.831459008271158e-17,
    0.9999999885567865,
    -0.05552424106457897,
    0.13716465682821394,
    4.5810115783674715e-17,
    0.2717181395923363,
    1.0750094730598995e-16,
    0.2630986762029559,
    -0.05555773819618387,
    0.13715872243190974,
    0.23524555783336584,
    -0.13580910066407859,
    -1.7572859551577647e-16,
    -0.07226621468308717,
    0.26303691398232654,
    -0.055557738196183905,
    0.13715872243191027,
    -0.23524555783336504,
    -0.1358091006640797,
    -1.1061131725657104e-16,
    -0.07226621468308732,
    -0.07229811891372029,
    0.26303691398232526
  ],
  "OQP::DM_B": [
    1.0308366592845768,
    -0.09448774645237618,
    0.3757482102325254,
    1.939619344881751e-16,
    2.0526384192395006e-16,
    0.2912667357941065,
    2.7342620730655082e-05,
    -4.924556153718603e-05,
    4.4024821031754554e-16,
    0.2914125639714877,
    1.1326021927399844e-16,
    -2.5240694298997553e-17,
    3.592539647429339e-17,
    9.144855169388813e-17,
    4.617123838041954e-32,
    -0.06136857702270555,
    0.14690560072658332,
    -3.4012271756067163e-16,
    0.2719238655667173,
    7.287285669149175e-17,
    0.3118030197583202,
    -0.06140630170385636,
    0.14693244232845937,
    0.23540914886254924,
    -0.1358929027585385,
    -2.6067074567812135e-17,
    -0.06875653744837132,
    0.31166595798603314,
    -0.061406301703856164,
    0.14693244232845887,
    -0.23540914886254918,
    -0.1358929027585397,
    -8.413870422717244e-17,
    -0.06875653744837132,
    -0.06886130831576581,
    0.31166595798603336
  ],
  "OQP::FOCK_A": [
    -10.001597754172899,
    -2.7377214999540604,
    -1.3081702173767653,
    -7.130902340048587e-17,
    8.436626323042967e-17,
    -0.23049661277847217,
    -1.90454797017755e-05,
    0.00012499635862218,
    -9.942743111566105e-17,
    -0.2303489176735845,
    -1.6452518485514094e-17,
    4.257311330674222e-18,
    3.305754292560095e-17,
    1.0668195247775245e-17,
    -0.17762769232630798,
    -0.7143855792732877,
    -0.5916155631857068,
    -2.4336644398427953e-17,
    -0.31391446271859336,
    -1.0832116270688005e-18,
    -0.3633750468889078,
    -0.7154152173860453,
    -0.5921989656122517,
    -0.2720017648267285,
    0.15700707082916082,
    8.907338842646402e-18,
    -0.18837624278657622,
    -0.3638963452546805,
    -0.7154152173860459,
    -0.5921989656122513,
    0.27200176482672833,
    0.1570070708291612,
    -7.49327758993353e-18,
    -0.18837624278657655,
    -0.18852108636034423,
    -0.36389634525467895
  ],
  "OQP::FOCK_B": [
    -9.98410109288925,
    -2.7217938024039174,
    -1.2207120266084885,
    -2.424902518919093e-17,
    1.485563910719919e-17,
    -0.19574454824937187,
    -7.156600868554623e-06,
    0.00018816176045326015,
    -6.655122653185961e-17,
    -0.1956622079125961,
    -5.8618070501914295e-18,
    -5.7064158710400736e-18,
    -1.0529514256296201e-17,
    -2.2919835996070935e-17,
    0.08909459487498306,
    -0.7103263390215006,
    -0.5683224497594882,
    2.9097638903732684e-19,
    -0.3089705975293858,
    3.300423928930915e-18,
    -0.3652660410474325,
    -0.7113518896086573,
    -0.5688836371854414,
    -0.2677149319091538,
    0.1545468743701146,
    8.89229940188665e-18,
    -0.18279889506563723,
    -0.36574124364422206,
    -0.7113518896086579,
    -0.5688836371854415,
    0.26771493190915363,
    0.15454687437011533,
    1.9066495704591995e-17,
    -0.18279889506563746,
    -0.1829370803732539,
    -0.3657412436442212
  ],
  "OQP::E_MO_A": [
    -10.010317755764028,
    -0.664734963549613,
    -0.3908361892831114,
    -0.39069738417348787,
    -0.17762769029367623,
    0.42294041713250935,
    0.52928801459991,
    0.5298454743782197
  ],
  "OQP::E_MO_B": [
    -9.991943970355917,
    -0.6111171045285955,
    -0.37866602117030207,
    -0.37856126091045894,
    0.08909459385545453,
    0.4640964835906662,
    0.546294460019442,
    0.5469412744698819
  ],
  "OQP::VEC_MO_A": [
    [
      0.99074778929955,
      0.04257046622183501,
      3.272975463507772e-16,
      -2.5255572696389922e-06,
      1.0696805738622919e-16,
      -0.00920828584841451,
      -0.009216073273375284,
      -0.00921607327337526
    ],
    [
      -0.23380345642150757,
      0.6928371387797891,
      3.9605049547124416e-16,
      -0.00023972271825771458,
      -3.4365492091079765e-17,
      0.19830563782284277,
      0.19865081630016893,
      0.19865081630016718
    ],
    [
      1.7457216361621092e-16,
      -4.976151840825571e-16,
      0.57450918717351,
      8.692131603467534e-13,
      2.300374467062796e-18,
      7.146795553140888e-13,
      0.4094722285799737,
      -0.40947222858068805
    ],
    [
      -7.742319992092115e-05,
      0.000344987800815485,
      -8.682079549056433e-13,
      0.5746088207598432,
      -6.709988651519457e-16,
      0.4729577570282664,
      -0.23626763636474055,
      -0.23626763636350223
    ],
    [
      1.483650669969829e-17,
      -6.201328790197043e-17,
      9.780827391544834e-17,
      -3.1010942431880947e-16,
      -0.999999994278393,
      -5.80191334136478e-17,
      1.6775345296817955e-17,
      1.0721284886291696e-16
    ],
    [
      0.22763475278208864,
      -1.429163854428942,
      4.074769037897024e-15,
      -0.0022180813140436463,
      -1.3553623406851594e-16,
      0.7607548014251436,
      0.7581070375805269,
      0.7581070375805331
    ],
    [
      -0.0004847606653245725,
      0.0035272831724402465,
      2.1325129621829793e-12,
      -1.144616675134092,
      -1.4694802731455994e-16,
      1.0273845530071855,
      -0.5162843966265451,
      -0.5162843966232258
    ],
    [
      1.722721771261119e-16,
      3.5957461113947674e-16,
      -1.1451938116180571,
      -2.1302236305112005e-12,
      -1.5217026465230585e-16,
      1.915436433007943e-12,
      0.8916791199054723,
      -0.8916791199073886
    ]
  ],