{
  "OQP::DM_A": [
    1.0335638289730982,
    -0.10714616716241435,
    0.42818118776105546,
    6.094718326118759e-16,
    -2.5156011296865834e-16,
    0.3103458471387584,
    1.7897624399009305e-05,
    -7.862796355035372e-06,
    9.544423870624689e-16,
    0.3104725719042269,
    1.2613580558616742e-16,
    -1.5202143943949886e-16,
    -2.1244548692188013e-17,
    -1.38886129678615e-16,
    0.9999999885567858,
    -0.05858770132496664,
    0.1429425254971099,
    3.046588583652048e-16,
    0.27215241639334703,
    -1.3807832154965606e-16,
    0.28680379589892113,
    -0.05862297004755334,
    0.14295056533049386,
    0.2356139367796478,
    -0.1360151194636238,
    2.2593908791040197e-16,
    -0.07098604649714411,
    0.28670545441912093,
    -0.05862297004755347,
    0.14295056533049433,
    -0.23561393677964748,
    -0.13601511946362438,
    1.2239844684634723e-16,
    -0.07098604649714381,
    -0.07104979003873778,
    0.28670545441911977
  ],
  "OQP::DM_B": [
    1.0335638289730982,
    -0.10714616716241435,
    0.42818118776105546,
    6.094718326118759e-16,
    -2.5156011296865834e-16,
    0.3103458471387584,
    1.7897624399009305e-05,
    -7.862796355035372e-06,
    9.544423870624689e-16,
    0.3104725719042269,
    2.1125826497856766e-16,
    -4.778219555092978e-20,
    -5.172451517006214e-18,
    -1.9347429072822874e-16,
    1.6498165930619699e-31,
    -0.05858770132496664,
    0.1429425254971099,
    3.046588583652048e-16,
    0.27215241639334703,
    -1.7440339406529364e-16,
    0.28680379589892113,
    -0.05862297004755334,
    0.14295056533049386,
    0.2356139367796478,
    -0.1360151194636238,
    7.602105582258845e-17,
    -0.07098604649714411,
    0.28670545441912093,
    -0.05862297004755347,
    0.14295056533049433,
    -0.23561393677964748,
    -0.13601511946362438,
    8.387488519365616e-17,
    -0.07098604649714381,
    -0.07104979003873778,
    0.28670545441911977
  ],
  "OQP::FOCK_A": [
    -9.999802936954145,
    -2.7370324568585094,
    -1.3025389372137437,
    -9.720798504161761e-17,
    1.3310681218936005e-16,
    -0.2255307684675122,
    -1.857704342949831e-05,
    0.0001322247833986653,
    -9.657625497104191e-17,
    -0.22537987017684924,
    -2.226648699287418e-17,
    1.1770799768785415e-17,
    3.704845170050315e-18,
    1.906899429813468e-17,
    -0.17471498182852996,
    -0.7141943385253253,
    -0.5911443860862095,
    -1.24398637003314e-18,
    -0.314439316433287,
    1.7067548935773837e-17,
    -0.3688047461827718,
    -0.7152237517816338,
    -0.591726630483458,
    -0.2724558816439152,
    0.15727067947354334,
    -1.0535369841075878e-17,
    -0.18861031155632257,
    -0.3693128242515427,
    -0.7152237517816341,
    -0.591726630483458,
    0.2724558816439152,
    0.1572706794735435,
    -8.912311259118626e-18,
    -0.18861031155632293,
    -0.18875401872279782,
    -0.369312824251541
  ],
  "OQP::FOCK_B": [
    -9.985530734658854,
    -2.722374262971137,
    -1.2270432367905877,
    -9.903088266217012e-17,
    1.449577569961339e-16,
    -0.200739573460899,
    -8.455687556505383e-06,
    0.00017612326608973974,
    -1.1915979323062454e-16,
    -0.20064979557674834,
    -5.128249204468288e-17,
    -6.448771527563851e-18,
    -4.194137981350364e-18,
    3.47069831079031e-17,
    0.08474298439074268,
    -0.7104887103636871,
    -0.5690161947270227,
    -1.1069288820871577e-17,
    -0.30848137121081176,
    1.9557411776178816e-17,
    -0.359977339447414,
    -0.7115143734814737,
    -0.5695781902963795,
    -0.26729174840061987,
    0.15429981775781537,
    -2.0057010579622192e-17,
    -0.18261721552284108,
    -0.3604665881458227,
    -0.7115143734814741,
    -0.5695781902963793,
    0.26729174840062,
    0.15429981775781557,
    -1.2733436073174324e-17,
    -0.18261721552284127,
    -0.18275655325161022,
    -0.3604665881458216
  ],
  "OQP::E_MO_A": [
    -10.00094141845817,
    -0.6373526552356308,
    -0.38457610814364895,
    -0.38445250752376237,
    -0.044986011327662064,
    0.44243713805895496,
    0.5375610134759877,
    0.5381568309112238
  ],
  "OQP::E_MO_B": [
    -10.00094141845817,
    -0.6373526552356308,
    -0.38457610814364895,
    -0.38445250752376237,
    -0.044986011327662064,
    0.44243713805895496,
    0.5375610134759877,
    0.5381568309112238
  ],
  "OQP::VEC_MO_A": [
    [
      0.9910208198715115,
      0.04134118259012692,
      5.954449483621824e-16,
      -3.3127444333210054e-06,
      2.1012297816955068e-16,
      -0.008911246322435683,
      -0.008919361233352538,
      -0.008919361233352623
    ],
    [
      0.2268073121981239,
      -0.6530482254693094,
      -2.4624024209702622e-17,
      0.00029429284841875206,
      1.319896929808232e-17,
      -0.2192015668351682,
      -0.21958573534260611,
      -0.21958573534260614
    ],
    [
      -4.631724379464346e-16,
      1.5317264737428008e-15,
      0.5570869296068239,
      3.462802717799925e-12,
      -9.284819376140204e-18,
      3.035169962827649e-12,
      0.42293926541247895,
      -0.4229392654155095
    ],
    [
      -8.177871409245512e-05,
      0.00033105058713813444,
      -3.4603834863225716e-12,
      0.5572005790422081,
      -3.472312956661255e-16,
      0.4885438144986684,
      -0.24398848747576093,
      -0.2439884874705051
    ],
    [
      -8.512245987943753e-17,
      -1.5197365811348149e-16,
      -1.6072097267140026e-17,
      5.4588161361945755e-17,
      0.9999999942783929,
      3.63250727234754e-17,
      1.4991803294558558e-16,
      3.852356187310774e-17
    ],
    [
      -0.23345017849982672,
      1.4478133580572738,
      5.693313952388611e-15,
      0.002269369285116826,
      2.6828666474849845e-16,
      -0.7549561840955423,
      -0.7523369836563677,
      -0.7523369836563596
    ],
    [
      0.0004950588926366424,
      -0.003566719238959295,
      -1.0641181371827373e-12,
      1.1531911746570636,
      9.01429734486337e-17,
      -1.0200996080285303,
      0.5126466310016403,
      0.5126466310000084
    ],
    [
      1.2959059925762853e-15,
      -9.367771096932452e-15,
      1.1537693986132165,
      1.0623130202103186e-12,
      2.0147101672783754e-16,
      -9.370817346767747e-13,
      -0.8853708469482592,
      0.8853708469492109
    ]
  ],