{
  "OQP::DM_A": [
    1.0362478762544685,
    -0.11982242174085182,
    0.48187347516652884,
    3.350398811322111e-16,
    -8.926506939641794e-16,
    0.3300979567446316,
    4.931083930416716e-06,
    4.207574009169079e-05,
    9.166714669327405e-16,
    0.3301399458307191,
    3.8503089791739656e-17,
    9.189468994169117e-17,
    1.9879799629036684e-16,
    -1.457549315602453e-17,
    0.999999988556787,
    -0.05551850315383706,
    0.137160373328872,
    5.601461703364459e-16,
    0.27171802846977305,
    -6.58088975167482e-17,
    0.2631121921044934,
    -0.05555535519825875,
    0.13715409687786356,
    0.2352443322490583,
    -0.13581124516261445,
    -1.6921133357272254e-16,
    -0.0722868588108508,
    0.2630207054859548,
    -0.05555535519825885,
    0.1371540968778653,
    -0.23524433224905678,
    -0.13581124516261525,
    9.486276008971663e-17,
    -0.07228685881085109,
    -0.0722730745850129,
    0.26302070548595247
  ],
  "OQP::DM_B": [
    1.0308372591458674,
    -0.09449088841753546,
    0.3757642244092977,
    2.589772947096407e-16,
    1.8634100473148802e-16,
    0.2912843941697261,
    9.453241461630993e-06,
    2.2862890855948535e-05,
    3.999831409377837e-16,
    0.2913029316298519,
    1.152311565806107e-16,
    -3.1308752000951967e-17,
    1.1170381240964454e-16,
    -6.4555504230022684e-18,
    5.703346038838453e-32,
    -0.061365034426616075,
    0.14691833484500216,
    -4.217348934743927e-17,
    0.2719106653766132,
    -2.0869925088687067e-17,
    0.31182845626682987,
    -0.0614074389178884,
    0.14692465258498444,
    0.23540960637884642,
    -0.13590119993092661,
    7.843884994309309e-17,
    -0.06881959484204514,
    0.3117046741279691,
    -0.06140743891788847,
    0.14692465258498463,
    -0.2354096063788461,
    -0.13590119993092775,
    -1.0211425236316103e-16,
    -0.06881959484204535,
    -0.06880100269282513,
    0.3117046741279693
  ],
  "OQP::FOCK_A": [
    -10.00160393428466,
    -2.737698527557818,
    -1.3081747782792124,
    -2.5513039407788235e-17,
    1.6583775676788904e-16,
    -0.23052521264431003,
    8.308948406538981e-06,
    0.00010647743091437955,
    -1.118284764037452e-16,
    -0.2303054513100246,
    3.766354614519896e-18,
    1.1063603130953712e-17,
    1.467430334889078e-17,
    5.746347888082716e-18,
    -0.17762713926622187,
    -0.7143674297165369,
    -0.5916182285198699,
    -2.3966771636558533e-17,
    -0.3138871063272515,
    9.68099618703541e-18,
    -0.3633880981868207,
    -0.7154116978980642,
    -0.5921895035847208,
    -0.2719988878220392,
    0.15698236856151468,
    1.2112551553893994e-17,
    -0.1883781926673071,
    -0.36388012623006816,
    -0.7154116978980649,
    -0.5921895035847211,
    0.2719988878220389,
    0.15698236856151512,
    -1.1079979253455883e-17,
    -0.18837819266730754,
    -0.18851433274647014,
    -0.3638801262300662
  ],
  "OQP::FOCK_B": [
    -9.98410614624257,
    -2.72178935562404,
    -1.2207187866580114,
    -5.0826228252814485e-17,
    8.973665486842254e-17,
    -0.19576795640780353,
    9.207733756136419e-06,
    0.00011606582072912048,
    -1.0585465263201644e-16,
    -0.19553943997190965,
    -1.5420327758173152e-17,
    1.4822047460872848e-17,
    -3.720556466171329e-17,
    -6.835459759359278e-18,
    0.08899196347614247,
    -0.7103111008696547,
    -0.5683275900566129,
    3.978296279247006e-18,
    -0.3089425416854083,
    9.262076104659571e-18,
    -0.3652779406984614,
    -0.7113501247940945,
    -0.5688719798941938,
    -0.26771289000608234,
    0.15451014399325458,
    -1.7685971005161622e-17,
    -0.18280034703965314,
    -0.36573607463026436,
    -0.711350124794095,
    -0.5688719798941938,
    0.2677128900060822,
    0.15451014399325522,
    2.417031283056316e-17,
    -0.1828003470396535,
    -0.1829299043094198,
    -0.36573607463026386
  ],
  "OQP::E_MO_A": [
    -10.01032236312172,
    -0.6647417916561836,
    -0.39083974841699437,
    -0.390654245807208,
    -0.17762713723359644,
    0.4229036155395844,
    0.5292249230546631,
    0.5298112676552219
  ],
  "OQP::E_MO_B": [
    -9.991948926107478,
    -0.6111172537726021,
    -0.37867168038054994,
    -0.378491025570814,
    0.08899196245778838,
    0.4640489762558843,
    0.546304977933314,
    0.5468982249568928
  ],
  "OQP::VEC_MO_A": [
    [
      0.9907486402600769,
      0.0425669345544755,
      2.0628179860097579e-16,
      -5.534164819880356e-06,
      1.0491130861656534e-16,
      -0.009207293123434712,
      -0.009215741381400562,
      -0.009215741381400371
    ],
    [
      0.2338054456674042,
      -0.6928642427265925,
      -4.966246539549803e-16,
      0.00018524796916228657,
      3.864178436814816e-17,
      -0.19832441033291448,
      -0.19861992167219528,
      -0.19861992167219458
    ],
    [
      4.2950705724128536e-16,
      -1.907836507542596e-15,
      0.5745415008434918,
      3.172139995278611e-13,
      -4.23100790372201e-16,
      2.5976401869980764e-13,
      0.4094470679347865,
      -0.4094470679350438
    ],
    [
      -5.724482177074404e-05,
      0.0002969500745270414,
      -3.1504705923807997e-13,
      0.5745779246129226,
      5.866259379493918e-17,
      0.4729641204331263,
      -0.23630299255990497,
      -0.23630299255945486
    ],
    [
      1.728467452634896e-17,
      -7.191924453070207e-17,
      -3.691339583247263e-16,
      1.286289714338099e-16,
      -0.9999999942783927,
      -7.397870380246823e-17,
      7.468057069067101e-17,
      7.27774946474544e-17
    ],
    [
      -0.22762887621431857,
      1.4291498893055132,
      6.780703699367319e-15,
      0.0025016376325014515,
      1.3070487387242265e-16,
      -0.7610194391062476,
      -0.7579796783111817,
      -0.7579796783111729
    ],
    [
      -0.0005447325202103275,
      0.003889983097315326,
      2.5136351754086654e-12,
      -1.1446316102822522,
      -2.9212104799060846e-17,
      1.0271819966333895,
      -0.5164670727608963,
      -0.5164670727569839
    ],
    [
      -2.215032712921097e-15,
      1.5404105589872337e-14,
      -1.1451776002540257,
      -2.511060563285294e-12,
      8.831993225588349e-17,
      2.250111439234277e-12,
      0.8916906736156447,
      -0.8916906736179186
    ]
  ],