{
  "atoms": [
    8,
    1,
    1
  ],
  "coord": [
    0.0,
    0.0,
    -0.07759509131153179,
    -1.007591253013608,
    1.007591253013608,
    -1.1611785434815982,
    1.007591253013608,
    -1.007591253013608,
    -1.1611785434815982
  ],
  "energy": -74.96091548019473,
  "td_energies": [
    0
  ],
  "nmr_shielding": [
    [
      377.9948154209034,
      27.905972651688767,
      -6.302585819510263,
      405.9007880725922,
      371.69222960139314
    ],
    [
      30.978350760225464,
      2.365277492168772,
      3.009724868380669,
      33.34362825239423,
      33.98807562860613
    ],
    [
      30.978350760225567,
      2.3652774921688646,
      3.0097248683808444,
      33.34362825239443,
      33.98807562860641
    ]
  ],
  "grad": [
    1.78690442e-315,
    0.0,
    1.03e-321,
    1.76939034e-315,
    8.097894e-318,
    1.1533323559962628e-219,
    1.55807032795542e-307,
    1.762457123016e-312,
    1.265e-321
  ],
  "nac": [],
  "soc": [],
  "hess": [],
  "json": {
    "scf_type": "rhf",
    "basis": "sto-3g",
    "library": ""
  }
}