{
  "OQP::DM_A": [
    2.106523542572111,
    -0.44880259486655616,
    1.9973983911192554,
    -6.613874639943171e-16,
    1.9444042381541517e-15,
    1.3701518266802388,
    -4.933952821619822e-16,
    -7.719786967459341e-16,
    0.6298481475576733,
    1.3701518266802393,
    -0.10852000265483293,
    0.6164684999186181,
    -3.431476868871373e-16,
    -9.842525347727918e-16,
    1.2363520984494576,
    -0.02746488039492806,
    -0.050154819438757325,
    -0.3796783177328743,
    0.37967831773287314,
    -0.4775998846515979,
    0.595179783013403,
    -0.027464880394927515,
    -0.050154819438761655,
    0.37967831773287314,
    -0.3796783177328736,
    -0.4775998846516002,
    -0.1837201685703752,
    0.5951797830134034
  ],
  "OQP::FOCK_A": [
    -18.88470745434952,
    -4.857637658316339,
    -2.0766835551714244,
    1.0107182296354616e-16,
    1.9808174205303648e-16,
    -0.20675778986482107,
    4.914018756445065e-17,
    -8.640958378757294e-17,
    0.04991995995960771,
    -0.2067577898648214,
    0.02482559866830288,
    0.16544957990977083,
    5.875123360171942e-17,
    -3.9432725912902858e-19,
    -0.2143097893390138,
    -1.1465825671498404,
    -0.849863498073013,
    0.2037517686049989,
    -0.20375176860499886,
    0.27480823924787123,
    -0.4824493571638682,
    -1.1465825671498406,
    -0.8498634980730113,
    -0.20375176860499872,
    0.20375176860499894,
    0.2748082392478712,
    -0.3329970983082813,
    -0.48244935716386633
  ],
  "OQP::E_MO_A": [
    -18.894923834645343,
    -0.9632336298608041,
    -0.462654308158125,
    -0.24145207085100132,
    -0.1568375124954908,
    0.38380992549024967,
    0.5049753642951484
  ],
  "OQP::VEC_MO_A": [
    [
      -0.9934448040752358,
      -0.029890458148284373,
      8.821227745926916e-17,
      3.9639293837518406e-16,
      0.004887654714815934,
      0.007234113005213089,
      0.007234113005213286
    ],
    [
      0.22738116970352434,
      -0.7976929964747549,
      -1.5760377260904416e-18,
      -8.73269503447425e-17,
      0.18868980471480495,
      -0.17253894115561108,
      -0.1725389411556085
    ],
    [
      1.7838961122262283e-16,
      -1.606420860794371e-15,
      0.4302045092518689,
      -0.4302045092518691,
      -3.7749899916847965e-15,
      -0.4412765435596407,
      0.44127654355964324
    ],
    [
      -0.12094211923986159,
      0.6012417479237782,
      2.2272721908075384e-15,
      -2.4290274000767743e-15,
      0.7632485294141131,
      -0.2702644723316152,
      -0.270264472331613
    ],
    [
      7.081580876344425e-17,
      -4.603860603989767e-16,
      -0.7071067766324107,
      -0.7071067766324108,
      3.502329888017871e-16,
      4.965105779175926e-16,
      1.4752257183648656e-16
    ],
    [
      -0.13290113144712498,
      0.8930753065145127,
      -2.5325286137279732e-15,
      2.0906244313449093e-15,
      -0.7447577753557291,
      -0.8036763278449854,
      -0.8036763278449802
    ],
    [
      1.2645053019648915e-16,
      -1.548755066075813e-15,
      -0.7053412122851443,
      0.7053412122851441,
      2.3688067954440594e-15,
      -0.8485553239441527,
      0.8485553239441571
    ]
  ],
  "OQP::Hcore": [
    -32.732482022928664,
    -7.615541572614395,
    -9.345273717046076,
    -9.75781955236954e-19,
    2.7755575615628914e-17,
    -7.547234382929913,
    9.75781955236954e-19,
    -2.7755575615628914e-17,
    0.08104202374632383,
    -7.547234382929913,
    0.019187550486329488,
    0.22484428226622394,
    -3.469446951953614e-18,
    3.469446951953614e-18,
    -7.559919685486081,
    -1.7916472222992974,
    -3.804603549526023,
    1.4622138306661583,
    -1.4622138306661583,
    1.6461702653421415,
    -5.116093746748721,
    -1.7916472222992974,
    -3.804603549526023,
    -1.4622138306661583,
    1.4622138306661583,
    1.6461702653421415,
    -1.634292400949029,
    -5.116093746748721
  ],
  "OQP::SM": [
    1.000000044116545,
    0.2367039165202453,
    0.9999999533892552,
    0.0,
    0.0,
    1.0000000128810445,
    0.0,
    0.0,
    0.0,
    1.0000000128810445,
    5.061745502636914e-18,
    0.0,
    0.0,
    0.0,
    1.0000000128810445,
    0.05525902643740193,
    0.481321539395847,
    -0.2233793108474924,
    0.2233793108474924,
    -0.24022650461439363,
    1.000000042412657,
    0.05525902643740193,
    0.481321539395847,
    0.2233793108474924,
    -0.2233793108474924,
    -0.24022650461439363,
    0.2538219710332289,
    1.000000042412657
  ],
  "OQP::TM": [
    29.003205606832495,
    -0.16801095510877107,
    0.8081278427330123,
    0.0,
    0.0,
    2.528731129508424,
    0.0,
    0.0,
    0.0,
    2.528731129508424,
    -3.2730448666116984e-17,
    0.0,
    0.0,
    0.0,
    2.5287311295084236,
    -0.0017951893673237513,
    0.1334213853169795,
    -0.1643265246889191,
    0.1643265246889191,
    -0.17671997684871105,
    0.7600318892959149,
    -0.0017951893673237513,
    0.1334213853169795,
    0.1643265246889191,
    -0.1643265246889191,
    -0.17671997684871105,
    0.008960198969630385,
    0.7600318892959149
  ],
  "atoms": [
    8,
    1,
    1
  ],
  "coord": [
    0.0,
    0.0,
    -0.07759509131153179,
    -1.007591253013608,
    1.007591253013608,
    -1.1611785434815982,
    1.007591253013608,
    -1.007591253013608,
    -1.1611785434815982
  ],
  "energy": -75.24243066857761,
  "td_energies": [
    0
  ],
  "nmr_shielding": [
    [
      377.9007181598441,
      -6.810128196909733,
      -26.01434479217458,
      371.09058996293436,
      351.8863733676695
    ],
    [
      30.833369375878803,
      3.037645317074222,
      3.351821430855351,
      33.871014692953025,
      34.185190806734155
    ],
    [
      30.833369375878764,
      3.037645317074235,
      3.3518214308553644,
      33.871014692953,
      34.18519080673413
    ]
  ],
  "grad": [
    3.564473756e-315,
    0.0,
    3.56645563e-315,
    3.56579722e-315,
    3.560229376e-315,
    3.56010487e-315,
    3.560783915e-315,
    3.560783915e-315,
    3.95e-322
  ],
  "nac": [],
  "soc": [],
  "hess": [],
  "json": {
    "scf_type": "rhf",
    "basis": "sto-3g",
    "library": ""
  }
}