{
  "OQP::DM_A": [
    2.10651260211377,
    -0.44874626602547973,
    1.9971353714767976,
    -3.09790401383174e-16,
    1.8159809485225075e-15,
    1.3701474061738688,
    -8.463888372795852e-16,
    -8.759490700379626e-16,
    0.6298525680640452,
    1.3701474061738668,
    -0.10855600056512822,
    0.6166140860796705,
    1.1225973970925683e-16,
    -1.5464099868636101e-16,
    1.2362921911413194,
    -0.027493407568546516,
    -0.050067049990837484,
    -0.3796787096030444,
    0.37967870960304484,
    -0.47760671498812685,
    0.5952402544654569,
    -0.02749340756854595,
    -0.05006704999083967,
    0.37967870960304273,
    -0.3796787096030438,
    -0.47760671498812945,
    -0.18367060701726054,
    0.5952402544654557
  ],
  "OQP::FOCK_A": [
    -18.88482380671337,
    -4.857655610108613,
    -2.0765501966103312,
    2.6783286051235217e-17,
    1.2623372038441705e-16,
    -0.2066883808101463,
    1.1325854502798213e-16,
    -1.8313564179143415e-17,
    0.04996367273453041,
    -0.20668838081014618,
    0.024821888750496797,
    0.16536857586342676,
    3.6817409011409606e-17,
    -3.043737157404001e-17,
    -0.21422951073201757,
    -1.1465862815534327,
    -0.8498244540829353,
    0.20372107727930755,
    -0.2037210772793078,
    0.2747514536898041,
    -0.48244533315589594,
    -1.146586281553433,
    -0.8498244540829343,
    -0.20372107727930755,
    0.203721077279308,
    0.274751453689805,
    -0.33300037241081915,
    -0.482445333155893
  ],
  "OQP::E_MO_A": [
    -18.89503948880998,
    -0.9630918459761841,
    -0.46259534344251946,
    -0.24140874763787573,
    -0.1567243912001774,
    0.3838213895394018,
    0.5048644871051092
  ],
  "OQP::VEC_MO_A": [
    [
      -0.9934450909124959,
      -0.029889190189429128,
      -2.312298251089627e-17,
      5.082126286688856e-16,
      0.004887178177523227,
      0.007233777850904741,
      0.007233777850904771
    ],
    [
      0.2273704350946064,
      -0.7976219617387169,
      9.309645488395673e-16,
      -1.0233211098032532e-15,
      0.18860244610975288,
      -0.1726088961342069,
      -0.1726088961342035
    ],
    [
      -1.2824328867793498e-15,
      5.665926052115492e-15,
      0.43020194040410303,
      -0.43020194040410353,
      2.6601701567375616e-15,
      -0.441279633985844,
      0.4412796339858412
    ],
    [
      -0.1209373294050986,
      0.6012266862010532,
      -1.7799357334444115e-15,
      1.5235100885870631e-15,
      0.7632505017237385,
      -0.2702707037312449,
      -0.2702707037312505
    ],
    [
      7.508906465219967e-17,
      -3.995289070806025e-16,
      -0.7071067766324114,
      -0.7071067766324104,
      -1.340492925875279e-16,
      3.999747495798526e-17,
      2.582462401561016e-16
    ],
    [
      -0.1329217099239135,
      0.8931489309892392,
      -1.059187423544721e-14,
      1.0369346523953795e-14,
      -0.744777884746106,
      -0.8036592136516099,
      -0.8036592136515863
    ],
    [
      1.672192296814738e-15,
      -1.1877432248021429e-14,
      -0.7053427790805415,
      0.7053427790805424,
      1.0695022986939642e-14,
      -0.8485537168142134,
      0.8485537168142359
    ]
  ],
  "OQP::Hcore": [
    -32.732482022928664,
    -7.615541572614395,
    -9.345273717046076,
    -9.75781955236954e-19,
    2.7755575615628914e-17,
    -7.547234382929913,
    9.75781955236954e-19,
    -2.7755575615628914e-17,
    0.08104202374632383,
    -7.547234382929913,
    0.019187550486329488,
    0.22484428226622394,
    -3.469446951953614e-18,
    3.469446951953614e-18,
    -7.559919685486081,
    -1.7916472222992974,
    -3.804603549526023,
    1.4622138306661583,
    -1.4622138306661583,
    1.6461702653421415,
    -5.116093746748721,
    -1.7916472222992974,
    -3.804603549526023,
    -1.4622138306661583,
    1.4622138306661583,
    1.6461702653421415,
    -1.634292400949029,
    -5.116093746748721
  ],
  "OQP::SM": [
    1.000000044116545,
    0.2367039165202453,
    0.9999999533892552,
    0.0,
    0.0,
    1.0000000128810445,
    0.0,
    0.0,
    0.0,
    1.0000000128810445,
    5.061745502636914e-18,
    0.0,
    0.0,
    0.0,
    1.0000000128810445,
    0.05525902643740193,
    0.481321539395847,
    -0.2233793108474924,
    0.2233793108474924,
    -0.24022650461439363,
    1.000000042412657,
    0.05525902643740193,
    0.481321539395847,
    0.2233793108474924,
    -0.2233793108474924,
    -0.24022650461439363,
    0.2538219710332289,
    1.000000042412657
  ],
  "OQP::TM": [
    29.003205606832495,
    -0.16801095510877107,
    0.8081278427330123,
    0.0,
    0.0,
    2.528731129508424,
    0.0,
    0.0,
    0.0,
    2.528731129508424,
    -3.2730448666116984e-17,
    0.0,
    0.0,
    0.0,
    2.5287311295084236,
    -0.0017951893673237513,
    0.1334213853169795,
    -0.1643265246889191,
    0.1643265246889191,
    -0.17671997684871105,
    0.7600318892959149,
    -0.0017951893673237513,
    0.1334213853169795,
    0.1643265246889191,
    -0.1643265246889191,
    -0.17671997684871105,
    0.008960198969630385,
    0.7600318892959149
  ],
  "atoms": [
    8,
    1,
    1
  ],
  "coord": [
    0.0,
    0.0,
    -0.07759509131153179,
    -1.007591253013608,
    1.007591253013608,
    -1.1611785434815982,
    1.007591253013608,
    -1.007591253013608,
    -1.1611785434815982
  ],
  "energy": -75.24164149711899,
  "td_energies": [
    0
  ],
  "nmr_shielding": [
    [
      377.8971065285065,
      51.53447003936598,
      48.99347270132762,
      429.4315765678725,
      426.89057922983415
    ],
    [
      30.836412306948933,
      2.2152678871055875,
      2.3194386937324585,
      33.05168019405452,
      33.155851000681395
    ],
    [
      30.836412306948873,
      2.215267887105559,
      2.31943869373242,
      33.051680194054434,
      33.155851000681295
    ]
  ],
  "grad": [
    3.533164707e-315,
    0.0,
    6.9423083492858e-310,
    3.51348974e-315,
    6.94230834909607e-310,
    6.9423083543292e-310,
    6.9423083543482e-310,
    6.94230835436083e-310,
    6.94230835428494e-310
  ],
  "nac": [],
  "soc": [],
  "hess": [],
  "json": {
    "scf_type": "rhf",
    "basis": "sto-3g",
    "library": ""
  }
}