{
  "atoms": [
    8,
    1,
    1
  ],
  "coord": [
    0.0,
    0.0,
    -0.07759509131153179,
    -1.007591253013608,
    1.007591253013608,
    -1.1611785434815982,
    1.007591253013608,
    -1.007591253013608,
    -1.1611785434815982
  ],
  "energy": -74.96091548019473,
  "td_energies": [
    0
  ],
  "nmr_shielding": [
    [
      411.417615044516,
      -113.63050209798239,
      -230.62948096655984,
      297.7871129465336,
      180.7881340779562
    ],
    [
      28.061826173762654,
      1.7849379812028012,
      3.5058878960468234,
      29.846764154965456,
      31.567714069809476
    ],
    [
      28.061826173762835,
      1.7849379812028676,
      3.5058878960470223,
      29.846764154965705,
      31.567714069809856
    ]
  ],
  "grad": [
    3.78824578e-315,
    0.0,
    3.7879621e-315,
    3.768389904e-315,
    3.78584702e-315,
    3.785949235e-315,
    3.78479826e-315,
    3.78479826e-315,
    3.78621785e-315
  ],
  "nac": [],
  "soc": [],
  "hess": [],
  "json": {
    "scf_type": "rhf",
    "basis": "sto-3g",
    "library": ""
  }
}