{
  "atoms": [
    8,
    1,
    1
  ],
  "coord": [
    0.0,
    0.0,
    -0.07759509131153179,
    -1.007591253013608,
    1.007591253013608,
    -1.1611785434815982,
    1.007591253013608,
    -1.007591253013608,
    -1.1611785434815982
  ],
  "energy": -75.24243949825814,
  "td_energies": [
    0
  ],
  "nmr_shielding": [
    [
      377.9011206680059,
      -6.810140419445328,
      -26.014426816382,
      371.0909802485606,
      351.8866938516239
    ],
    [
      30.83316935258202,
      3.0376425624730516,
      3.351820713999492,
      33.87081191505507,
      34.18499006658151
    ],
    [
      30.833169352581947,
      3.037642562473001,
      3.3518207139994174,
      33.87081191505495,
      34.18499006658136
    ]
  ],
  "grad": [
    0.0,
    0.0,
    0.0,
    0.0,
    0.0,
    0.0,
    0.0,
    0.0,
    0.0
  ],
  "nac": [],
  "soc": [],
  "hess": [],
  "json": {
    "scf_type": "rhf",
    "basis": "sto-3g",
    "library": ""
  }
}