{
  "OQP::DM_A": [
    2.1058134114179277,
    -0.4433410385296735,
    1.956050475271667,
    -1.0024033117015782e-15,
    2.5437642404066402e-15,
    1.3666502052366571,
    -2.896113618275673e-16,
    -4.670094925761934e-16,
    0.6333497690012553,
    1.366650205236658,
    -0.10853661088520983,
    0.6203685915656857,
    2.7453932316327753e-15,
    -4.010366577226732e-15,
    1.258030490214165,
    -0.030102448731730954,
    -0.028292434999031894,
    -0.37997604679013985,
    0.379976046790138,
    -0.46859850831831107,
    0.5935084711246513,
    -0.030102448731729015,
    -0.028292434999044394,
    0.3799760467901405,
    -0.3799760467901414,
    -0.46859850831831373,
    -0.1940639289436488,
    0.5935084711246601
  ],
  "OQP::FOCK_A": [
    -20.230340034749823,
    -5.162934513491102,
    -2.448480198017485,
    3.604842781772364e-16,
    3.7138335352684355e-16,
    -0.3592681451466877,
    2.0860654333082158e-16,
    -3.4947703537157084e-16,
    -0.03191738503661895,
    -0.3592681451466877,
    0.029642126902755372,
    0.13015756755609303,
    -7.020040769132236e-16,
    9.411386005790087e-16,
    -0.3567338281906869,
    -1.2233920590418745,
    -1.0412578019570513,
    0.2830752819582232,
    -0.28307528195822274,
    0.3674092411169052,
    -0.59125015082319,
    -1.2233920590418745,
    -1.0412578019570464,
    -0.28307528195822274,
    0.28307528195822296,
    0.367409241116905,
    -0.401989840431616,
    -0.5912501508231891
  ],
  "OQP::E_MO_A": [
    -20.2392149610493,
    -1.2723505598273777,
    -0.6247986170994136,
    -0.4518256357626706,
    -0.3911854061394736,
    0.6138299466287177,
    0.7571533216175357
  ],
  "OQP::VEC_MO_A": [
    [
      -0.9941028910323049,
      -0.026789893153485397,
      1.8980858610805228e-16,
      3.1916258735638365e-16,
      0.004411611786340963,
      0.006091720248837645,
      0.006091720248838035
    ],
    [
      -0.23249006703566485,
      0.8300901057781125,
      1.7831588934825306e-16,
      2.802678560281826e-16,
      -0.13199474865624536,
      0.1595415216098622,
      0.15954152160985724
    ],
    [
      -9.001577209228196e-16,
      5.933854869557405e-15,
      -0.4281648152976255,
      0.4281648152976274,
      7.412214935758676e-15,
      0.44372637967228357,
      -0.4437263796722939
    ],
    [
      -0.1030267755485393,
      0.5368965967017675,
      4.673878037439477e-15,
      -7.745434349415536e-15,
      0.7820314374216063,
      -0.27270960630691743,
      -0.27270960630691155
    ],
    [
      2.4739827871001664e-16,
      -1.6408094468361643e-15,
      -0.7071067766324113,
      -0.7071067766324105,
      -1.292486685437537e-15,
      1.899912172906892e-15,
      3.446597356611549e-16
    ],
    [
      -0.13423031072383976,
      0.9045758459243679,
      1.272943916470639e-14,
      -1.3612923659626527e-14,
      -0.7374448779878133,
      -0.8055429274743088,
      -0.8055429274743363
    ],
    [
      -2.9411732843689198e-15,
      1.8351089234041934e-14,
      -0.7065812313313081,
      0.7065812313313078,
      -1.1747617231623465e-14,
      -0.8472768294205046,
      0.8472768294204754
    ]
  ],
  "OQP::Hcore": [
    -32.732482022928664,
    -7.615541572614395,
    -9.345273717046076,
    -9.75781955236954e-19,
    2.7755575615628914e-17,
    -7.547234382929913,
    9.75781955236954e-19,
    -2.7755575615628914e-17,
    0.08104202374632383,
    -7.547234382929913,
    0.019187550486329488,
    0.22484428226622394,
    -3.469446951953614e-18,
    3.469446951953614e-18,
    -7.559919685486081,
    -1.7916472222992974,
    -3.804603549526023,
    1.4622138306661583,
    -1.4622138306661583,
    1.6461702653421415,
    -5.116093746748721,
    -1.7916472222992974,
    -3.804603549526023,
    -1.4622138306661583,
    1.4622138306661583,
    1.6461702653421415,
    -1.634292400949029,
    -5.116093746748721
  ],
  "OQP::SM": [
    1.000000044116545,
    0.2367039165202453,
    0.9999999533892552,
    0.0,
    0.0,
    1.0000000128810445,
    0.0,
    0.0,
    0.0,
    1.0000000128810445,
    5.061745502636914e-18,
    0.0,
    0.0,
    0.0,
    1.0000000128810445,
    0.05525902643740193,
    0.481321539395847,
    -0.2233793108474924,
    0.2233793108474924,
    -0.24022650461439363,
    1.000000042412657,
    0.05525902643740193,
    0.481321539395847,
    0.2233793108474924,
    -0.2233793108474924,
    -0.24022650461439363,
    0.2538219710332289,
    1.000000042412657
  ],
  "OQP::TM": [
    29.003205606832495,
    -0.16801095510877107,
    0.8081278427330123,
    0.0,
    0.0,
    2.528731129508424,
    0.0,
    0.0,
    0.0,
    2.528731129508424,
    -3.2730448666116984e-17,
    0.0,
    0.0,
    0.0,
    2.5287311295084236,
    -0.0017951893673237513,
    0.1334213853169795,
    -0.1643265246889191,
    0.1643265246889191,
    -0.17671997684871105,
    0.7600318892959149,
    -0.0017951893673237513,
    0.1334213853169795,
    0.1643265246889191,
    -0.1643265246889191,
    -0.17671997684871105,
    0.008960198969630385,
    0.7600318892959149
  ],
  "atoms": [
    8,
    1,
    1
  ],
  "coord": [
    0.0,
    0.0,
    -0.07759509131153179,
    -1.007591253013608,
    1.007591253013608,
    -1.1611785434815982,
    1.007591253013608,
    -1.007591253013608,
    -1.1611785434815982
  ],
  "energy": -74.96091548019473,
  "td_energies": [
    0
  ],
  "nmr_shielding": [
    [
      377.9948154209034,
      27.905972651688767,
      -6.302585819510263,
      405.9007880725922,
      371.69222960139314
    ],
    [
      30.978350760225464,
      2.365277492168772,
      3.009724868380669,
      33.34362825239423,
      33.98807562860613
    ],
    [
      30.978350760225567,
      2.3652774921688646,
      3.0097248683808444,
      33.34362825239443,
      33.98807562860641
    ]
  ],
  "grad": [
    1.78690442e-315,
    0.0,
    1.03e-321,
    1.76939034e-315,
    8.097894e-318,
    1.1533323559962628e-219,
    1.55807032795542e-307,
    1.762457123016e-312,
    1.265e-321
  ],
  "nac": [],
  "soc": [],
  "hess": [],
  "json": {
    "scf_type": "rhf",
    "basis": "sto-3g",
    "library": ""
  }
}