{
  "atoms": [
    6,
    6,
    1,
    1,
    1,
    1
  ],
  "coord": [
    -3.330335073025665,
    0.009629042513498658,
    -2.850063916113447,
    -3.319910800633151,
    -0.019526639632343832,
    -0.13020432109210647,
    -4.211716715397821,
    1.6213451319136643,
    -3.9361371325095718,
    -2.664025674977003,
    -1.659340248327464,
    -4.004055516216529,
    -2.7005439993776696,
    1.6741914993725469,
    1.0187625750209544,
    -4.165420857868676,
    -1.6360369210859644,
    0.972303519627519
  ],
  "energy": -78.41167076432842,
  "td_energies": [
    -0.05165170848494707,
    0.12873392469619727,
    0.20726494902065348,
    0.23525769602086535,
    0.23927845896112307
  ],
  "grad": [
    0.0023902612779306553,
    0.003305665010816722,
    -0.024964143268793926,
    0.002875354785814188,
    -0.00459568722714121,
    0.024246780515935207,
    0.0031894225223786377,
    0.02840344161484354,
    -0.00867610564682919,
    -0.005768746192888474,
    -0.030799134932092187,
    -0.01095829159851136,
    -0.006768686065767138,
    0.031010154316339023,
    0.011438422716910202,
    0.004055507732580121,
    -0.027326191860606475,
    0.00891488401495244
  ],
  "nac": [],
  "soc": [],
  "hess": []
}