{
  "atoms": [
    6,
    6,
    1,
    1,
    1,
    1
  ],
  "coord": [
    -2.990184135804962,
    0.501612432396655,
    -2.92591770113737,
    -3.4151103091938406,
    -0.038026581566336266,
    -0.40812526903094765,
    -4.9976785396656895,
    0.32016614371926955,
    -3.6964807276627036,
    -2.605148680425348,
    -1.4536395971435612,
    -3.7339095198435586,
    -2.5273141536687067,
    1.1595718632296232,
    0.9884870604001559,
    -4.478498996958738,
    -1.4868543229274804,
    0.6823892320232952
  ],
  "energy": -78.36715174040178,
  "td_energies": [
    0.02860631793843143,
    0.028607012010643824,
    0.21003063717673637,
    0.22160865411164593,
    0.23752343420829033
  ],
  "grad": [
    0.0102981768659558,
    0.018123629011268072,
    0.008860912204412763,
    -0.008334319610774354,
    -0.005109682603929855,
    -0.013271645343340133,
    -0.010005751791118511,
    -0.00873685039855232,
    0.0002707950249649649,
    0.009823302268806733,
    -0.0015724601115705283,
    -0.007176185362731458,
    0.004415470211420969,
    -0.010533503142524214,
    -0.006072623477683781,
    -0.006259034961859866,
    0.0079210767649871,
    0.017370468213816714
  ],
  "nac": [],
  "soc": [],
  "hess": []
}