{
  "atoms": [
    8,
    1,
    1
  ],
  "coord": [
    0.0,
    0.0,
    -0.07759509131153179,
    -1.007591253013608,
    1.007591253013608,
    -1.1611785434815982,
    1.007591253013608,
    -1.007591253013608,
    -1.1611785434815982
  ],
  "energy": -76.07744682035873,
  "td_energies": [
    -0.2834896723414799,
    0.045304512523262605,
    0.1035663148324249
  ],
  "grad": [
    -1.824641884795846e-13,
    1.802819334518601e-13,
    -0.18299357511666692,
    0.08167234991413752,
    -0.08167234991413627,
    0.09150444605910263,
    -0.08167234991396677,
    0.08167234991396682,
    0.09150444605889335
  ],
  "nac": [],
  "soc": [],
  "hess": []
}