{
  "atoms": [
    8,
    1,
    1
  ],
  "coord": [
    3.91236444046138e-14,
    3.7127193003479927e-14,
    -0.07639694530970348,
    -1.0068094801191378,
    1.0068094801191403,
    -1.1627637074723018,
    1.0068094801192076,
    -1.0068094801192176,
    -1.162763707472387
  ],
  "energy": -76.07762141044803,
  "td_energies": [
    -0.28332712187040615,
    0.04529869163044334
  ],
  "grad": [
    -1.827111053599728e-14,
    -3.456984047980893e-14,
    0.0002330977878699514,
    -4.7560750436659305e-05,
    4.756075043776953e-05,
    2.2577721217498237e-05,
    4.756075047729347e-05,
    -4.7560750475295066e-05,
    2.257772117619794e-05
  ],
  "nac": [],
  "soc": [],
  "hess": []
}