{
  "atoms": [
    8,
    1,
    1
  ],
  "coord": [
    0.0,
    0.0,
    -0.07759509131153179,
    -1.007591253013608,
    1.007591253013608,
    -1.1611785434815982,
    1.007591253013608,
    -1.007591253013608,
    -1.1611785434815982
  ],
  "energy": -75.71923072193435,
  "td_energies": [
    0.48061832745314914,
    0.572312651053406,
    1.0534789513759577,
    1.0739331855561451,
    1.140064068827538,
    1.2186783259630491
  ],
  "grad": [
    -4.179707795148868e-15,
    4.083755902883901e-15,
    -0.13477971241014863,
    0.1290120709645206,
    -0.12901207096452172,
    0.06738985620507232,
    -0.12901207096451617,
    0.1290120709645175,
    0.06738985620506832
  ],
  "nac": [],
  "soc": [],
  "hess": []
}