{
  "atoms": [
    8,
    1,
    1
  ],
  "coord": [
    0.0,
    0.0,
    -0.07759509131153179,
    -1.007591253013608,
    1.007591253013608,
    -1.1611785434815982,
    1.007591253013608,
    -1.007591253013608,
    -1.1611785434815982
  ],
  "energy": -76.34830255707621,
  "td_energies": [
    0.30385026138989363,
    0.3783582666344141,
    0.38279625991610305,
    0.46707805143004427,
    0.5517079761812317,
    0.6836517540493942,
    1.0363035139695307,
    1.0659139736581653,
    1.0741153683451592,
    1.113924234428023
  ],
  "grad": [
    2.5266247427602195e-14,
    -2.645670141299128e-15,
    -0.015895321040501287,
    0.08895291629418067,
    -0.08895291629417668,
    0.008072463169836341,
    -0.0889529162941729,
    0.08895291629417268,
    0.008072463169820132
  ],
  "nac": [],
  "soc": [],
  "hess": []
}