{
  "OQP::DM_A": [
    2.0842886887156276,
    -0.178053224226845,
    0.5108574510961317,
    -9.859235294132693e-16,
    3.025737773269595e-16,
    0.6808983869668987,
    6.541692934365548e-16,
    -1.5615177861423355e-16,
    0.15144004990833024,
    0.6808983869669005,
    -0.039160399341723204,
    0.08310346834064769,
    -2.4608376577868397e-16,
    -3.4125950836714814e-16,
    0.6463381554637457,
    -0.2727259365543082,
    0.5580543000647892,
    1.0329112999570637e-15,
    9.103459073767789e-17,
    0.25469388320808617,
    0.6548933134281308,
    6.009379726334019e-16,
    8.749140024574528e-16,
    0.4518898320127127,
    0.20125519060402597,
    -1.0298998849677506e-15,
    1.145013031783104e-15,
    0.3155876322473778,
    -4.430016824612569e-16,
    -7.094240738400525e-16,
    0.20125519060402763,
    0.45188983201271576,
    1.687291147913729e-16,
    -3.296339226892809e-16,
    0.19694236957563074,
    0.3155876322473815,
    -0.03351927493844656,
    0.08921689469685444,
    -1.0481770707953565e-15,
    7.109494654432551e-16,
    0.44722537956614794,
    0.20937039038708824,
    -1.062749338180548e-15,
    5.285939765682022e-16,
    0.31147301013051637,
    -0.039094209499182776,
    0.08544963454305715,
    -0.19477288029724166,
    0.19477288029724182,
    -0.19595472869255048,
    0.039461917291429546,
    -0.09220145872221096,
    0.09220145872221118,
    -0.1286012367833562,
    0.22726761902643242,
    0.0222659580829916,
    -0.038289683197524516,
    -0.09898350887280707,
    0.09898350887280086,
    -0.09849208393001958,
    -0.06600306810001072,
    -0.046856748709513146,
    0.04685674870950832,
    -0.06975848277379927,
    0.09697156287940441,
    0.05335936254278879,
    -0.03909420949918226,
    0.08544963454305607,
    0.19477288029724021,
    -0.1947728802972397,
    -0.1959547286925509,
    0.039461917291428575,
    0.09220145872221117,
    -0.09220145872221065,
    -0.12860123678335791,
    -0.059338311933433995,
    -0.048681469857339905,
    0.22726761902642945,
    0.022265958082989607,
    -0.03828968319752439,
    0.09898350887280553,
    -0.09898350887280244,
    -0.09849208393001709,
    -0.06600306810000973,
    0.04685674870951211,
    -0.046856748709509614,
    -0.06975848277379824,
    -0.048681469857341564,
    -0.02066145717423965,
    0.09697156287940308,
    0.05335936254278807
  ],
  "OQP::FOCK_A": [
    -19.67466026772662,
    -4.942592284758384,
    -1.9608350220802362,
    1.809773577345171e-16,
    -2.1400169007094016e-16,
    -0.12726239291698915,
    -1.3832540038246317e-16,
    1.4434568956725054e-16,
    0.009254438310041354,
    -0.12726239291699293,
    0.027748792632137552,
    0.11666270825299499,
    1.9841257893141075e-16,
    -2.3483115598107425e-17,
    -0.1287059562595977,
    -3.494577999723117,
    -1.8999941781174239,
    -1.3632991327177914e-16,
    1.4133570180058158e-16,
    0.12812205421903278,
    -1.4823721034015505,
    3.492422462745854e-17,
    -1.7310525680479245e-16,
    -0.5564713513462876,
    0.032749380557637146,
    1.553297778112195e-16,
    -2.1073243935141585e-16,
    -0.058633720370841,
    -2.7520341837795352e-17,
    1.1795915423312953e-16,
    0.03274938055763726,
    -0.5564713513462881,
    1.017558713543285e-17,
    1.824792744790766e-16,
    0.10384824340185124,
    -0.05863372037084186,
    0.004316215243333967,
    0.08163654671239061,
    1.1675095452380956e-16,
    -6.670333984631273e-17,
    -0.5634770857580319,
    0.18881477272330618,
    1.375921285034428e-16,
    -8.514259644575004e-17,
    -0.07628609790447236,
    -0.7772956813375067,
    -0.7285035646980441,
    0.28726212734277434,
    -0.2872621273427739,
    0.3281064848880566,
    -0.6479190952149919,
    0.2005163224741277,
    -0.2005163224741286,
    0.23469647803964155,
    -0.25268646098396125,
    -1.4672761692672764,
    -1.0255823392897003,
    0.1435323732423341,
    -0.14353237324233342,
    0.21954764535545881,
    -0.8512165930476142,
    0.07624504195618359,
    -0.07624504195618338,
    0.18873451239015782,
    -0.5921308143109256,
    -0.5428523714859841,
    -0.7772956813375067,
    -0.7285035646980443,
    -0.287262127342773,
    0.287262127342773,
    0.3281064848880572,
    -0.6479190952149905,
    -0.20051632247412826,
    0.20051632247412784,
    0.23469647803964191,
    -0.1671107263278938,
    -0.3448631636916386,
    -0.252686460983959,
    -1.4672761692672767,
    -1.0255823392896999,
    -0.14353237324233353,
    0.14353237324233342,
    0.21954764535545823,
    -0.851216593047616,
    -0.07624504195618378,
    0.07624504195618358,
    0.18873451239015912,
    -0.3448631636916393,
    -0.48439835477185644,
    -0.5921308143109238,
    -0.5428523714859876
  ],
  "OQP::E_MO_A": [
    -19.681764169862983,
    -1.1578816918998285,
    -0.6127747296871487,
    -0.4403187385484672,
    -0.3795907779375797,
    0.10704754584852476,
    0.2007560142079878,
    0.9056675348982506,
    0.9841803008008569,
    0.9939267643414867,
    1.0441641655045641,
    1.1783036253749202,
    1.5144045606238241
  ],