{
  "atoms": [
    8,
    1,
    1
  ],
  "coord": [
    0.0,
    0.0,
    -0.07759509131153179,
    -1.007591253013608,
    1.007591253013608,
    -1.1611785434815982,
    1.007591253013608,
    -1.007591253013608,
    -1.1611785434815982
  ],
  "energy": -75.15222039358143,
  "td_energies": [
    0.2664720290469901,
    0.3335406506279823,
    0.35015748442639477,
    0.4307284232187203,
    0.5312431717574773,
    0.6573746822950716,
    0.9875458634232628,
    1.0176862180290929,
    1.0643405147125495,
    1.0678720711611862
  ],
  "grad": [
    -7.116757270303475e-15,
    1.23524237713446e-14,
    -0.17534898420953127,
    0.09545129671583552,
    -0.09545129671583635,
    0.08767380722457752,
    -0.09545129671582281,
    0.0954512967158222,
    0.08767380722456586
  ],
  "nac": [],
  "soc": [],
  "hess": []
}