{
  "OQP::DM_A": [
    2.0833279168484076,
    -0.17224740594783863,
    0.5047950210978377,
    -8.955607007835363e-16,
    2.4637902922493814e-16,
    0.6857369010405552,
    4.1460027993187493e-16,
    -4.0127517967287227e-16,
    0.1475965013753554,
    0.6857369010405572,
    -0.03873343614492788,
    0.0769662300010566,
    -1.2220146420779157e-15,
    3.2248773548080387e-16,
    0.6507786289303762,
    -0.2766946120190798,
    0.5525876315953021,
    2.4154975033026245e-15,
    1.5071933817318091e-15,
    0.2665401648937312,
    0.6604365219992193,
    8.452649685918578e-16,
    1.2604750738535618e-16,
    0.44653018184255994,
    0.20646582720751183,
    -7.337115834494843e-16,
    1.7174779353595029e-15,
    0.3093885884723744,
    -8.009031447180296e-16,
    -2.0583613410591626e-16,
    0.20646582720750772,
    0.44653018184255705,
    -2.1089962374383254e-16,
    1.313658946533606e-15,
    0.20229591451182705,
    0.3093885884723687,
    -0.035266321561320535,
    0.09085725808363798,
    -1.4434986622832973e-15,
    1.8988745727594746e-16,
    0.4415958197773962,
    0.2213022516468566,
    -8.741089204013825e-16,
    -2.645788378489602e-16,
    0.3026704438622662,
    -0.039246495901823525,
    0.08657718652007391,
    -0.19626189770080357,
    0.19626189770080482,
    -0.19757999507376406,
    0.03522636993186958,
    -0.08755240424302979,
    0.08755240424303075,
    -0.1255305343079151,
    0.22762135579533702,
    0.02198177895587698,
    -0.03469884286369426,
    -0.10768033624118228,
    0.10768033624118221,
    -0.10613146921549818,
    -0.06709040757063217,
    -0.04803618245853121,
    0.04803618245853113,
    -0.07372661464723752,
    0.10579700195723628,
    0.06142387282328461,
    -0.03924649590182408,
    0.0865771865200755,
    0.1962618977008026,
    -0.19626189770080335,
    -0.19757999507376564,
    0.035226369931871206,
    0.08755240424302946,
    -0.08755240424302987,
    -0.12553053430791652,
    -0.05868855524709606,
    -0.05128874851905643,
    0.22762135579533607,
    0.0219817789558755,
    -0.03469884286369442,
    0.10768033624117766,
    -0.10768033624118437,
    -0.10613146921549688,
    -0.06709040757063166,
    0.048036182458528025,
    -0.048036182458533166,
    -0.07372661464723691,
    -0.051288748519056765,
    -0.024762221513641585,
    0.1057970019572342,
    0.06142387282328304
  ],
  "OQP::FOCK_A": [
    -19.194465507653888,
    -4.843255119059238,
    -1.8910279177696339,
    7.576358368194841e-17,
    -2.2901043431571436e-16,
    -0.12885152566602776,
    -3.3390010552929184e-17,
    2.0713201195235438e-16,
    0.019607475283566548,
    -0.12885152566602942,
    0.02651068386284819,
    0.1232436080779635,
    2.6570350722555284e-16,
    -7.096314756551206e-17,
    -0.13165276312205842,
    -3.415534114552312,
    -1.8295305200663807,
    7.01354497716486e-18,
    1.4986737757229093e-16,
    0.13121883540077256,
    -1.4209047620770545,
    3.614669872387831e-18,
    -1.6327886817047529e-16,
    -0.539034294834636,
    0.034717819401546265,
    1.9228492270370466e-16,
    -1.5553844415965948e-16,
    -0.053518004694396604,
    5.142799685070106e-18,
    1.3332979187320793e-16,
    0.034717819401546404,
    -0.539034294834635,
    -2.0759321826803072e-17,
    1.9939221418824563e-16,
    0.10323142517381824,
    -0.053518004694395716,
    0.0039006562378534546,
    0.08009430536016013,
    9.195201494211398e-17,
    -7.143789698963238e-17,
    -0.5461278500172858,
    0.18623443091884573,
    4.294486357481444e-17,
    -5.5292210783023055e-17,
    -0.07101299093179647,
    -0.7584189463288065,
    -0.6992617995912739,
    0.2793089649851565,
    -0.27930896498515606,
    0.319941167702716,
    -0.6231661442224459,
    0.19802721442491739,
    -0.19802721442491825,
    0.23110484909888468,
    -0.24763743344618355,
    -1.433085048785153,
    -0.986743171793777,
    0.14114568747524184,
    -0.14114568747524128,
    0.2184731596157123,
    -0.8171448844635876,
    0.0754739415591221,
    -0.07547394155912192,
    0.18681610236956184,
    -0.5775161827970352,
    -0.5215883749845283,
    -0.7584189463288061,
    -0.6992617995912762,
    -0.2793089649851565,
    0.2793089649851565,
    0.3199411677027172,
    -0.6231661442224463,
    -0.19802721442491664,
    0.19802721442491683,
    0.23110484909888485,
    -0.1585832512232347,
    -0.33133328587090227,
    -0.24763743344618416,
    -1.4330850487851534,
    -0.9867431717937761,
    -0.14114568747524117,
    0.1411456874752418,
    0.21847315961571276,
    -0.8171448844635898,
    -0.07547394155912313,
    0.07547394155912358,
    0.18681610236956359,
    -0.33133328587090116,
    -0.46476933017361255,
    -0.5775161827970332,
    -0.521588374984528
  ],
  "OQP::E_MO_A": [
    -19.202389915686286,
    -1.1009881086803888,
    -0.6038638070663208,
    -0.4225840878553012,
    -0.3621162114752931,
    0.11183653240863269,
    0.20446633350199966,
    0.8895408216512348,
    0.9583680326466105,
    0.9584199584023518,
    1.0251089996470126,
    1.1389459316403736,
    1.4882183391686836
  ],