{
  "atoms": [
    8,
    1,
    1
  ],
  "coord": [
    0.0,
    0.0,
    -0.07759509131153179,
    -1.007591253013608,
    1.007591253013608,
    -1.1611785434815982,
    1.007591253013608,
    -1.007591253013608,
    -1.1611785434815982
  ],
  "energy": -76.05983111683783,
  "td_energies": [
    -0.09189969553193207,
    -0.05459858945426461,
    0.023017482878051096,
    0.10505075375202443,
    0.4184743618940754,
    0.4535444124257089,
    0.5076770956195309,
    0.5460340968386347,
    0.6069198526887595,
    0.6157902695328176
  ],
  "grad": [
    5.657502461300923e-14,
    -6.368763481000295e-14,
    -0.19883078899917384,
    0.09534912947404145,
    -0.09534912947404076,
    0.09941402556575574,
    -0.09534912947410124,
    0.09534912947410129,
    0.09941402556582246
  ],
  "nac": [],
  "soc": [],
  "hess": []
}