{
  "OQP::DM_A": [
    2.083870987564874,
    -0.17419121871171298,
    0.5111567432076782,
    -7.732807766285241e-16,
    -9.387833245413076e-16,
    0.6850319538321707,
    3.624745435805846e-16,
    8.535344592825429e-16,
    0.1490327182251588,
    0.6850319538321684,
    -0.0387330098190816,
    0.0763644239875603,
    -6.687974780837199e-16,
    2.675421807852835e-16,
    0.6477068155378537,
    -0.27908525737968287,
    0.5594429146164509,
    1.9380364774460025e-15,
    1.4230462968179416e-16,
    0.27132553110165814,
    0.6712306522379359,
    1.748880144795612e-15,
    -2.2838023512170492e-15,
    0.4453511211449389,
    0.20753485350364564,
    -1.2839435955669984e-15,
    -1.0682784446711773e-15,
    0.30828987748990394,
    -1.5864540392766826e-15,
    2.1352008855111447e-15,
    0.20753485350364603,
    0.44535112114493913,
    9.481951691956257e-16,
    2.5852608192017382e-15,
    0.2027737248581088,
    0.30828987748990516,
    -0.03463939098860677,
    0.08908381504929012,
    -1.302494085843003e-15,
    3.833328773456563e-16,
    0.4369867302063724,
    0.2223353800425273,
    -1.4812353980674168e-15,
    7.421361325235511e-16,
    0.29763926534763424,
    -0.03922012757407599,
    0.08705964295532796,
    -0.19735945620291806,
    0.19735945620291845,
    -0.20020577303242695,
    0.03295074000089092,
    -0.0875659630460846,
    0.08756596304608552,
    -0.1268227244936128,
    0.23170448819257725,
    0.024373735666857303,
    -0.040051364707413065,
    -0.1075276202878352,
    0.10752762028783276,
    -0.10944357234021936,
    -0.07472417273400099,
    -0.04770868245034617,
    0.04770868245034462,
    -0.07585092223648572,
    0.10697218821366869,
    0.06314007490005358,
    -0.03922012757407618,
    0.08705964295532723,
    0.1973594562029172,
    -0.19735945620291742,
    -0.20020577303242665,
    0.032950740000893076,
    0.08756596304608404,
    -0.08756596304608484,
    -0.12682272449361334,
    -0.05897320211121897,
    -0.051398132167610563,
    0.23170448819257544,
    0.024373735666851786,
    -0.04005136470740651,
    0.10752762028783319,
    -0.10752762028783405,
    -0.10944357234021634,
    -0.07472417273399153,
    0.04770868245034523,
    -0.047708682450346235,
    -0.07585092223648361,
    -0.051398132167609994,
    -0.02314504162009009,
    0.10697218821366834,
    0.06314007490005137
  ],
  "OQP::FOCK_A": [
    -19.11900379286677,
    -4.825444632786135,
    -1.8356368708586235,
    -7.242845004684264e-17,
    -5.948500187574908e-16,
    -0.09538319882109103,
    1.322027249904949e-16,
    4.647080863154301e-16,
    0.03234165649301614,
    -0.09538319882108903,
    0.025991756901323743,
    0.1296410118446439,
    5.203393024612783e-17,
    -4.4130099203028017e-17,
    -0.09937313840911943,
    -3.4032396483167133,
    -1.7523207677211554,
    -3.5250464418563075e-16,
    3.9108910938765557e-16,
    0.12882558755884163,
    -1.3506763320284836,
    4.991418559653695e-18,
    -2.1436312155685563e-16,
    -0.47326096062182516,
    0.03948598110466435,
    4.91572363399274e-17,
    -3.684990779236226e-16,
    -0.020901641073066246,
    -2.5281517331276714e-18,
    2.3399321655404794e-16,
    0.03948598110466436,
    -0.47326096062182516,
    -2.915838471356626e-17,
    3.6460068599602497e-16,
    0.10073110740712371,
    -0.02090164107306547,
    0.0036724807197950357,
    0.08434676202341246,
    7.495285846911717e-17,
    -4.814939308386774e-17,
    -0.47965281531647797,
    0.1812505675621801,
    2.829790331455256e-17,
    -2.4170283638441526e-17,
    -0.03659662053644264,
    -0.7557655313019781,
    -0.6617069349922664,
    0.2474121798821413,
    -0.24741217988214104,
    0.28523460195125727,
    -0.5896111182727013,
    0.17569127838088253,
    -0.17569127838088272,
    0.2083175329323029,
    -0.22814519398918143,
    -1.4279277456814068,
    -0.9338300545235634,
    0.12129413176506229,
    -0.12129413176506176,
    0.19215530459918972,
    -0.7739287982759695,
    0.0652984110665514,
    -0.06529841106655118,
    0.17096129836120735,
    -0.5421159245269961,
    -0.49770457875848173,
    -0.7557655313019782,
    -0.6617069349922666,
    -0.24741217988214098,
    0.24741217988214076,
    0.28523460195125705,
    -0.589611118272704,
    -0.17569127838088222,
    0.17569127838088267,
    0.20831753293230312,
    -0.15368396766062184,
    -0.31623410717018097,
    -0.22814519398918293,
    -1.4279277456814066,
    -0.9338300545235656,
    -0.12129413176506247,
    0.12129413176506257,
    0.19215530459918995,
    -0.7739287982759717,
    -0.06529841106655138,
    0.06529841106655111,
    0.17096129836120755,
    -0.3162341071701805,
    -0.44424557544676785,
    -0.542115924526996,
    -0.49770457875848517
  ],
  "OQP::E_MO_A": [
    -19.12693256311911,
    -1.019282367561497,
    -0.5329742456301968,
    -0.351182303219539,
    -0.28909699265095357,
    0.06364445977569824,
    0.1545373915212468,
    0.8247814063660168,
    0.8902578606329089,
    0.892832522896542,
    0.9596104499060032,
    1.0757739524117815,
    1.424219538432176
  ],