{
  "atoms": [
    8,
    1,
    1
  ],
  "coord": [
    0.0,
    0.0,
    -0.07759509131153179,
    -1.007591253013608,
    1.007591253013608,
    -1.1611785434815982,
    1.007591253013608,
    -1.007591253013608,
    -1.1611785434815982
  ],
  "energy": -74.29362768799358,
  "td_energies": [
    -0.21624097699787478,
    -0.21087326442249982,
    -0.04844148545437805,
    -0.04810868526439168,
    0.2715762195971741,
    0.30556673274533924,
    0.3629135203993332,
    0.40593628377078517,
    0.4071974892482424,
    0.4776956228841517
  ],
  "grad": [
    -7.051650929845721e-14,
    7.054903536363177e-14,
    -0.25573314675277725,
    0.12213787942652377,
    -0.12213787942652374,
    0.1278652888589662,
    -0.12213787942645053,
    0.12213787942645071,
    0.12786528885887816
  ],
  "nac": [],
  "soc": [],
  "hess": []
}