{
  "atoms": [
    8,
    1,
    1
  ],
  "coord": [
    0.0,
    0.0,
    -0.07759509131153179,
    -1.007591253013608,
    1.007591253013608,
    -1.1611785434815982,
    1.007591253013608,
    -1.007591253013608,
    -1.1611785434815982
  ],
  "energy": -75.98429003132661,
  "td_energies": [
    0.3506714243366829,
    0.4230664166956976,
    0.43826145567418284,
    0.5162857057930499,
    0.5811054768490694,
    0.7204436315579023
  ],
  "grad": [
    4.954803928258755e-16,
    1.4370015594122876e-15,
    -0.02059740452193992,
    0.09280927150311757,
    -0.09280927150311857,
    0.010298702260980175,
    -0.09280927150311724,
    0.09280927150311813,
    0.010298702260977954
  ],
  "nac": [],
  "soc": [],
  "hess": []
}