{
  "atoms": [
    8,
    1,
    1
  ],
  "coord": [
    0.0,
    0.0,
    -0.07759509131153179,
    -1.007591253013608,
    1.007591253013608,
    -1.1611785434815982,
    1.007591253013608,
    -1.007591253013608,
    -1.1611785434815982
  ],
  "energy": -76.35484777850891,
  "td_energies": [
    0.29437798842453394,
    0.3685724927362519,
    0.37532883988534627,
    0.46226083062230067,
    0.5521365247012728,
    0.6811722391778445,
    1.0383360473872738,
    1.0492073032082252,
    1.0832761812435698,
    1.1233102040407164
  ],
  "grad": [
    -6.546900608445094e-15,
    1.6311821685044414e-16,
    -0.1591625653139095,
    0.08513516777428382,
    -0.08513516777428065,
    0.07958002620556226,
    -0.08513516777427949,
    0.08513516777428004,
    0.07958002620556137
  ],
  "nac": [],
  "soc": [],
  "hess": []
}