{
  "OQP::DM_A": [
    2.0838114416858824,
    -0.17204413716542347,
    0.5095265901388424,
    -8.81610184305897e-16,
    -8.390423675807932e-16,
    0.6826877001542041,
    5.842816684858981e-16,
    2.6172697312390247e-16,
    0.1445310731287557,
    0.6826877001542021,
    -0.038304809777588,
    0.07410828121234661,
    2.3552730011617333e-17,
    -1.5773701254465018e-17,
    0.6437858059257454,
    -0.28451342923920236,
    0.5641875803135016,
    2.1829517847311193e-15,
    -5.731990762011803e-16,
    0.2756908547868971,
    0.6879379473024381,
    1.7085535893755654e-15,
    -2.277611416727525e-15,
    0.44436938098165824,
    0.20952962751030013,
    -2.5845114375857697e-15,
    -1.5454012050284948e-15,
    0.3096861532662586,
    -1.5500604822689561e-15,
    1.885044579176345e-15,
    0.20952962751030133,
    0.4443693809816585,
    2.5408752700369984e-15,
    2.8520638042414157e-15,
    0.20720723348538259,
    0.3096861532662601,
    -0.03463972826894417,
    0.08886479352387944,
    -1.0283928251709006e-15,
    5.384194652854732e-16,
    0.4325923569156439,
    0.22658605769670814,
    -2.3947351029045508e-15,
    1.980241624444685e-15,
    0.2937358507025319,
    -0.0389609362918948,
    0.08638039258922744,
    -0.19854982112124658,
    0.19854982112124628,
    -0.20187921475860537,
    0.030685342549712526,
    -0.0866427889248878,
    0.08664278892488783,
    -0.12713420319351185,
    0.2338991205754702,
    0.026594594991976913,
    -0.04362562073939577,
    -0.108650108818189,
    0.10865010881818879,
    -0.11386178888639488,
    -0.08162097319673972,
    -0.04741252543990848,
    0.04741252543990847,
    -0.0788695703351656,
    0.10913123815525123,
    0.06591398364496867,
    -0.03896093629189445,
    0.08638039258922554,
    0.19854982112124728,
    -0.1985498211212463,
    -0.20187921475860526,
    0.030685342549713363,
    0.08664278892488915,
    -0.08664278892488864,
    -0.12713420319351304,
    -0.05911618008282613,
    -0.05121211608266132,
    0.23389912057547016,
    0.02659459499197072,
    -0.04362562073938743,
    0.10865010881818614,
    -0.10865010881818811,
    -0.11386178888638428,
    -0.08162097319672591,
    0.047412525439907975,
    -0.04741252543990965,
    -0.07886957033515853,
    -0.051212116082661574,
    -0.02182884476878456,
    0.10913123815524847,
    0.06591398364496255
  ],
  "OQP::FOCK_A": [
    -18.738626587525243,
    -4.739044993715016,
    -1.7516022298843321,
    -1.4055115094977315e-16,
    -4.617953939025718e-16,
    -0.06993200691819135,
    1.2406173273547606e-16,
    4.159566491045949e-16,
    0.04884732349893018,
    -0.06993200691819101,
    0.024954995937734224,
    0.13762841210265778,
    -6.273643920893653e-17,
    4.128718391921503e-17,
    -0.07641309951052377,
    -3.3379776852607232,
    -1.6560262566397765,
    -3.974781538235765e-16,
    3.8943193887624353e-16,
    0.12905168168926254,
    -1.2657581558235995,
    -2.071357045610614e-17,
    -2.310199357559531e-16,
    -0.42077116260265784,
    0.044471996472751435,
    -1.006769156395016e-17,
    -3.654008183195354e-16,
    0.003943299402268785,
    1.736032134688733e-17,
    2.141293311123951e-16,
    0.04447199647275147,
    -0.42077116260265734,
    5.86738961475267e-18,
    3.366247468802725e-16,
    0.09926262169633868,
    0.003943299402267009,
    0.0032017938266779085,
    0.08656075171194687,
    -6.5984419074973365e-18,
    -2.532572336794521e-19,
    -0.42713504645577394,
    0.17774741918700995,
    1.8491413760334803e-17,
    -2.131817386902315e-17,
    -0.010865918360624838,
    -0.7404862858208651,
    -0.618426966575324,
    0.2216949353942947,
    -0.2216949353942944,
    0.2573573341084068,
    -0.5523757510395836,
    0.15986441030023385,
    -0.15986441030023452,
    0.1916683730843073,
    -0.2109996133855392,
    -1.3999017323080072,
    -0.8743135268640112,
    0.10696725117823211,
    -0.10696725117823233,
    0.174153154744762,
    -0.7236432434323369,
    0.05754577906728264,
    -0.05754577906728242,
    0.15951293581328352,
    -0.5090631454900616,
    -0.4651976842020105,
    -0.7404862858208652,
    -0.6184269665753239,
    -0.2216949353942953,
    0.22169493539429505,
    0.2573573341084061,
    -0.5523757510395835,
    -0.15986441030023424,
    0.15986441030023424,
    0.191668373084307,
    -0.14508297930888614,
    -0.2978301549444049,
    -0.21099961338553896,
    -1.3999017323080074,
    -0.8743135268640115,
    -0.10696725117823228,
    0.10696725117823228,
    0.17415315474476217,
    -0.7236432434323395,
    -0.057545779067282754,
    0.057545779067283184,
    0.15951293581328418,
    -0.2978301549444047,
    -0.4173497535685257,
    -0.5090631454900602,
    -0.465197684202011
  ],
  "OQP::E_MO_A": [
    -18.746870199866724,
    -0.9316402699933838,
    -0.48060482426227,
    -0.29242977027451,
    -0.22810924547569034,
    0.03952674728544126,
    0.12773355052748342,
    0.776691631600444,
    0.8299633228804372,
    0.8421092084833083,
    0.910253211114277,
    1.0181282710652029,
    1.367012490407485
  ],