{
  "OQP::DM_A": [
    2.0817397716363595,
    -0.15892910612365935,
    0.4873545795543403,
    -7.630089653169962e-16,
    -2.058404569247302e-16,
    0.6747479156740976,
    4.927435301258763e-16,
    -6.234901115732997e-17,
    0.13512309285088275,
    0.6747479156740939,
    -0.037117051458953186,
    0.06585255856134041,
    -5.509743558400907e-16,
    4.967832972164717e-16,
    0.6385780016043674,
    -0.29393495057378505,
    0.5567817220310772,
    1.0365769969397334e-15,
    -6.584939945085907e-16,
    0.2774804134004232,
    0.7067360683279302,
    1.4855417681346175e-15,
    -8.873206819295714e-16,
    0.4469204845555655,
    0.20937307937930272,
    -9.228307987855487e-16,
    -5.954158906368811e-16,
    0.3182048444355949,
    -1.2733332926191079e-15,
    6.605687677224705e-16,
    0.20937307937930427,
    0.44692048455556543,
    7.658773947489823e-16,
    8.326445595590794e-16,
    0.2136344701322961,
    0.31820484443559677,
    -0.035587245638037224,
    0.08766339548255149,
    -3.12550356859374e-16,
    4.79134444965862e-16,
    0.4397284365898402,
    0.237391371120021,
    -6.251116479909804e-16,
    6.832246999061122e-16,
    0.30653228839961194,
    -0.03926504196410115,
    0.08533892823427096,
    -0.19077022573385743,
    0.19077022573385793,
    -0.19049747332624642,
    0.03347679507999231,
    -0.08397866478950639,
    0.08397866478950734,
    -0.1219625229942645,
    0.21478002156640844,
    0.026110563949666023,
    -0.03839661467423397,
    -0.11908745926613089,
    0.11908745926613055,
    -0.11952112645053754,
    -0.08115754556331307,
    -0.052423305491583735,
    0.052423305491583805,
    -0.08457944783471441,
    0.11407282515685209,
    0.07640359484126669,
    -0.039265041964100744,
    0.08533892823427057,
    0.1907702257338583,
    -0.190770225733858,
    -0.19049747332624542,
    0.033476795079993696,
    0.08397866478950698,
    -0.0839786647895072,
    -0.1219625229942639,
    -0.054987249969726835,
    -0.05432818625261885,
    0.21478002156640777,
    0.026110563949662543,
    -0.03839661467423117,
    0.11908745926612911,
    -0.11908745926612949,
    -0.11952112645053566,
    -0.08115754556330833,
    0.05242330549158316,
    -0.052423305491583756,
    -0.08457944783471291,
    -0.05432818625261747,
    -0.028719982538037522,
    0.11407282515685088,
    0.07640359484126426
  ],
  "OQP::FOCK_A": [
    -18.503954735778024,
    -4.73490981729955,
    -1.6977886851215378,
    -6.460232806633646e-17,
    -2.888158470130354e-16,
    -0.020061584062202598,
    1.0193373026468345e-16,
    2.5515968272251665e-16,
    0.05196791036413534,
    -0.020061584062200488,
    0.024823305421714032,
    0.14195089931442617,
    -6.3491502799061284e-18,
    2.815946450448366e-17,
    -0.02702147596376081,
    -3.3248566180826926,
    -1.613861429108491,
    -2.391002586347433e-16,
    1.7130446035646145e-16,
    0.13166014498048123,
    -1.2174006291761508,
    -1.4056626909181862e-17,
    -1.6125832520020031e-16,
    -0.39300735460261205,
    0.045219474726669234,
    5.4598173540877964e-18,
    -2.895091682084091e-16,
    0.042895245908406154,
    6.274273245622015e-18,
    9.436541854875782e-17,
    0.045219474726669234,
    -0.39300735460261194,
    7.97398661375707e-19,
    2.4631978871724735e-16,
    0.09859139356192664,
    0.042895245908405155,
    0.0032533710674194794,
    0.08807976537420273,
    1.4550716356587598e-18,
    -1.3491991575526075e-19,
    -0.3992945576854493,
    0.17812103888767022,
    1.606167967908129e-17,
    -2.6263331260922283e-17,
    0.02882501326805642,
    -0.7377978581133693,
    -0.6039973803877767,
    0.21195500093037095,
    -0.21195500093037115,
    0.24731281669739302,
    -0.5291970353428043,
    0.14218011428047664,
    -0.14218011428047714,
    0.17287181698983245,
    -0.14560860242089763,
    -1.3945326359921968,
    -0.8533247058071814,
    0.10251277359037858,
    -0.10251277359037858,
    0.17042417472615237,
    -0.6935508540972192,
    0.04747963139353514,
    -0.047479631393535296,
    0.14900563919350823,
    -0.4763028614043944,
    -0.4290581016336906,
    -0.7377978581133695,
    -0.6039973803877766,
    -0.21195500093037184,
    0.211955000930372,
    0.24731281669739236,
    -0.5291970353428055,
    -0.14218011428047653,
    0.14218011428047658,
    0.17287181698983217,
    -0.142485941127425,
    -0.2865847089572392,
    -0.14560860242089824,
    -1.394532635992197,
    -0.8533247058071823,
    -0.10251277359037846,
    0.10251277359037869,
    0.1704241747261523,
    -0.69355085409722,
    -0.04747963139353524,
    0.04747963139353521,
    0.1490056391935084,
    -0.286584708957239,
    -0.39755561788028276,
    -0.4763028614043942,
    -0.4290581016336914
  ],
  "OQP::E_MO_A": [
    -18.514816496190758,
    -0.8705614332086414,
    -0.4287592351630904,
    -0.23838077755583736,
    -0.17770686943698713,
    0.07450149645219695,
    0.16410201882957795,
    0.8350173392023323,
    0.8754418277123346,
    0.8778953173757427,
    0.9597867177096753,
    1.0478117258678201,
    1.4079078818822115
  ],