{
  "OQP::DM_A": [
    2.0833279168484045,
    -0.172247405947839,
    0.5047950210978402,
    -1.0605450880229386e-15,
    -2.7601767577980293e-15,
    0.685736901040555,
    6.03925613676703e-16,
    2.483420133948298e-15,
    0.14759650137535443,
    0.685736901040554,
    -0.038733436144927746,
    0.07696623000105823,
    -4.2408657573780226e-16,
    -4.411747978224324e-16,
    0.6507786289303743,
    -0.27669461201907897,
    0.5525876315953013,
    8.187102888514165e-15,
    -4.92733108869605e-15,
    0.26654016489372323,
    0.6604365219992098,
    1.783853857840588e-15,
    -3.5417862514289626e-15,
    0.4465301818425574,
    0.20646582720750795,
    -3.3782331604374816e-15,
    8.916302130589423e-16,
    0.3093885884723702,
    -1.6668468424922171e-15,
    3.24321752364283e-15,
    0.20646582720750994,
    0.4465301818425602,
    2.540442725624112e-15,
    1.5126954253653167e-15,
    0.20229591451182688,
    0.3093885884723747,
    -0.035266321561320826,
    0.09085725808364058,
    -3.0550030368709323e-15,
    2.162167763584536e-15,
    0.44159581977740064,
    0.22130225164685416,
    -3.723730269047275e-15,
    2.9116915887248204e-15,
    0.3026704438622732,
    -0.03924649590182419,
    0.08657718652007741,
    -0.19626189770080438,
    0.1962618977008034,
    -0.1975799950737627,
    0.035226369931869284,
    -0.08755240424303025,
    0.08755240424303005,
    -0.12553053430791397,
    0.22762135579533646,
    0.02198177895587977,
    -0.034698842863698294,
    -0.10768033624118645,
    0.10768033624118037,
    -0.1061314692155,
    -0.06709040757063896,
    -0.048036182458533604,
    0.04803618245852918,
    -0.07372661464723916,
    0.10579700195723624,
    0.06142387282328656,
    -0.039246495901823705,
    0.0865771865200717,
    0.19626189770080354,
    -0.1962618977008029,
    -0.1975799950737627,
    0.03522636993187679,
    0.08755240424303079,
    -0.08755240424303082,
    -0.12553053430791794,
    -0.05868855524709736,
    -0.051288748519058285,
    0.22762135579533463,
    0.021981778955872246,
    -0.03469884286368915,
    0.10768033624117793,
    -0.10768033624117637,
    -0.10613146921548834,
    -0.06709040757061845,
    0.04803618245853021,
    -0.04803618245852927,
    -0.07372661464723257,
    -0.05128874851905541,
    -0.02476222151364165,
    0.10579700195723016,
    0.06142387282327685
  ],
  "OQP::FOCK_A": [
    -19.194465507653888,
    -4.843255119059241,
    -1.8910279177696387,
    -3.5619690809760154e-17,
    -4.487363084679232e-16,
    -0.12885152566603097,
    7.551951820084543e-17,
    4.95631646475984e-16,
    0.019607475283566766,
    -0.12885152566603097,
    0.02651068386284815,
    0.12324360807796365,
    2.734963233772696e-16,
    -1.0670388349367626e-16,
    -0.13165276312206187,
    -3.415534114552314,
    -1.829530520066385,
    -3.0443346025142936e-16,
    4.426390640210307e-16,
    0.13121883540077262,
    -1.4209047620770587,
    4.746450045976907e-17,
    -2.15462586458876e-16,
    -0.5390342948346369,
    0.03471781940154636,
    2.034168003412961e-16,
    -4.4393872850145725e-16,
    -0.053518004694400045,
    -4.0730916648381924e-17,
    2.2138874788769202e-16,
    0.034717819401546474,
    -0.5390342948346374,
    -5.053776133610294e-17,
    5.143023629940319e-16,
    0.1032314251738183,
    -0.053518004694401045,
    0.0039006562378534814,
    0.08009430536016018,
    1.9748962707672048e-16,
    -1.9417311520885163e-16,
    -0.5461278500172877,
    0.18623443091884573,
    1.0302534569811235e-16,
    -1.1961280764647433e-16,
    -0.07101299093180274,
    -0.7584189463288068,
    -0.6992617995912774,
    0.27930896498515717,
    -0.27930896498515656,
    0.31994116770271674,
    -0.6231661442224468,
    0.19802721442491777,
    -0.19802721442491844,
    0.23110484909888537,
    -0.24763743344618516,
    -1.4330850487851539,
    -0.9867431717937782,
    0.1411456874752423,
    -0.14114568747524187,
    0.2184731596157132,
    -0.8171448844635889,
    0.07547394155912276,
    -0.07547394155912214,
    0.18681610236956203,
    -0.5775161827970373,
    -0.5215883749845283,
    -0.7584189463288066,
    -0.6992617995912752,
    -0.27930896498515756,
    0.27930896498515717,
    0.3199411677027163,
    -0.6231661442224485,
    -0.1980272144249188,
    0.1980272144249188,
    0.23110484909888573,
    -0.15858325122323472,
    -0.33133328587090227,
    -0.2476374334461875,
    -1.4330850487851539,
    -0.9867431717937797,
    -0.1411456874752416,
    0.1411456874752417,
    0.21847315961571268,
    -0.8171448844635933,
    -0.07547394155912351,
    0.07547394155912354,
    0.18681610236956492,
    -0.3313332858709016,
    -0.464769330173613,
    -0.5775161827970354,
    -0.5215883749845271
  ],
  "OQP::E_MO_A": [
    -19.20238991568628,
    -1.1009881086803932,
    -0.603863807066324,
    -0.42258408785530244,
    -0.36211621147529555,
    0.11183653240863682,
    0.20446633350200313,
    0.8895408216512389,
    0.9583680326466113,
    0.9584199584023494,
    1.025108999647009,
    1.138945931640368,
    1.4882183391686805
  ],