{
  "OQP::DM_A": [
    2.084307648517477,
    -0.17859754561963603,
    0.5059809497216582,
    -5.327006838266982e-16,
    -1.028075130560361e-15,
    0.6773575215307026,
    2.945829107385315e-16,
    9.286854170340125e-16,
    0.14760143171432435,
    0.6773575215306972,
    -0.03839138461670636,
    0.08008559397902797,
    -1.8627339824672577e-16,
    3.7581611231470167e-16,
    0.6434061652069432,
    -0.2702647697502868,
    0.5550549680144801,
    9.728839873145333e-16,
    -1.4920682508853545e-15,
    0.2541405755160802,
    0.6552710805330789,
    6.159701186209748e-16,
    3.899353116526781e-16,
    0.4525226628710189,
    0.2017023315229964,
    1.3732232896005542e-15,
    1.65282325536578e-15,
    0.3187902883981785,
    -3.8453966531515397e-16,
    -4.041585955550058e-16,
    0.20170233152299658,
    0.45252266287101794,
    -1.7900158299138006e-15,
    -2.1612888711048398e-15,
    0.20003594120542145,
    0.31879028839817947,
    -0.034323824710224195,
    0.09016117856280387,
    -4.891030610208192e-16,
    8.545460637360242e-16,
    0.4483821610919291,
    0.2131977537839626,
    8.76381529803979e-16,
    -9.714602048405905e-16,
    0.31486099425593017,
    -0.03870737823376462,
    0.08506125942385964,
    -0.19474735752292646,
    0.1947473575229282,
    -0.19516248994322188,
    0.038735124349170154,
    -0.09220582392924079,
    0.09220582392924355,
    -0.12845995928077922,
    0.2265631601223619,
    0.020925819551806172,
    -0.03566850575508587,
    -0.09891325654593502,
    0.09891325654593427,
    -0.09804763006376557,
    -0.06373210894144056,
    -0.046831846312824506,
    0.046831846312824596,
    -0.06993807094805286,
    0.09725102237151712,
    0.05301168345688858,
    -0.03870737823376523,
    0.08506125942386049,
    0.19474735752292704,
    -0.19474735752292874,
    -0.1951624899432208,
    0.0387351243491748,
    0.0922058239292405,
    -0.09220582392924283,
    -0.12845995928077902,
    -0.05980661639353659,
    -0.048197765903745374,
    0.22656316012236277,
    0.020925819551807157,
    -0.03566850575509162,
    0.09891325654593346,
    -0.09891325654593204,
    -0.09804763006377261,
    -0.06373210894144671,
    0.04683184631282338,
    -0.046831846312822764,
    -0.0699380709480584,
    -0.048197765903742286,
    -0.020862557980622063,
    0.09725102237151675,
    0.053011683456889634
  ],
  "OQP::FOCK_A": [
    -19.614173039342685,
    -4.908715702007857,
    -1.9341001136945928,
    4.662300660131337e-17,
    -3.029160958329162e-17,
    -0.12794243125353677,
    -2.791001351856869e-17,
    -2.169294773432224e-17,
    0.012280124183007658,
    -0.12794243125353322,
    0.028924634292277415,
    0.11869085542523532,
    3.819399239880508e-18,
    1.908447032943198e-18,
    -0.12956993921026988,
    -3.4732996406449828,
    -1.8738331585959587,
    -7.812874986273152e-18,
    -4.748783485385689e-17,
    0.12776583397149846,
    -1.465904132140889,
    -2.231000789676025e-17,
    3.951649814865723e-17,
    -0.5515938930414391,
    0.03177831632578525,
    3.523075724328865e-17,
    -4.334361858505841e-18,
    -0.06366544728961587,
    2.377873079956706e-17,
    -5.628205309102827e-17,
    0.03177831632578518,
    -0.5515938930414386,
    1.8314377293489406e-17,
    -1.2740716327557503e-16,
    0.10260784928570542,
    -0.06366544728961679,
    0.0046056380003800185,
    0.07976051193949697,
    -1.6423149281063612e-17,
    4.3162022397094415e-18,
    -0.5585119377575356,
    0.18698423734509118,
    5.817701523789901e-18,
    4.7393953727320725e-17,
    -0.08102829724266741,
    -0.772357675638033,
    -0.7171959321788749,
    0.2837079399335653,
    -0.2837079399335651,
    0.3241911177974241,
    -0.6394636144248698,
    0.199403138268042,
    -0.199403138268044,
    0.23306286964844297,
    -0.2549075369500876,
    -1.4582143743984641,
    -1.0124266057655182,
    0.1427286328696264,
    -0.1427286328696265,
    0.2186602185132305,
    -0.8422814743173402,
    0.0763839721414439,
    -0.07638397214144403,
    0.18857247503588098,
    -0.5858501042837805,
    -0.5363744730137681,
    -0.7723576756380336,
    -0.7171959321788747,
    -0.2837079399335647,
    0.2837079399335653,
    0.3241911177974239,
    -0.6394636144248729,
    -0.1994031382680418,
    0.19940313826804268,
    0.23306286964844275,
    -0.16450350139402403,
    -0.34032347646768846,
    -0.2549075369500912,
    -1.4582143743984648,
    -1.0124266057655191,
    -0.14272863286962606,
    0.14272863286962603,
    0.21866021851323098,
    -0.8422814743173394,
    -0.0763839721414438,
    0.07638397214144324,
    0.1885724750358821,
    -0.34032347646768846,
    -0.4790241061195438,
    -0.5858501042837795,
    -0.536374473013768
  ],
  "OQP::E_MO_A": [
    -19.62051016422025,
    -1.1403466286152708,
    -0.6094405641260608,
    -0.4371082569437676,
    -0.37768250348922394,
    0.11203297848308655,
    0.20363144825129428,
    0.8854610637453894,
    0.9717910754465133,
    0.9728847522802353,
    1.0245776703596754,
    1.152156389467778,
    1.473631995432696
  ],