{
  "OQP::DM_A": [
    2.0538611996383866,
    0.0748443020777002,
    0.12625542484950333,
    -8.503977139159097e-10,
    8.498556406535573e-10,
    0.43107568559197534,
    -1.1292512608593174e-09,
    1.0780396827818987e-09,
    0.11130583469057437,
    0.43107569156215786,
    -0.04631137829482227,
    0.03486801021818247,
    -3.0542923525923825e-09,
    -2.6257593770481125e-09,
    0.40900732866503514,
    -0.468826772905721,
    0.36451275678067807,
    6.130955436901259e-09,
    7.47186919968894e-09,
    0.23958402710572305,
    1.3197622458667044,
    -8.148254468362245e-10,
    9.636659611204226e-10,
    0.47608639134728314,
    0.18278264154897092,
    -3.029224577512677e-09,
    7.4333869234620975e-09,
    0.5347013814750657,
    -9.859306099507711e-10,
    1.1794165665972828e-09,
    0.18278264185078918,
    0.4760863970832537,
    -2.3203511228296196e-09,
    8.746971447729386e-09,
    0.2656732373645385,
    0.5347013871418335,
    -0.034006106819416224,
    0.044118351034441596,
    -2.9999029841449144e-09,
    -2.8901407923221827e-09,
    0.4695167763199755,
    0.2809724813424161,
    -2.9208582587210124e-09,
    -2.457225012067994e-09,
    0.5392508688668747,
    -0.026824328761927245,
    0.03130479788789065,
    -0.1336798547265288,
    0.13367985215908734,
    -0.13537704479847967,
    0.06330770888422667,
    -0.12261569651263185,
    0.12261569197095969,
    -0.15455854687389883,
    0.1738884967935824,
    0.023481497926940074,
    -0.007345791410067564,
    -0.10118264163951822,
    0.10118262502930173,
    -0.09293057879544168,
    -0.056995334237542154,
    -0.09280815263844215,
    0.09280813153794042,
    -0.10655557284612983,
    0.11512011595844916,
    0.08522987533331858,
    -0.02682432870216066,
    0.03130479780908079,
    0.13367985338047159,
    -0.1336798539391277,
    -0.1353770444299186,
    0.0633077083691787,
    0.12261569426650695,
    -0.12261569484772754,
    -0.1545585461306391,
    -0.04965106494182388,
    -0.05407756737446753,
    0.17388849671859616,
    0.023481497631980246,
    -0.00734579113624171,
    0.10118263152777768,
    -0.10118263669196181,
    -0.09293057718498463,
    -0.05699533312423026,
    0.09280813984771492,
    -0.09280814589324243,
    -0.10655557075050939,
    -0.05407756823829579,
    -0.04283629772933559,
    0.11512011605996372,
    0.08522987545683078
  ],
  "OQP::FOCK_A": [
    -20.309490459254512,
    -5.700993952157642,
    -1.6287265242915154,
    4.933870330552046e-10,
    -6.637350266396741e-10,
    0.26284758641327777,
    6.437632749995938e-10,
    -8.151788197506137e-10,
    -0.06215828068480579,
    0.2628475821029319,
    0.036043990024464415,
    0.05937274452133451,
    2.239983975769705e-09,
    1.930978693838763e-09,
    0.2669725800750147,
    -4.4660535725541735,
    -2.434325900660622,
    5.0279437285838786e-11,
    -5.602982258926753e-12,
    0.08848219153827215,
    -2.13431085525806,
    1.2031645734555418e-10,
    -7.377528740199555e-10,
    -0.7883659016104123,
    -0.010718144251668116,
    1.4316301539254683e-09,
    1.8909615695553718e-10,
    -0.12758409324875242,
    1.3927974702679845e-10,
    -8.594033670271376e-10,
    -0.010718143373437877,
    -0.7883659036417949,
    1.4410676384372715e-09,
    2.6609588923262536e-10,
    0.10902260074961267,
    -0.12758409347364452,
    0.007668388508489544,
    0.04257002586172522,
    7.273989232363866e-10,
    4.2976645173832524e-10,
    -0.7935479042626041,
    0.19580205274012147,
    1.7159533835406312e-10,
    1.59013692895268e-10,
    -0.14901002822043363,
    -0.6164909845570716,
    -0.733886812845123,
    0.3447965217382397,
    -0.34479652056491994,
    0.384916508299034,
    -0.7167603215853566,
    0.25068336954941217,
    -0.25068336774741873,
    0.2838461874788041,
    -0.12691435027671805,
    -1.525260553127273,
    -1.1756203776986385,
    0.19035798947818466,
    -0.1903579873358836,
    0.2561792110403941,
    -1.0875998002421854,
    0.12350094295983327,
    -0.12350094012308066,
    0.2472295802311868,
    -0.6472014179718544,
    -0.6139161830547506,
    -0.6164909845820994,
    -0.7338868128064127,
    -0.3447965210975191,
    0.34479652157676777,
    0.38491650812953115,
    -0.7167603216545637,
    -0.25068336850184814,
    0.25068336910478894,
    0.2838461873414735,
    -0.13396372205475554,
    -0.34614817771246276,
    -0.1269143504303223,
    -1.5252605531312011,
    -1.1756203776947145,
    -0.19035798788855857,
    0.1903579892605633,
    0.25617921087479417,
    -1.087599800327486,
    -0.12350094091475472,
    0.123500942608328,
    0.24722958007971907,
    -0.3461481776124212,
    -0.5440387772903814,
    -0.6472014181398942,
    -0.6139161832445055
  ],
  "OQP::E_MO_A": [
    -4596929656543853061,
    -4614688361829495555,
    -4618956755906286168,
    -4620360079958741919,
    -4621062607917846515,
    4598481631412473892,
    4600264157792487093,
    4608102109299311308,
    4608604796008989702,
    4610708774008002876,
    4611063632637607629,
    4611725799277564970,
    4614202194671278700
  ],