{
  "atoms": [
    8,
    1,
    1
  ],
  "coord": [
    0.0,
    0.0,
    -0.07759509131153179,
    -1.007591253013608,
    1.007591253013608,
    -1.1611785434815982,
    1.007591253013608,
    -1.007591253013608,
    -1.1611785434815982
  ],
  "energy": -75.7192307219344,
  "td_energies": [
    -0.002360961082830633,
    0.08218775963811815,
    0.09082586600463605,
    0.23801892679619413,
    0.5481491984344874,
    0.5775338833421231
  ],
  "grad": [
    -4.2793513958111484e-13,
    4.275514133272179e-13,
    -0.17171204567803522,
    0.08737564649102514,
    -0.08737564649102303,
    0.08585602283925114,
    -0.08737564649059804,
    0.08737564649059654,
    0.08585602283877292
  ],
  "nac": [],
  "soc": [],
  "hess": []
}