{
  "atoms": [
    8,
    1,
    1
  ],
  "coord": [
    0.0,
    0.0,
    -0.07759509131153179,
    -1.007591253013608,
    1.007591253013608,
    -1.1611785434815982,
    1.007591253013608,
    -1.007591253013608,
    -1.1611785434815982
  ],
  "energy": -76.14928230375276,
  "td_energies": [
    -0.3011039506614426,
    0.020778207671977092,
    0.08412261265619411,
    0.0888808696609688,
    0.2427984250882702,
    0.5047964375464229
  ],
  "grad": [
    -1.1905126191272752e-13,
    1.140387155366962e-13,
    -0.1825165729076097,
    0.09017741299322268,
    -0.09017741299322224,
    0.09125680619663934,
    -0.09017741299310744,
    0.09017741299310686,
    0.09125680619650967
  ],
  "nac": [],
  "soc": [],
  "hess": []
}