{
  "atoms": [
    8,
    1,
    1
  ],
  "coord": [
    0.0,
    0.0,
    -0.07759509131153179,
    -1.007591253013608,
    1.007591253013608,
    -1.1611785434815982,
    1.007591253013608,
    -1.007591253013608,
    -1.1611785434815982
  ],
  "energy": -75.71923072193444,
  "td_energies": [
    -0.21956234982201292,
    0.026286265543296827,
    0.10825394741441194,
    0.12941152076505988,
    0.29419188002624697,
    0.5998524180950718
  ],
  "grad": [
    1.1686913372818686e-14,
    -1.0087010436990451e-14,
    -0.159088962286142,
    0.0824363916787233,
    -0.08243639167872352,
    0.07954448114306001,
    -0.08243639167873601,
    0.08243639167873623,
    0.07954448114307033
  ],
  "nac": [],
  "soc": [],
  "hess": []
}