{
  "atoms": [
    8,
    1,
    1
  ],
  "coord": [
    0.0,
    0.0,
    -0.07759509131153179,
    -1.007591253013608,
    1.007591253013608,
    -1.1611785434815982,
    1.007591253013608,
    -1.007591253013608,
    -1.1611785434815982
  ],
  "energy": -76.06394391355492,
  "td_energies": [
    -0.29079841572185544,
    0.07455027840709991,
    0.12262882862613704,
    0.12319515679082026,
    0.2721315158538678,
    0.5069959850617907,
    0.5143937626184107,
    0.5781473538943686,
    0.6016987060203165,
    0.6453351608575856
  ],
  "grad": [
    1.7045501295165355e-14,
    -1.755008898624011e-14,
    -0.1988125463353343,
    0.0978531432024369,
    -0.09785314320243635,
    0.09940443444205183,
    -0.09785314320245653,
    0.0978531432024552,
    0.09940443444207137
  ],
  "nac": [],
  "soc": [],
  "hess": []
}