{
  "atoms": [
    8,
    1,
    1
  ],
  "coord": [
    0.0,
    0.0,
    -0.07759509131153179,
    -1.007591253013608,
    1.007591253013608,
    -1.1611785434815982,
    1.007591253013608,
    -1.007591253013608,
    -1.1611785434815982
  ],
  "energy": -75.15222039358139,
  "td_energies": [
    0.26743452731800443,
    0.3366484663647731,
    0.35033307220910687,
    0.43331878978496424,
    0.5341414361854792,
    0.6680626082307449,
    0.9899681273873908,
    1.0177409538048452,
    1.0656148801216094,
    1.0680631302783274
  ],
  "grad": [
    -1.360673726469308e-15,
    -1.4951147958575106e-15,
    -0.1750289726727352,
    0.09533597390615689,
    -0.0953359739061575,
    0.08751380243176055,
    -0.09533597390616111,
    0.09533597390616055,
    0.08751380243175932
  ],
  "nac": [],
  "soc": [],
  "hess": []
}