{
  "atoms": [
    8,
    1,
    1
  ],
  "coord": [
    0.0,
    0.0,
    -0.07759509131153179,
    -1.007591253013608,
    1.007591253013608,
    -1.1611785434815982,
    1.007591253013608,
    -1.007591253013608,
    -1.1611785434815982
  ],
  "energy": -76.35484777850898,
  "td_energies": [
    0.29524425308378954,
    0.37119911199166217,
    0.3755116830826909,
    0.46416970045217143,
    0.554291926882726,
    0.6912285312610406,
    1.038372242337345,
    1.050426126953684,
    1.0834758991218219,
    1.1241630240922804
  ],
  "grad": [
    -2.1915032722558125e-14,
    1.659073269391631e-14,
    -0.15887775051039488,
    0.08503206112220424,
    -0.08503206112220274,
    0.07943761833862806,
    -0.08503206112218492,
    0.0850320611221847,
    0.07943761833861063
  ],
  "nac": [],
  "soc": [],
  "hess": []
}