{
  "atoms": [
    8,
    1,
    1
  ],
  "coord": [
    0.0,
    0.0,
    -0.07759509131153179,
    -1.007591253013608,
    1.007591253013608,
    -1.1611785434815982,
    1.007591253013608,
    -1.007591253013608,
    -1.1611785434815982
  ],
  "energy": -75.71923072193438,
  "td_energies": [
    -0.22490445729030506,
    -0.002366136823116201,
    0.026065818003438004,
    0.09964526547578142,
    0.11267963359438127,
    0.2661231119635327
  ],
  "grad": [
    2.239896636224703e-14,
    -2.1983500089750585e-14,
    -0.13116065693625112,
    0.06967113058977281,
    -0.06967113058977448,
    0.06558032846811135,
    -0.0696711305897958,
    0.06967113058979402,
    0.06558032846813378
  ],
  "nac": [],
  "soc": [],
  "hess": []
}