{
  "atoms": [
    8,
    1,
    1
  ],
  "coord": [
    0.0,
    0.0,
    -0.07759509131153179,
    -1.007591253013608,
    1.007591253013608,
    -1.1611785434815982,
    1.007591253013608,
    -1.007591253013608,
    -1.1611785434815982
  ],
  "energy": -76.054605060529,
  "td_energies": [
    -0.30454008951859163,
    -0.01282552123187472,
    0.055622637439577294,
    0.06683268366848492,
    0.22395109672531782,
    0.46206073762964217,
    0.49305434732370307,
    0.5423564877288263,
    0.5930729870967093,
    0.6052019357847418
  ],
  "grad": [
    0.0,
    -0.0,
    -0.21360417,
    0.10023756,
    -0.10023756,
    0.10680739,
    -0.10023756,
    0.10023756,
    0.10680739
  ],
  "nac": [],
  "soc": [],
  "hess": []
}