{
  "OQP::DM_A": [
    2.083870987564873,
    -0.17419121871171372,
    0.5111567432076796,
    -6.93117086167689e-16,
    -4.491388081136618e-16,
    0.6850319538321703,
    3.6074586082330233e-16,
    3.623661434597133e-17,
    0.14903271822515912,
    0.6850319538321703,
    -0.038733009819081746,
    0.07636442398756194,
    -6.088555680552385e-16,
    6.50154214914349e-16,
    0.647706815537849,
    -0.27908525737967965,
    0.5594429146164468,
    1.3449386663784407e-15,
    4.972667272859176e-17,
    0.27132553110165814,
    0.6712306522379249,
    1.5882892930105616e-15,
    -1.3889436166821465e-15,
    0.4453511211449383,
    0.2075348535036479,
    -3.3450659117796293e-15,
    -1.315516506596109e-15,
    0.308289877489904,
    -1.3915897897328955e-15,
    1.0303895333662833e-15,
    0.20753485350364642,
    0.4453511211449372,
    3.214222135601069e-15,
    2.3034785153773244e-15,
    0.2027737248581097,
    0.3082898774899021,
    -0.03463939098860808,
    0.08908381504929294,
    -8.034962707056221e-16,
    2.658534822843807e-16,
    0.43698673020637113,
    0.22233538004252923,
    -2.580381822168327e-15,
    2.049148896770185e-15,
    0.2976392653476349,
    -0.039220127574076495,
    0.08705964295532843,
    -0.19735945620291723,
    0.19735945620291848,
    -0.20020577303242598,
    0.03295074000089112,
    -0.08756596304608244,
    0.08756596304608356,
    -0.1268227244936126,
    0.23170448819257708,
    0.02437373566685537,
    -0.0400513647074104,
    -0.1075276202878381,
    0.10752762028783734,
    -0.10944357234022521,
    -0.07472417273399914,
    -0.04770868245034644,
    0.04770868245034594,
    -0.07585092223648995,
    0.10697218821367398,
    0.06314007490005824,
    -0.039220127574075385,
    0.08705964295532619,
    0.19735945620291692,
    -0.19735945620291823,
    -0.20020577303242665,
    0.03295074000089013,
    0.08756596304608386,
    -0.08756596304608494,
    -0.12682272449361334,
    -0.05897320211121851,
    -0.051398132167610376,
    0.2317044881925757,
    0.024373735666850537,
    -0.04005136470740366,
    0.10752762028783693,
    -0.1075276202878376,
    -0.10944357234021204,
    -0.07472417273398722,
    0.04770868245034682,
    -0.04770868245034737,
    -0.07585092223648075,
    -0.05139813216761325,
    -0.02314504162009298,
    0.10697218821367055,
    0.06314007490005265
  ],
  "OQP::FOCK_A": [
    -19.119003792866778,
    -4.8254446327861364,
    -1.835636870858632,
    -6.3476294635182e-17,
    -4.2839424001157305e-16,
    -0.0953831988210978,
    1.1221427335249461e-16,
    3.7574617222500776e-16,
    0.032341656493016055,
    -0.0953831988210978,
    0.025991756901323854,
    0.12964101184464408,
    8.462694162274637e-17,
    -9.335343340843588e-17,
    -0.0993731384091221,
    -3.403239648316715,
    -1.752320767721157,
    -3.2735059623192244e-16,
    2.949328858756387e-16,
    0.12882558755884166,
    -1.350676332028488,
    -2.8562961236966846e-17,
    -1.9964259117436668e-16,
    -0.47326096062182726,
    0.03948598110466433,
    6.362035584879767e-17,
    -3.864328880682689e-16,
    -0.020901641073069077,
    2.766547808896126e-17,
    2.0870335627448817e-16,
    0.03948598110466435,
    -0.47326096062182726,
    -4.2714793965574683e-17,
    4.1385543102103314e-16,
    0.10073110740712368,
    -0.020901641073067356,
    0.0036724807197950652,
    0.08434676202341243,
    9.930432000307162e-17,
    -8.204041972213627e-17,
    -0.47965281531648046,
    0.18125056756218005,
    2.658139229619447e-17,
    -3.58494089205078e-17,
    -0.036596620536443636,
    -0.7557655313019784,
    -0.6617069349922672,
    0.24741217988214192,
    -0.24741217988214168,
    0.2852346019512583,
    -0.589611118272704,
    0.17569127838088264,
    -0.17569127838088328,
    0.20831753293230343,
    -0.22814519398918448,
    -1.4279277456814072,
    -0.9338300545235659,
    0.12129413176506262,
    -0.1212941317650626,
    0.19215530459919075,
    -0.7739287982759717,
    0.06529841106655199,
    -0.0652984110665515,
    0.17096129836120788,
    -0.5421159245269972,
    -0.4977045787584874,
    -0.7557655313019787,
    -0.6617069349922667,
    -0.24741217988214212,
    0.24741217988214212,
    0.2852346019512581,
    -0.589611118272704,
    -0.17569127838088341,
    0.1756912783808836,
    0.20831753293230357,
    -0.15368396766062198,
    -0.31623410717018186,
    -0.22814519398918404,
    -1.427927745681408,
    -0.9338300545235654,
    -0.12129413176506293,
    0.1212941317650629,
    0.19215530459919056,
    -0.7739287982759753,
    -0.06529841106655272,
    0.06529841106655246,
    0.17096129836120783,
    -0.31623410717018074,
    -0.4442455754467688,
    -0.5421159245269979,
    -0.49770457875848706
  ],
  "OQP::E_MO_A": [
    -19.126932563119123,
    -1.0192823675614975,
    -0.5329742456302012,
    -0.351182303219537,
    -0.28909699265095384,
    0.06364445977570055,
    0.1545373915212398,
    0.824781406366015,
    0.8902578606329121,
    0.8928325228965427,
    0.9596104499060047,
    1.0757739524117802,
    1.4242195384321565
  ],