{
  "atoms": [
    8,
    1,
    1
  ],
  "coord": [
    0.0,
    0.0,
    -0.07759509131153179,
    -1.007591253013608,
    1.007591253013608,
    -1.1611785434815982,
    1.007591253013608,
    -1.007591253013608,
    -1.1611785434815982
  ],
  "energy": -75.61637805859851,
  "td_energies": [
    -0.15298466738764815,
    -0.11860190158588266,
    -0.009176025281722764,
    0.047714522966997935,
    0.3831419551945729,
    0.43098589606107424,
    0.4497712796106196,
    0.5025951353719248,
    0.5492095130014236,
    0.5571483951713301
  ],
  "grad": [
    -4.546314496742254e-14,
    4.589156745588019e-14,
    -0.21433773088066643,
    0.10203846826111027,
    -0.10203846826110918,
    0.10716751644940137,
    -0.10203846826106466,
    0.10203846826106355,
    0.10716751644935119
  ],
  "nac": [],
  "soc": [],
  "hess": []
}