{
  "atoms": [
    8,
    1,
    1
  ],
  "coord": [
    0.0,
    0.0,
    -0.07759509131153179,
    -1.007591253013608,
    1.007591253013608,
    -1.1611785434815982,
    1.007591253013608,
    -1.007591253013608,
    -1.1611785434815982
  ],
  "energy": -76.05983111683778,
  "td_energies": [
    -0.35877006368795744,
    -0.07023981573475434,
    -0.018972771084802817,
    0.03628819894016049,
    0.14578533490729528,
    0.448215286612892,
    0.4797948057978369,
    0.5119551510404132,
    0.5866355298770454,
    0.5866569024815653
  ],
  "grad": [
    2.1718737919229625e-15,
    -1.7585759237714882e-15,
    -0.004505196916505749,
    0.08096920682142783,
    -0.08096920682142739,
    0.0022566270493475926,
    -0.08096920682142972,
    0.08096920682143105,
    0.002256627049350479
  ],
  "nac": [],
  "soc": [],
  "hess": []
}