{
  "OQP::DM_A": [
    2.0838114416858833,
    -0.17204413716542513,
    0.5095265901388506,
    -9.14349430006926e-16,
    -2.815026749530329e-16,
    0.6826877001542025,
    6.342258020520788e-16,
    -1.8793751407184692e-16,
    0.14453107312875632,
    0.6826877001542021,
    -0.03830480977758715,
    0.07410828121234625,
    -1.6647451572454495e-16,
    2.0637150937869149e-16,
    0.6437858059257577,
    -0.284513429239197,
    0.5641875803134943,
    -4.580479795693556e-16,
    2.02425727011873e-15,
    0.27569085478688654,
    0.6879379473024058,
    1.2549180470155201e-15,
    -1.1735806962940809e-15,
    0.44436938098165657,
    0.2095296275103011,
    -1.951700030710233e-15,
    -1.5874303000080292e-15,
    0.30968615326625737,
    -1.0579796419999187e-15,
    7.95242771058456e-16,
    0.20952962751030219,
    0.44436938098165724,
    1.8131191970601796e-15,
    2.747423274415455e-15,
    0.20720723348538309,
    0.3096861532662587,
    -0.034639728268944965,
    0.08886479352388278,
    -6.053076276013081e-17,
    -2.9547957530403153e-16,
    0.4325923569156498,
    0.22658605769670304,
    -1.4125890084476122e-15,
    1.0186696231779105e-15,
    0.2937358507025347,
    -0.03896093629189535,
    0.08638039258922878,
    -0.1985498211212459,
    0.1985498211212466,
    -0.20187921475860612,
    0.030685342549717227,
    -0.08664278892488686,
    0.08664278892488748,
    -0.12713420319351154,
    0.2338991205754698,
    0.02659459499197355,
    -0.043625620739388866,
    -0.10865010881818926,
    0.10865010881818678,
    -0.11386178888638511,
    -0.08162097319672477,
    -0.04741252543990889,
    0.047412525439906955,
    -0.07886957033515878,
    0.10913123815524846,
    0.06591398364496354,
    -0.03896093629189499,
    0.08638039258922742,
    0.19854982112124725,
    -0.19854982112124667,
    -0.20187921475860676,
    0.03068534254971384,
    0.08664278892488854,
    -0.08664278892488797,
    -0.12713420319351174,
    -0.059116180082826916,
    -0.05121211608266315,
    0.2338991205754705,
    0.026594594991968597,
    -0.04362562073938249,
    0.1086501088181891,
    -0.10865010881818939,
    -0.11386178888637567,
    -0.08162097319671593,
    0.04741252543990909,
    -0.047412525439909294,
    -0.07886957033515182,
    -0.05121211608266574,
    -0.0218288447687894,
    0.10913123815524796,
    0.06591398364496047
  ],
  "OQP::FOCK_A": [
    -18.738626587525225,
    -4.739044993715013,
    -1.751602229884326,
    -1.1476971117469008e-16,
    -3.821355935063212e-16,
    -0.0699320069181808,
    8.399600771649069e-17,
    2.876437814056918e-16,
    0.04884732349893033,
    -0.06993200691818058,
    0.024954995937734214,
    0.13762841210265814,
    -5.685414109359034e-17,
    4.916490831823324e-17,
    -0.07641309951051822,
    -3.337977685260721,
    -1.6560262566397705,
    -3.0229545562761264e-16,
    2.2450230212431976e-16,
    0.12905168168926273,
    -1.2657581558235962,
    -1.5299549247231442e-17,
    -1.5475581987316782e-16,
    -0.420771162602655,
    0.04447199647275149,
    -1.588757549642156e-17,
    -2.1663020300418102e-16,
    0.003943299402269118,
    1.4009090399323762e-17,
    1.21323329087999e-16,
    0.04447199647275153,
    -0.4207711626026551,
    1.2518459810973955e-17,
    1.8551120449255826e-16,
    0.09926262169633884,
    0.003943299402269118,
    0.0032017938266779063,
    0.08656075171194706,
    -1.6651102898399472e-17,
    3.608043362720485e-18,
    -0.42713504645577255,
    0.17774741918701054,
    -4.887271986599168e-18,
    1.1380934539464585e-18,
    -0.010865918360621896,
    -0.7404862858208646,
    -0.6184269665753237,
    0.2216949353942944,
    -0.2216949353942944,
    0.257357334108406,
    -0.5523757510395826,
    0.15986441030023385,
    -0.15986441030023452,
    0.19166837308430773,
    -0.2109996133855394,
    -1.3999017323080065,
    -0.8743135268640078,
    0.10696725117823183,
    -0.10696725117823189,
    0.1741531547447619,
    -0.7236432434323385,
    0.05754577906728295,
    -0.05754577906728267,
    0.15951293581328407,
    -0.509063145490062,
    -0.46519768420201146,
    -0.7404862858208647,
    -0.6184269665753228,
    -0.22169493539429486,
    0.2216949353942946,
    0.2573573341084062,
    -0.5523757510395821,
    -0.15986441030023385,
    0.15986441030023363,
    0.19166837308430706,
    -0.1450829793088862,
    -0.2978301549444041,
    -0.2109996133855384,
    -1.399901732308007,
    -0.8743135268640095,
    -0.10696725117823225,
    0.1069672511782323,
    0.17415315474476167,
    -0.7236432434323394,
    -0.05754577906728313,
    0.05754577906728309,
    0.15951293581328424,
    -0.29783015494440435,
    -0.41734975356852544,
    -0.5090631454900612,
    -0.46519768420201046
  ],
  "OQP::E_MO_A": [
    -18.74687019986674,
    -0.9316402699933879,
    -0.4806048242622763,
    -0.29242977027451705,
    -0.22810924547569505,
    0.0395267472854457,
    0.12773355052748092,
    0.77669163160044,
    0.8299633228804343,
    0.8421092084833036,
    0.9102532111142762,
    1.018128271065199,
    1.3670124904074819
  ],