{
  "OQP::DM_A": [
    2.0843076485174796,
    -0.17859754561963678,
    0.5059809497216609,
    -7.641137560320795e-16,
    -1.0780600085885375e-15,
    0.6773575215307011,
    2.0857041370344908e-16,
    4.1069246199243356e-16,
    0.14760143171432347,
    0.6773575215306981,
    -0.03839138461670572,
    0.08008559397902587,
    -3.9779418382665715e-16,
    -2.1437149397174678e-16,
    0.6434061652069422,
    -0.2702647697502824,
    0.5550549680144761,
    2.7846967574449997e-15,
    2.816145532823407e-15,
    0.25414057551607716,
    0.6552710805330669,
    8.551473303085828e-16,
    -4.509134816638954e-16,
    0.4525226628710189,
    0.2017023315229973,
    -1.9514938428443146e-16,
    2.3642985737506605e-15,
    0.31879028839817963,
    -8.258049521624197e-16,
    -1.223549706821685e-16,
    0.2017023315229967,
    0.45252266287101856,
    -2.5393656404245265e-16,
    2.0243924332806462e-15,
    0.2000359412054226,
    0.3187902883981801,
    -0.0343238247102251,
    0.09016117856280532,
    -1.4315036359818398e-15,
    -5.230981964920144e-16,
    0.4483821610919316,
    0.213197753783964,
    -9.12923856678317e-16,
    -6.141519184948544e-16,
    0.31486099425593445,
    -0.03870737823376528,
    0.08506125942386088,
    -0.1947473575229268,
    0.19474735752292793,
    -0.19516248994322208,
    0.0387351243491714,
    -0.09220582392924072,
    0.09220582392924254,
    -0.1284599592807798,
    0.22656316012236216,
    0.02092581955180472,
    -0.035668505755083686,
    -0.09891325654593626,
    0.09891325654593125,
    -0.09804763006376589,
    -0.06373210894143734,
    -0.046831846312825526,
    0.046831846312822036,
    -0.06993807094805356,
    0.09725102237151698,
    0.05301168345688778,
    -0.038707378233765605,
    0.08506125942386118,
    0.1947473575229285,
    -0.19474735752292885,
    -0.19516248994321986,
    0.03873512434917341,
    0.09220582392924166,
    -0.09220582392924291,
    -0.12845995928077877,
    -0.05980661639353722,
    -0.04819776590374447,
    0.22656316012236316,
    0.02092581955180381,
    -0.03566850575508607,
    0.0989132565459317,
    -0.0989132565459351,
    -0.09804763006376653,
    -0.0637321089414394,
    0.046831846312821966,
    -0.046831846312825165,
    -0.06993807094805443,
    -0.04819776590374349,
    -0.020862557980623107,
    0.09725102237151657,
    0.05301168345688784
  ],
  "OQP::FOCK_A": [
    -19.614173039342674,
    -4.908715702007855,
    -1.934100113694584,
    1.0111767673004025e-16,
    -8.11273163759471e-17,
    -0.12794243125352445,
    2.5279649636692353e-17,
    7.363388410490193e-17,
    0.012280124183007762,
    -0.12794243125352256,
    0.0289246342922772,
    0.11869085542523532,
    1.0542381430719549e-16,
    1.0579407017042466e-16,
    -0.12956993921025733,
    -3.473299640644982,
    -1.8738331585959507,
    -2.1376464313016965e-17,
    1.123270474389938e-16,
    0.1277658339714982,
    -1.465904132140884,
    1.206249968976492e-17,
    3.3916517248126817e-17,
    -0.5515938930414357,
    0.03177831632578519,
    3.5619358397410543e-17,
    6.455991821117605e-17,
    -0.06366544728961152,
    4.6576117075112535e-18,
    -5.294731880908108e-17,
    0.03177831632578523,
    -0.5515938930414351,
    1.159755463738518e-16,
    8.130535709265708e-17,
    0.10260784928570527,
    -0.06366544728961246,
    0.0046056380003799136,
    0.07976051193949708,
    1.077929709833454e-16,
    -6.681991254888345e-17,
    -0.5585119377575334,
    0.186984237345091,
    8.86235471148047e-17,
    4.435891256477064e-17,
    -0.08102829724266392,
    -0.7723576756380329,
    -0.7171959321788738,
    0.283707939933564,
    -0.283707939933564,
    0.3241911177974239,
    -0.6394636144248677,
    0.19940313826804046,
    -0.19940313826804176,
    0.23306286964844097,
    -0.2549075369500823,
    -1.4582143743984637,
    -1.0124266057655174,
    0.1427286328696265,
    -0.1427286328696255,
    0.2186602185132301,
    -0.8422814743173364,
    0.07638397214144244,
    -0.07638397214144241,
    0.18857247503587957,
    -0.5858501042837777,
    -0.5363744730137645,
    -0.7723576756380329,
    -0.7171959321788736,
    -0.2837079399335649,
    0.2837079399335647,
    0.32419111779742255,
    -0.639463614424869,
    -0.19940313826804001,
    0.19940313826804112,
    0.23306286964844009,
    -0.16450350139402375,
    -0.34032347646768824,
    -0.25490753695008417,
    -1.4582143743984641,
    -1.0124266057655174,
    -0.1427286328696255,
    0.1427286328696258,
    0.21866021851322998,
    -0.8422814743173368,
    -0.07638397214144223,
    0.07638397214144266,
    0.18857247503588065,
    -0.34032347646768735,
    -0.47902410611954205,
    -0.5858501042837773,
    -0.5363744730137636
  ],
  "OQP::E_MO_A": [
    -19.62051016422026,
    -1.1403466286152695,
    -0.6094405641260573,
    -0.437108256943768,
    -0.3776825034892249,
    0.11203297848308796,
    0.20363144825129584,
    0.8854610637453917,
    0.9717910754465138,
    0.9728847522802413,
    1.0245776703596767,
    1.1521563894677764,
    1.4736319954326627
  ],