{
  "OQP::DM_A": [
    2.0817397716363626,
    -0.1589291061236625,
    0.48735457955434514,
    -1.0557931973354686e-15,
    3.554066347108068e-16,
    0.6747479156740961,
    7.7440690069960875e-16,
    -4.618411748278703e-16,
    0.13512309285088459,
    0.6747479156740975,
    -0.03711705145895275,
    0.06585255856133994,
    -2.2224512776941215e-15,
    1.95283292540976e-15,
    0.6385780016043665,
    -0.2939349505737836,
    0.5567817220310801,
    4.2155165056672605e-15,
    -3.509215975087098e-15,
    0.2774804134004218,
    0.7067360683279298,
    2.2457176346355093e-15,
    -2.3685299633210565e-15,
    0.44692048455556505,
    0.20937307937930588,
    -3.3386931586824584e-15,
    -1.6094259505658698e-15,
    0.3182048444355956,
    -2.109186374849677e-15,
    2.439056957683584e-15,
    0.20937307937930338,
    0.44692048455556244,
    3.117578199178299e-15,
    2.3313002021318613e-15,
    0.21363447013229586,
    0.31820484443559083,
    -0.035587245638037814,
    0.08766339548255117,
    -2.0870767165080778e-15,
    1.6902860566946322e-15,
    0.43972843658984023,
    0.2373913711200201,
    -2.7794111592884582e-15,
    2.4706287695908785e-15,
    0.30653228839961244,
    -0.039265041964101466,
    0.08533892823427161,
    -0.1907702257338573,
    0.1907702257338588,
    -0.19049747332624434,
    0.033476795079991246,
    -0.0839786647895056,
    0.08397866478950639,
    -0.12196252299426301,
    0.21478002156640874,
    0.026110563949667764,
    -0.038396614674239535,
    -0.11908745926613416,
    0.11908745926613631,
    -0.11952112645054225,
    -0.08115754556332175,
    -0.05242330549158406,
    0.05242330549158552,
    -0.084579447834718,
    0.11407282515685599,
    0.0764035948412733,
    -0.03926504196410103,
    0.08533892823427107,
    0.1907702257338568,
    -0.1907702257338577,
    -0.19049747332624606,
    0.03347679507999581,
    0.08397866478950584,
    -0.08397866478950608,
    -0.12196252299426494,
    -0.05498724996972708,
    -0.05432818625262121,
    0.2147800215664063,
    0.026110563949660655,
    -0.038396614674228724,
    0.11908745926612715,
    -0.11908745926613114,
    -0.11952112645053212,
    -0.08115754556330287,
    0.05242330549158178,
    -0.052423305491584714,
    -0.08457944783471062,
    -0.05432818625261863,
    -0.028719982538039122,
    0.11407282515684963,
    0.07640359484126243
  ],
  "OQP::FOCK_A": [
    -18.503954735778017,
    -4.734909817299547,
    -1.6977886851215365,
    -8.54407734169623e-17,
    -6.297566965776419e-16,
    -0.02006158406219749,
    1.479534366414855e-16,
    5.280962580246983e-16,
    0.05196791036413556,
    -0.020061584062199267,
    0.0248233054217139,
    0.1419508993144255,
    -1.3414722605369485e-16,
    9.192281954191065e-17,
    -0.027021475963755814,
    -3.324856618082692,
    -1.6138614291084892,
    -6.131710656790961e-16,
    5.497700837855727e-16,
    0.1316601449804807,
    -1.2174006291761499,
    -1.8846461947899012e-17,
    -4.061330827716513e-16,
    -0.3930073546026103,
    0.04521947472666932,
    -2.38292837019945e-17,
    -8.742609400130235e-16,
    0.04289524590840804,
    9.001200150699514e-18,
    4.029918474382786e-16,
    0.04521947472666932,
    -0.3930073546026097,
    1.8814177810772263e-17,
    7.880124545325515e-16,
    0.0985913935619267,
    0.042895245908407986,
    0.0032533710674194707,
    0.08807976537420246,
    -3.1481525344867966e-17,
    1.7432178003263327e-17,
    -0.3992945576854484,
    0.17812103888766972,
    9.431912688139031e-17,
    -7.894269914827627e-17,
    0.028825013268058308,
    -0.7377978581133688,
    -0.6039973803877758,
    0.2119550009303707,
    -0.21195500093037073,
    0.24731281669739258,
    -0.5291970353428035,
    0.14218011428047517,
    -0.14218011428047583,
    0.172871816989831,
    -0.14560860242089363,
    -1.3945326359921957,
    -0.8533247058071807,
    0.10251277359037825,
    -0.10251277359037804,
    0.17042417472615187,
    -0.6935508540972157,
    0.04747963139353438,
    -0.04747963139353452,
    0.14900563919350746,
    -0.476302861404392,
    -0.42905810163368746,
    -0.7377978581133692,
    -0.6039973803877763,
    -0.2119550009303716,
    0.2119550009303718,
    0.247312816697392,
    -0.5291970353428049,
    -0.14218011428047594,
    0.1421801142804764,
    0.17287181698983187,
    -0.14248594112742474,
    -0.2865847089572385,
    -0.14560860242089668,
    -1.3945326359921961,
    -0.853324705807181,
    -0.10251277359037844,
    0.10251277359037857,
    0.17042417472615193,
    -0.6935508540972191,
    -0.047479631393535296,
    0.047479631393535726,
    0.14900563919350776,
    -0.2865847089572377,
    -0.39755561788028143,
    -0.4763028614043935,
    -0.4290581016336901
  ],
  "OQP::E_MO_A": [
    -18.514816496190768,
    -0.8705614332086424,
    -0.42875923516309444,
    -0.2383807775558364,
    -0.17770686943698533,
    0.07450149645219509,
    0.16410201882958064,
    0.8350173392023363,
    0.8754418277123343,
    0.8778953173757444,
    0.9597867177096772,
    1.047811725867823,
    1.4079078818822006
  ],