{
  "atoms": [
    8,
    1,
    1
  ],
  "coord": [
    0.0,
    0.0,
    -0.07759509131153179,
    -1.007591253013608,
    1.007591253013608,
    -1.1611785434815982,
    1.007591253013608,
    -1.007591253013608,
    -1.1611785434815982
  ],
  "energy": -76.34703705197902,
  "td_energies": [
    0.29080178527419204,
    0.36462862284262165,
    0.37020633060305785,
    0.4562264607882849,
    0.5505468561581667,
    0.6759790002965255,
    1.0301797705498106,
    1.039970085569767,
    1.0774630400461698,
    1.1131712347455
  ],
  "grad": [
    -7.352517032710448e-15,
    3.7838655819744105e-17,
    -0.16372062465631498,
    0.08651043427144911,
    -0.08651043427144861,
    0.08185895371906715,
    -0.0865104342714404,
    0.08651043427143978,
    0.0818589537190616
  ],
  "nac": [],
  "soc": [],
  "hess": []
}