{
  "atoms": [
    8,
    1,
    1
  ],
  "coord": [
    0.0,
    0.0,
    -0.07759509131153179,
    -1.007591253013608,
    1.007591253013608,
    -1.1611785434815982,
    1.007591253013608,
    -1.007591253013608,
    -1.1611785434815982
  ],
  "energy": -76.04599028875086,
  "td_energies": [
    -0.21397701105146918,
    0.1211262186095815,
    0.15371587035352866,
    0.21429719006443226,
    0.36530311477256006,
    0.6066508610649449
  ],
  "grad": [
    -2.0179273155880237e-13,
    1.9617034369536282e-13,
    -0.15293162195127308,
    0.08224496694133679,
    -0.08224496694133804,
    0.07646479879983958,
    -0.08224496694113523,
    0.08224496694113612,
    0.0764647987996111
  ],
  "nac": [],
  "soc": [],
  "hess": []
}