{
  "atoms": [
    8,
    1,
    1
  ],
  "coord": [
    0.0,
    0.0,
    -0.07759509131153179,
    -1.007591253013608,
    1.007591253013608,
    -1.1611785434815982,
    1.007591253013608,
    -1.007591253013608,
    -1.1611785434815982
  ],
  "energy": -75.15222039358136,
  "td_energies": [
    0.2674345273180085,
    0.3366484663647726,
    0.35033307220910764,
    0.43331878978496435,
    0.5341414361854872,
    0.6680626082307486,
    0.989968127387394,
    1.0177409538048412,
    1.0656148801216097,
    1.0680631302783272
  ],
  "grad": [
    -6.8504772167410355e-15,
    6.809873845381453e-16,
    -0.1750289726727352,
    0.09533597390615967,
    -0.09533597390615861,
    0.0875138024317621,
    -0.0953359739061575,
    0.09533597390615856,
    0.08751380243175622
  ],
  "nac": [],
  "soc": [],
  "hess": []
}