{
  "OQP::DM_A": [
    2.084288688715629,
    -0.17805322422684616,
    0.5108574510961361,
    -8.263914259272597e-16,
    5.366642111068633e-16,
    0.6808983869668989,
    4.3449639168868764e-16,
    -4.623100208776173e-16,
    0.1514400499083291,
    0.6808983869668991,
    -0.03916039934172326,
    0.08310346834064886,
    -1.3571372036553518e-15,
    4.79924157872804e-16,
    0.646338155463744,
    -0.2727259365543076,
    0.5580543000647891,
    1.1691874592818252e-15,
    4.859910158723155e-16,
    0.2546938832080848,
    0.6548933134281248,
    1.8400175221395295e-15,
    -1.7427876542485061e-15,
    0.45188983201271404,
    0.20125519060402736,
    -2.7483758766080336e-15,
    -1.866844162241921e-15,
    0.3155876322473801,
    -1.683802892000804e-15,
    1.7689830421926178e-15,
    0.20125519060402694,
    0.4518898320127138,
    2.139716307587679e-15,
    3.1355913522110255e-15,
    0.19694236957563166,
    0.31558763224737957,
    -0.0335192749384469,
    0.08921689469685633,
    -8.985803170778048e-16,
    2.267899521788215e-16,
    0.44722537956614805,
    0.2093703903870885,
    -2.000403739179166e-15,
    1.5267217698473747e-15,
    0.31147301013051754,
    -0.039094209499183234,
    0.08544963454305791,
    -0.19477288029724107,
    0.19477288029724135,
    -0.1959547286925477,
    0.039461917291430816,
    -0.09220145872221054,
    0.09220145872221072,
    -0.1286012367833552,
    0.22726761902643072,
    0.02226595808299431,
    -0.038289683197531156,
    -0.0989835088728062,
    0.0989835088728051,
    -0.09849208393002658,
    -0.06600306810001891,
    -0.04685674870951146,
    0.04685674870951059,
    -0.06975848277380506,
    0.09697156287940618,
    0.05335936254279284,
    -0.03909420949918188,
    0.08544963454305583,
    0.19477288029724169,
    -0.1947728802972412,
    -0.1959547286925507,
    0.03946191729142787,
    0.09220145872221133,
    -0.09220145872221101,
    -0.12860123678335733,
    -0.059338311933435306,
    -0.048681469857340606,
    0.2272676190264309,
    0.022265958082987064,
    -0.03828968319751877,
    0.09898350887280287,
    -0.09898350887280537,
    -0.09849208393001306,
    -0.06600306810000227,
    0.046856748709510114,
    -0.0468567487095121,
    -0.06975848277379501,
    -0.048681469857341834,
    -0.0206614571742398,
    0.09697156287940349,
    0.05335936254278631
  ],
  "OQP::FOCK_A": [
    -19.67466026772662,
    -4.942592284758383,
    -1.960835022080238,
    6.060994424491309e-17,
    -2.8975048727935066e-16,
    -0.12726239291698938,
    -2.5128734937987534e-18,
    2.600781085709243e-16,
    0.009254438310041605,
    -0.12726239291698938,
    0.02774879263213757,
    0.11666270825299474,
    4.707239390216774e-16,
    -2.2514744443192823e-16,
    -0.1287059562595958,
    -3.4945779997231163,
    -1.8999941781174248,
    -1.258816437873649e-16,
    1.665852224946887e-16,
    0.12812205421903264,
    -1.4823721034015478,
    -1.7751308366161226e-17,
    -2.1543844087584982e-16,
    -0.5564713513462881,
    0.03274938055763734,
    1.7647075100335226e-16,
    -2.915134338119615e-16,
    -0.058633720370842746,
    2.6367303032718065e-17,
    1.8542539822359995e-16,
    0.03274938055763733,
    -0.5564713513462871,
    -1.6756939944995468e-17,
    3.060839145554492e-16,
    0.10384824340185131,
    -0.0586337203708428,
    0.004316215243333982,
    0.08163654671239037,
    2.151157916885348e-16,
    -1.3884886312347938e-16,
    -0.5634770857580319,
    0.1888147727233059,
    2.8394593542028436e-17,
    9.94889758796299e-19,
    -0.07628609790447419,
    -0.7772956813375069,
    -0.7285035646980439,
    0.2872621273427741,
    -0.28726212734277373,
    0.3281064848880557,
    -0.647919095214991,
    0.20051632247412748,
    -0.20051632247412748,
    0.2346964780396409,
    -0.2526864609839595,
    -1.4672761692672762,
    -1.0255823392896986,
    0.14353237324233412,
    -0.14353237324233345,
    0.21954764535545868,
    -0.8512165930476115,
    0.07624504195618384,
    -0.07624504195618385,
    0.18873451239015832,
    -0.5921308143109258,
    -0.5428523714859833,
    -0.7772956813375069,
    -0.7285035646980434,
    -0.287262127342775,
    0.28726212734277434,
    0.3281064848880568,
    -0.64791909521499,
    -0.20051632247412784,
    0.20051632247412787,
    0.23469647803964172,
    -0.1671107263278936,
    -0.3448631636916386,
    -0.2526864609839592,
    -1.4672761692672764,
    -1.0255823392897017,
    -0.1435323732423333,
    0.14353237324233342,
    0.21954764535545815,
    -0.8512165930476141,
    -0.07624504195618376,
    0.07624504195618355,
    0.18873451239015873,
    -0.3448631636916386,
    -0.484398354771856,
    -0.5921308143109243,
    -0.5428523714859859
  ],
  "OQP::E_MO_A": [
    -19.681764169862983,
    -1.157881691899828,
    -0.6127747296871492,
    -0.4403187385484667,
    -0.37959077793757917,
    0.10704754584852177,
    0.20075601420799136,
    0.9056675348982519,
    0.9841803008008554,
    0.9939267643414874,
    1.044164165504563,
    1.1783036253749197,
    1.514404560623829
  ],