{
  "OQP::DM_A": [
    2.0817397716363613,
    -0.15892910612366146,
    0.4873545795543459,
    -8.14857088044029e-16,
    2.1626377843178993e-17,
    0.6747479156740979,
    6.766101403884676e-16,
    -1.1097404476219626e-16,
    0.1351230928508834,
    0.6747479156740939,
    -0.0371170514589526,
    0.0658525585613381,
    -1.6844820512497884e-18,
    3.456298018095659e-16,
    0.6385780016043677,
    -0.293934950573784,
    0.5567817220310775,
    -2.7334665072001663e-16,
    -1.5707919277941592e-15,
    0.2774804134004237,
    0.7067360683279257,
    1.4532609288542806e-15,
    -6.865361742955881e-16,
    0.4469204845555643,
    0.20937307937930263,
    -7.252528955920907e-16,
    -1.5461780373551529e-15,
    0.3182048444355932,
    -1.101627468701841e-15,
    5.166019476737271e-16,
    0.2093730793793042,
    0.4469204845555647,
    6.230112941228608e-16,
    -2.0016307687691284e-16,
    0.21363447013229536,
    0.31820484443559566,
    -0.035587245638037196,
    0.08766339548255087,
    4.3371868051849014e-16,
    6.403794876091801e-16,
    0.43972843658984084,
    0.23739137112002207,
    -2.0283722081296733e-16,
    8.065453838690302e-16,
    0.30653228839961283,
    -0.03926504196410138,
    0.08533892823427246,
    -0.19077022573385724,
    0.19077022573385805,
    -0.19049747332624542,
    0.03347679507999254,
    -0.08397866478950586,
    0.08397866478950734,
    -0.12196252299426383,
    0.21478002156640777,
    0.026110563949665593,
    -0.038396614674233234,
    -0.11908745926613058,
    0.11908745926613111,
    -0.11952112645053797,
    -0.08115754556331242,
    -0.052423305491583215,
    0.05242330549158418,
    -0.0845794478347148,
    0.1140728251568522,
    0.07640359484126688,
    -0.03926504196410091,
    0.08533892823427172,
    0.19077022573385832,
    -0.1907702257338575,
    -0.1904974733262461,
    0.03347679507999233,
    0.08397866478950684,
    -0.08397866478950676,
    -0.12196252299426433,
    -0.05498724996972694,
    -0.054328186252618545,
    0.21478002156640802,
    0.02611056394966241,
    -0.03839661467423084,
    0.11908745926613057,
    -0.11908745926612922,
    -0.11952112645053564,
    -0.08115754556330838,
    0.05242330549158394,
    -0.052423305491583215,
    -0.084579447834713,
    -0.054328186252618156,
    -0.02871998253803786,
    0.11407282515685148,
    0.07640359484126487
  ],
  "OQP::FOCK_A": [
    -18.50395473577802,
    -4.734909817299548,
    -1.6977886851215365,
    -6.81136923958312e-17,
    -2.6840384852675427e-16,
    -0.020061584062201154,
    4.46582478681934e-17,
    1.297031489734048e-17,
    0.05196791036413542,
    -0.020061584062198934,
    0.024823305421713855,
    0.1419508993144255,
    -1.3148239906943929e-17,
    3.2027999218624204e-17,
    -0.027021475963755703,
    -3.324856618082691,
    -1.6138614291084892,
    -2.0446350316090622e-16,
    6.567809216456265e-18,
    0.1316601449804808,
    -1.217400629176148,
    -8.316259732672909e-18,
    -1.075688399175629e-16,
    -0.39300735460261027,
    0.04521947472666924,
    -1.307809424375787e-18,
    -1.6580156632455385e-16,
    0.04289524590840804,
    -6.670426948175564e-19,
    8.858558390082537e-18,
    0.04521947472666925,
    -0.3930073546026102,
    9.577575929310661e-18,
    4.585068460194694e-17,
    0.09859139356192663,
    0.04289524590840704,
    0.0032533710674194664,
    0.08807976537420252,
    -4.953607353817797e-18,
    5.13744183430796e-18,
    -0.3992945576854476,
    0.17812103888766992,
    -8.046378560175847e-19,
    3.4686408475548397e-18,
    0.028825013268058197,
    -0.7377978581133691,
    -0.6039973803877763,
    0.21195500093037117,
    -0.21195500093037115,
    0.24731281669739175,
    -0.5291970353428043,
    0.14218011428047592,
    -0.14218011428047683,
    0.17287181698983195,
    -0.14560860242089568,
    -1.3945326359921961,
    -0.8533247058071816,
    0.10251277359037836,
    -0.10251277359037836,
    0.1704241747261518,
    -0.6935508540972165,
    0.04747963139353463,
    -0.047479631393535005,
    0.14900563919350757,
    -0.47630286140439254,
    -0.4290581016336888,
    -0.7377978581133692,
    -0.6039973803877758,
    -0.21195500093037162,
    0.2119550009303714,
    0.24731281669739175,
    -0.5291970353428042,
    -0.14218011428047608,
    0.14218011428047592,
    0.1728718169898313,
    -0.14248594112742485,
    -0.28658470895723853,
    -0.14560860242089563,
    -1.3945326359921966,
    -0.8533247058071811,
    -0.10251277359037812,
    0.10251277359037815,
    0.17042417472615193,
    -0.6935508540972183,
    -0.047479631393535254,
    0.047479631393535005,
    0.14900563919350798,
    -0.2865847089572381,
    -0.3975556178802814,
    -0.476302861404392,
    -0.42905810163368957
  ],
  "OQP::E_MO_A": [
    -18.514816496190768,
    -0.8705614332086391,
    -0.42875923516309067,
    -0.23838077755583387,
    -0.17770686943698413,
    0.07450149645219696,
    0.16410201882958075,
    0.8350173392023346,
    0.8754418277123347,
    0.8778953173757442,
    0.9597867177096772,
    1.0478117258678223,
    1.4079078818822046
  ],