{
  "atoms": [
    8,
    1,
    1
  ],
  "coord": [
    0.0,
    0.0,
    -0.07759509131153179,
    -1.007591253013608,
    1.007591253013608,
    -1.1611785434815982,
    1.007591253013608,
    -1.007591253013608,
    -1.1611785434815982
  ],
  "energy": -76.34830255707621,
  "td_energies": [
    0.3052164221520295,
    0.3792600407229048,
    0.38564765676885704,
    0.4696625754485846,
    0.5541577646425994,
    0.693557028953376,
    1.036415169963757,
    1.0669715586536905,
    1.0746277872472525,
    1.116390374535961
  ],
  "grad": [
    1.8504728999113595e-14,
    6.032934568578341e-15,
    -0.010626308986286137,
    0.0869424906697206,
    -0.08694249066970827,
    0.005443495701157541,
    -0.0869424906696954,
    0.08694249066970261,
    0.005443495701148882
  ],
  "nac": [],
  "soc": [],
  "hess": []
}