{
  "OQP::DM_A": [
    2.083811441685884,
    -0.17204413716542716,
    0.5095265901388565,
    -7.871606351442844e-16,
    1.0424416992424364e-16,
    0.6826877001542067,
    5.137309741887263e-16,
    -2.2655922272319865e-16,
    0.14453107312875613,
    0.6826877001542062,
    -0.03830480977758743,
    0.07410828121234479,
    -1.0042793428816546e-15,
    1.066620931272675e-15,
    0.6437858059257644,
    -0.2845134292391961,
    0.5641875803134945,
    2.174592684226612e-15,
    -1.9320420729355622e-15,
    0.2756908547868906,
    0.6879379473024022,
    2.5123654230964406e-15,
    -2.9793705740339815e-15,
    0.4443693809816586,
    0.20952962751030008,
    -3.622921350788066e-15,
    -3.2587997937293305e-15,
    0.30968615326625787,
    -2.2992135107126513e-15,
    2.869996712379152e-15,
    0.20952962751029966,
    0.4443693809816581,
    3.343478273908008e-15,
    3.3179239695633436e-15,
    0.20720723348538062,
    0.30968615326625726,
    -0.0346397282689451,
    0.08886479352388242,
    -1.6243520660350708e-15,
    1.7202671493728238e-15,
    0.4325923569156484,
    0.22658605769670417,
    -3.0409418181834878e-15,
    2.8986978302250517e-15,
    0.29373585070253005,
    -0.038960936291895586,
    0.08638039258922987,
    -0.1985498211212482,
    0.19854982112124875,
    -0.201879214758606,
    0.030685342549713546,
    -0.08664278892488833,
    0.086642788924889,
    -0.12713420319350852,
    0.23389912057547152,
    0.026594594991975393,
    -0.04362562073939334,
    -0.10865010881818649,
    0.1086501088181866,
    -0.11386178888639105,
    -0.08162097319673296,
    -0.047412525439907115,
    0.047412525439907316,
    -0.07886957033516162,
    0.10913123815524844,
    0.06591398364496448,
    -0.03896093629189434,
    0.0863803925892278,
    0.19854982112124853,
    -0.19854982112124844,
    -0.20187921475860773,
    0.03068534254971396,
    0.08664278892488944,
    -0.08664278892488934,
    -0.1271342031935113,
    -0.05911618008282917,
    -0.05121211608266116,
    0.23389912057547066,
    0.026594594991967136,
    -0.04362562073937891,
    0.1086501088181826,
    -0.1086501088181835,
    -0.11386178888637494,
    -0.08162097319671081,
    0.04741252543990675,
    -0.04741252543990746,
    -0.07886957033515062,
    -0.05121211608266135,
    -0.021828844768785202,
    0.10913123815524349,
    0.06591398364495414
  ],
  "OQP::FOCK_A": [
    -18.73862658752521,
    -4.739044993715009,
    -1.7516022298843164,
    -1.3851880488219346e-16,
    -6.581703325381055e-16,
    -0.06993200691816781,
    1.2413730375257573e-16,
    5.715151074000491e-16,
    0.04884732349893023,
    -0.06993200691816748,
    0.02495499593773422,
    0.13762841210265822,
    -9.777657708947581e-17,
    7.195999016211091e-17,
    -0.07641309951050856,
    -3.337977685260718,
    -1.6560262566397623,
    -5.79377721983496e-16,
    5.21059902085759e-16,
    0.1290516816892629,
    -1.2657581558235889,
    -2.507457625389386e-17,
    -3.688902831899379e-16,
    -0.4207711626026513,
    0.044471996472751456,
    -2.0578342090000967e-17,
    -7.048062123979378e-16,
    0.00394329940227206,
    2.2753851674550934e-17,
    3.2512596440816973e-16,
    0.04447199647275149,
    -0.4207711626026509,
    2.8850832851584866e-17,
    6.126719271979527e-16,
    0.09926262169633883,
    0.003943299402272116,
    0.00320179382667791,
    0.0865607517119471,
    -2.1173206349064237e-17,
    1.5877160907799133e-17,
    -0.4271350464557683,
    0.17774741918701076,
    2.426138036641286e-17,
    -2.8747964301385184e-17,
    -0.010865918360617122,
    -0.7404862858208638,
    -0.6184269665753207,
    0.22169493539429275,
    -0.2216949353942925,
    0.2573573341084047,
    -0.5523757510395795,
    0.15986441030023213,
    -0.1598644103002328,
    0.19166837308430504,
    -0.21099961338553508,
    -1.399901732308005,
    -0.8743135268640044,
    0.10696725117823123,
    -0.10696725117823137,
    0.17415315474476128,
    -0.7236432434323314,
    0.05754577906728145,
    -0.05754577906728138,
    0.15951293581328307,
    -0.509063145490058,
    -0.4651976842020069,
    -0.7404862858208638,
    -0.6184269665753211,
    -0.22169493539429383,
    0.22169493539429358,
    0.25735733410840433,
    -0.5523757510395798,
    -0.15986441030023277,
    0.15986441030023255,
    0.19166837308430573,
    -0.14508297930888592,
    -0.29783015494440335,
    -0.2109996133855352,
    -1.3999017323080054,
    -0.8743135268640063,
    -0.10696725117823162,
    0.10696725117823165,
    0.17415315474476106,
    -0.7236432434323357,
    -0.05754577906728224,
    0.05754577906728199,
    0.1595129358132834,
    -0.297830154944403,
    -0.4173497535685235,
    -0.5090631454900584,
    -0.465197684202008
  ],
  "OQP::E_MO_A": [
    -18.74687019986678,
    -0.9316402699934048,
    -0.4806048242622838,
    -0.29242977027452366,
    -0.22810924547570238,
    0.039526747285437244,
    0.12773355052747698,
    0.776691631600434,
    0.8299633228804243,
    0.8421092084832983,
    0.9102532111142696,
    1.018128271065192,
    1.3670124904074583
  ],