{
  "OQP::DM_A": [
    2.0843076485174774,
    -0.17859754561963723,
    0.5059809497216634,
    -8.942866058921364e-16,
    -1.9751619277183594e-15,
    0.6773575215307013,
    5.205524726609271e-16,
    1.6835464371735287e-15,
    0.14760143171432324,
    0.677357521530694,
    -0.03839138461670667,
    0.08008559397902808,
    -4.662194346085181e-16,
    -6.904920871470882e-18,
    0.6434061652069453,
    -0.2702647697502806,
    0.5550549680144709,
    5.227849986409014e-15,
    -2.7507754630121014e-15,
    0.2541405755160789,
    0.6552710805330527,
    1.4910044292390052e-15,
    -2.1262104851570916e-15,
    0.4525226628710184,
    0.20170233152299769,
    -5.302049438124868e-16,
    1.54600464783198e-15,
    0.31879028839817924,
    -1.3174487633986569e-15,
    1.861703927106846e-15,
    0.20170233152299707,
    0.4525226628710162,
    9.336499550168975e-17,
    3.5086510426543926e-16,
    0.20003594120542317,
    0.318790288398179,
    -0.03432382471022607,
    0.09016117856280795,
    -1.5012663341557091e-15,
    6.038840178551767e-16,
    0.44838216109193035,
    0.21319775378396488,
    -1.090936686985629e-15,
    3.355653551484683e-16,
    0.3148609942559314,
    -0.0387073782337647,
    0.0850612594238619,
    -0.19474735752292668,
    0.19474735752292818,
    -0.195162489943222,
    0.03873512434916727,
    -0.09220582392924014,
    0.0922058239292429,
    -0.128459959280778,
    0.22656316012236272,
    0.020925819551805044,
    -0.035668505755082416,
    -0.09891325654593786,
    0.09891325654593755,
    -0.09804763006376811,
    -0.06373210894143794,
    -0.04683184631282508,
    0.04683184631282565,
    -0.06993807094805438,
    0.09725102237152099,
    0.05301168345689134,
    -0.03870737823376479,
    0.08506125942385931,
    0.1947473575229274,
    -0.19474735752292868,
    -0.1951624899432232,
    0.03873512434917301,
    0.09220582392924014,
    -0.09220582392924272,
    -0.1284599592807801,
    -0.05980661639353654,
    -0.04819776590374599,
    0.2265631601223642,
    0.020925819551801037,
    -0.035668505755079453,
    0.09891325654593167,
    -0.09891325654593515,
    -0.09804763006376527,
    -0.06373210894142953,
    0.04683184631282174,
    -0.046831846312825276,
    -0.0699380709480528,
    -0.04819776590374276,
    -0.020862557980625047,
    0.09725102237151816,
    0.053011683456886824
  ],
  "OQP::FOCK_A": [
    -19.61417303934268,
    -4.908715702007856,
    -1.934100113694591,
    5.3577340865329665e-17,
    -9.684354183968695e-17,
    -0.12794243125353494,
    -1.7306278281458468e-17,
    8.563437341501083e-17,
    0.012280124183007808,
    -0.12794243125352966,
    0.02892463429227765,
    0.11869085542523532,
    1.2676936133971087e-16,
    -2.4299922001415703e-17,
    -0.12956993921026966,
    -3.4732996406449823,
    -1.8738331585959551,
    -4.7994061090177077e-17,
    9.339602712436815e-17,
    0.12776583397149824,
    -1.4659041321408874,
    2.6433982801556135e-17,
    1.4898219504408268e-17,
    -0.5515938930414378,
    0.03177831632578534,
    9.776656619627262e-17,
    -4.4293831944436524e-17,
    -0.06366544728961596,
    -2.4123923544040876e-17,
    -2.5853473156135083e-17,
    0.031778316325785205,
    -0.5515938930414374,
    1.9838264632240482e-17,
    4.57790620312357e-17,
    0.10260784928570531,
    -0.0636654472896151,
    0.004605638000380086,
    0.07976051193949703,
    5.654379413579495e-17,
    -1.8617714424290722e-17,
    -0.5585119377575347,
    0.1869842373450912,
    -1.2704457737684925e-18,
    8.34831175884315e-17,
    -0.08102829724266464,
    -0.7723576756380334,
    -0.7171959321788751,
    0.2837079399335651,
    -0.28370793993356513,
    0.32419111779742404,
    -0.6394636144248694,
    0.19940313826804162,
    -0.19940313826804293,
    0.2330628696484421,
    -0.25490753695008506,
    -1.4582143743984644,
    -1.01242660576552,
    0.14272863286962673,
    -0.1427286328696265,
    0.21866021851323048,
    -0.8422814743173395,
    0.0763839721414436,
    -0.07638397214144385,
    0.18857247503588098,
    -0.58585010428378,
    -0.5363744730137665,
    -0.7723576756380334,
    -0.7171959321788731,
    -0.2837079399335649,
    0.2837079399335649,
    0.3241911177974241,
    -0.6394636144248717,
    -0.19940313826804093,
    0.19940313826804223,
    0.23306286964844208,
    -0.16450350139402398,
    -0.34032347646768846,
    -0.2549075369500904,
    -1.4582143743984644,
    -1.0124266057655205,
    -0.14272863286962573,
    0.14272863286962592,
    0.21866021851323061,
    -0.8422814743173416,
    -0.07638397214144306,
    0.07638397214144327,
    0.18857247503588112,
    -0.34032347646768846,
    -0.47902410611954294,
    -0.5858501042837799,
    -0.536374473013767
  ],
  "OQP::E_MO_A": [
    -19.620510164220242,
    -1.1403466286152686,
    -0.6094405641260554,
    -0.43710825694376415,
    -0.37768250348921995,
    0.11203297848309841,
    0.203631448251295,
    0.8854610637453916,
    0.9717910754465149,
    0.97288475228024,
    1.0245776703596774,
    1.152156389467776,
    1.4736319954326795
  ],