{
  "OQP::DM_A": [
    2.084738294659342,
    -0.18245046531010528,
    0.5052677625828027,
    -5.101214091837851e-16,
    3.66825617444493e-16,
    0.668456986560343,
    3.4383468773445005e-16,
    2.7386813653829384e-16,
    0.15428292010726766,
    0.6684569865603534,
    -0.03979858475191888,
    0.09277856901055771,
    -4.32860377991909e-16,
    -1.935728450625515e-16,
    0.6373690909425309,
    -0.2645586170556853,
    0.5560344968358301,
    -4.075939279689484e-15,
    7.724179398108566e-16,
    0.2315419103112773,
    0.6408444679267871,
    1.0196714026885273e-15,
    6.370109435791232e-17,
    0.4618795421054164,
    0.1926614767263721,
    -2.414589278431297e-15,
    -3.2884769662520748e-15,
    0.3308445249359383,
    -6.657732474530604e-16,
    3.7292739856507365e-16,
    0.19266147672637063,
    0.46187954210541715,
    1.788479413224917e-15,
    5.418470094484789e-16,
    0.1898837658171181,
    0.3308445249359346,
    -0.03219364930741277,
    0.0900753040934479,
    9.685993759172744e-16,
    1.4621459257115067e-16,
    0.46117566453880343,
    0.19175538487528312,
    -8.555944545085069e-16,
    1.6486272004032951e-15,
    0.3347710540059936,
    -0.038867908907145594,
    0.08255760318026846,
    -0.19032645031764753,
    0.19032645031764792,
    -0.18948358161752765,
    0.0484953314535705,
    -0.09965364277985028,
    0.09965364277984841,
    -0.13199090128211616,
    0.22196326908141759,
    0.01945556394135037,
    -0.035996205767069904,
    -0.0863815951899441,
    0.08638159518994484,
    -0.08354209180250247,
    -0.055841610800200954,
    -0.045228819302022855,
    0.04522881930202246,
    -0.06154630339498923,
    0.0834164826337828,
    0.04114572345314698,
    -0.03886790890714517,
    0.0825576031802683,
    0.19032645031764733,
    -0.19032645031764736,
    -0.18948358161752668,
    0.048495331453566895,
    0.09965364277985152,
    -0.09965364277984928,
    -0.13199090128211474,
    -0.059841357436606755,
    -0.044483413202588584,
    0.22196326908141617,
    0.019455563941348026,
    -0.03599620576706717,
    0.08638159518994917,
    -0.08638159518994629,
    -0.08354209180249467,
    -0.05584161080019804,
    0.04522881930202657,
    -0.045228819302023236,
    -0.06154630339498318,
    -0.044483413202592983,
    -0.01690294507681767,
    0.08341648263378298,
    0.04114572345314695
  ],
  "OQP::FOCK_A": [
    -20.55168834972664,
    -5.128824830757817,
    -2.1372350705699956,
    2.3149000417585634e-16,
    1.2094285228132203e-17,
    -0.1474971361613182,
    -1.3753007899309414e-16,
    1.5997835230363657e-17,
    -0.029252495976026235,
    -0.14749713616133064,
    0.030419108611383656,
    0.09284092496897643,
    3.3359896446960437e-16,
    -5.504613483250876e-17,
    -0.14618318829310795,
    -3.640297966005842,
    -2.123212351594046,
    -2.505576739996559e-17,
    7.029537855942782e-17,
    0.12455642978857905,
    -1.6754134111970753,
    3.382616203931841e-17,
    -3.871252281489404e-18,
    -0.6812791935243228,
    0.02162037290643423,
    9.818146013919451e-17,
    -2.229622625218011e-16,
    -0.0973133134016333,
    -2.769399117554849e-17,
    5.2661988584732994e-17,
    0.021620372906434572,
    -0.6812791935243232,
    1.2259913601130577e-16,
    1.9146136115786177e-16,
    0.1088937291901637,
    -0.0973133134016333,
    0.005228064173206287,
    0.07685382727145225,
    3.0409046228694523e-16,
    -1.4428775735933166e-16,
    -0.6898682242818772,
    0.20039564622318004,
    1.3062303432584414e-16,
    -1.4720775054364205e-18,
    -0.11847228357167605,
    -0.8117818953685498,
    -0.8322132677454541,
    0.348426612721182,
    -0.34842661272118247,
    0.39317192736833806,
    -0.7337079135924931,
    0.23384993521757713,
    -0.2338499352175769,
    0.26960112331130004,
    -0.2678777081546091,
    -1.5302021493002336,
    -1.1675981307119536,
    0.17808530830727787,
    -0.17808530830727798,
    0.26078417227729556,
    -0.9622175028892359,
    0.08748637524368164,
    -0.08748637524368208,
    0.20987489783403057,
    -0.6587318238359661,
    -0.5907551500941848,
    -0.8117818953685503,
    -0.8322132677454539,
    -0.348426612721182,
    0.3484266127211819,
    0.39317192736833717,
    -0.7337079135924931,
    -0.23384993521757802,
    0.23384993521757758,
    0.2696011233112996,
    -0.18806947615476827,
    -0.3866604767828239,
    -0.2678777081546082,
    -1.5302021493002342,
    -1.1675981307119536,
    -0.17808530830727837,
    0.1780853083072781,
    0.260784172277295,
    -0.9622175028892381,
    -0.08748637524368341,
    0.0874863752436823,
    0.20987489783402968,
    -0.3866604767828228,
    -0.5374172033632512,
    -0.6587318238359661,
    -0.5907551500941874
  ],
  "OQP::E_MO_A": [
    -20.557679720173244,
    -1.3606530297610786,
    -0.7175931259030152,
    -0.5601848112260799,
    -0.5014681229646907,
    0.20633198372008807,
    0.30270334365568674,
    1.067143334321063,
    1.1648096100874987,
    1.197217472592301,
    1.212822419731147,
    1.3840182097683846,
    1.6932320340116522
  ],