{
  "OQP::DM_A": [
    2.0838709875648735,
    -0.17419121871171245,
    0.5111567432076783,
    -7.102884466478185e-16,
    2.6042592705991996e-16,
    0.6850319538321733,
    4.682407670457023e-16,
    -2.617938721642595e-17,
    0.14903271822516087,
    0.6850319538321719,
    -0.03873300981908162,
    0.076364423987558,
    -6.472265794077918e-16,
    4.000639434592256e-16,
    0.6477068155378539,
    -0.27908525737968354,
    0.5594429146164498,
    -1.4926707626765407e-15,
    3.1266330379410086e-16,
    0.2713255311016608,
    0.6712306522379367,
    7.174182892120175e-16,
    8.037971937632114e-16,
    0.44535112114493514,
    0.20753485350364695,
    3.733198293312891e-16,
    -2.8553135099612147e-17,
    0.3082898774898982,
    -4.598541916549041e-16,
    -6.450450964898613e-16,
    0.2075348535036491,
    0.4453511211449381,
    -7.086814442830016e-16,
    -9.81081216657064e-16,
    0.20277372485810918,
    0.3082898774899031,
    -0.034639390988606585,
    0.08908381504928856,
    5.72342665533797e-16,
    -1.605373138723791e-16,
    0.4369867302063712,
    0.22233538004252862,
    8.426587042510268e-16,
    -6.157241574965606e-16,
    0.2976392653476325,
    -0.03922012757407623,
    0.08705964295532902,
    -0.19735945620291848,
    0.19735945620291764,
    -0.20020577303242737,
    0.03295074000089222,
    -0.0875659630460831,
    0.08756596304608319,
    -0.12682272449361348,
    0.23170448819257747,
    0.02437373566685582,
    -0.04005136470740977,
    -0.10752762028783935,
    0.107527620287836,
    -0.1094435723402171,
    -0.07472417273399651,
    -0.04770868245034754,
    0.047708682450345326,
    -0.07585092223648425,
    0.1069721882136712,
    0.06314007490005537,
    -0.03922012757407536,
    0.08705964295532746,
    0.1973594562029191,
    -0.19735945620291778,
    -0.20020577303242812,
    0.032950740000889024,
    0.08756596304608323,
    -0.08756596304608293,
    -0.12682272449361304,
    -0.05897320211121885,
    -0.051398132167613325,
    0.23170448819257722,
    0.02437373566685435,
    -0.04005136470740985,
    0.10752762028784095,
    -0.10752762028783659,
    -0.10944357234021806,
    -0.07472417273399755,
    0.04770868245034813,
    -0.04770868245034508,
    -0.07585092223648433,
    -0.05139813216761392,
    -0.023145041620093607,
    0.10697218821367241,
    0.06314007490005644
  ],
  "OQP::FOCK_A": [
    -19.11900379286677,
    -4.825444632786135,
    -1.8356368708586286,
    3.636588798082676e-17,
    -1.4181141770557698e-16,
    -0.09538319882109292,
    -8.760119850305976e-18,
    -1.5605263626172397e-17,
    0.03234165649301598,
    -0.09538319882109281,
    0.025991756901323604,
    0.1296410118446436,
    7.78505746859095e-17,
    -5.017609294947844e-17,
    -0.09937313840911921,
    -3.4032396483167133,
    -1.7523207677211519,
    -5.09928273584876e-17,
    -2.3565769322237782e-17,
    0.1288255875588413,
    -1.3506763320284862,
    -1.4262366254764206e-18,
    -3.46781812681431e-17,
    -0.47326096062182466,
    0.039485981104664294,
    1.817303414695049e-17,
    -5.056584730673315e-17,
    -0.02090164107306436,
    1.636992568188e-18,
    -2.336843994420678e-17,
    0.03948598110466432,
    -0.4732609606218251,
    -2.9016648915274076e-18,
    -3.820873270513729e-18,
    0.10073110740712374,
    -0.020901641073065413,
    0.0036724807197950496,
    0.08434676202341233,
    2.0766425434183828e-17,
    -2.0447091764171666e-17,
    -0.4796528153164787,
    0.18125056756217986,
    1.6667889279049646e-17,
    -8.334452304222304e-18,
    -0.036596620536443414,
    -0.7557655313019782,
    -0.6617069349922668,
    0.24741217988214126,
    -0.247412179882141,
    0.28523460195125816,
    -0.5896111182727035,
    0.17569127838088275,
    -0.1756912783808832,
    0.20831753293230296,
    -0.2281451939891842,
    -1.427927745681407,
    -0.9338300545235643,
    0.12129413176506262,
    -0.1212941317650626,
    0.19215530459918997,
    -0.7739287982759712,
    0.0652984110665518,
    -0.06529841106655204,
    0.1709612983612071,
    -0.5421159245269965,
    -0.4977045787584853,
    -0.7557655313019782,
    -0.6617069349922654,
    -0.24741217988214148,
    0.24741217988214126,
    0.2852346019512575,
    -0.5896111182727026,
    -0.17569127838088228,
    0.17569127838088228,
    0.2083175329323029,
    -0.15368396766062178,
    -0.3162341071701809,
    -0.2281451939891841,
    -1.427927745681407,
    -0.9338300545235638,
    -0.1212941317650626,
    0.12129413176506237,
    0.19215530459919028,
    -0.7739287982759722,
    -0.06529841106655139,
    0.0652984110665514,
    0.1709612983612073,
    -0.3162341071701803,
    -0.444245575446767,
    -0.5421159245269965,
    -0.4977045787584852
  ],
  "OQP::E_MO_A": [
    -19.12693256311912,
    -1.019282367561496,
    -0.5329742456302029,
    -0.35118230321954136,
    -0.28909699265095484,
    0.06364445977569666,
    0.15453739152123763,
    0.8247814063660103,
    0.8902578606329077,
    0.8928325228965396,
    0.9596104499059988,
    1.0757739524117773,
    1.4242195384321232
  ],