{
  "atoms": [
    8,
    1,
    1
  ],
  "coord": [
    0.0,
    0.0,
    -0.07759509131153179,
    -1.007591253013608,
    1.007591253013608,
    -1.1611785434815982,
    1.007591253013608,
    -1.007591253013608,
    -1.1611785434815982
  ],
  "energy": -76.05983111683781,
  "td_energies": [
    -0.27659846463422255,
    0.04543245079075974,
    0.10613175631479727,
    0.11708343547772415,
    0.2714067230153364,
    0.5337805057846831,
    0.5550102659940852,
    0.6015039615757479,
    0.6567929098541824,
    0.6667940204175841
  ],
  "grad": [
    -9.524716085285156e-17,
    -6.364212542381287e-15,
    -0.17657336043113103,
    0.08898920174561914,
    -0.08898920174561986,
    0.088285314445814,
    -0.08898920174562308,
    0.08898920174562366,
    0.08828531444581467
  ],
  "nac": [],
  "soc": [],
  "hess": []
}