{
  "atoms": [
    8,
    1,
    1
  ],
  "coord": [
    0.0,
    0.0,
    -0.07759509131153179,
    -1.007591253013608,
    1.007591253013608,
    -1.1611785434815982,
    1.007591253013608,
    -1.007591253013608,
    -1.1611785434815982
  ],
  "energy": -76.06859985429534,
  "td_energies": [
    -0.29391385588056906,
    0.06613961259939778,
    0.11273412554363585,
    0.11852197582469826,
    0.2686551971673106,
    0.5095976643347583,
    0.5175445233494785,
    0.5839221790608288,
    0.6055391652300425,
    0.6458177869898536
  ],
  "grad": [
    -6.673004163126883e-14,
    6.165315653838821e-14,
    -0.18791167841452894,
    0.09377961763132248,
    -0.09377961763132342,
    0.0939541392883726,
    -0.09377961763125675,
    0.09377961763125542,
    0.09395413928830032
  ],
  "nac": [],
  "soc": [],
  "hess": []
}