{
  "atoms": [
    8,
    1,
    1
  ],
  "coord": [
    0.0,
    0.0,
    -0.07759509131153179,
    -1.007591253013608,
    1.007591253013608,
    -1.1611785434815982,
    1.007591253013608,
    -1.007591253013608,
    -1.1611785434815982
  ],
  "energy": -75.9842900313266,
  "td_energies": [
    0
  ],
  "grad": [
    -1.2430377907546308e-16,
    2.0312527701515926e-16,
    0.00954200137399619,
    0.008664615679384147,
    -0.008664615679385035,
    -0.004771000686997429,
    -0.008664615679385479,
    0.008664615679386367,
    -0.004771000686995874
  ],
  "nac": [],
  "soc": [],
  "hess": []
}