{
  "OQP::DM_A": [
    2.083811441685883,
    -0.1720441371654254,
    0.5095265901388489,
    -7.229677634534698e-16,
    8.542050160762583e-16,
    0.6826877001542043,
    5.826207731770726e-16,
    -9.269312451365016e-16,
    0.14453107312875718,
    0.6826877001542058,
    -0.038304809777587684,
    0.07410828121234674,
    -4.2948061457160097e-16,
    9.468516062734387e-16,
    0.6437858059257492,
    -0.28451342923919476,
    0.5641875803134913,
    -2.5836952442507863e-15,
    3.8253691350602797e-17,
    0.27569085478689237,
    0.6879379473024051,
    1.519071790412361e-15,
    -5.954149392631555e-16,
    0.4443693809816569,
    0.20952962751029966,
    -1.212444381117705e-15,
    -3.0023243367554603e-15,
    0.3096861532662563,
    -1.1373106035528574e-15,
    3.8338702640457064e-16,
    0.2095296275103011,
    0.44436938098165923,
    1.5995568761451248e-15,
    7.997134801958829e-16,
    0.207207233485381,
    0.30968615326625915,
    -0.03463972826894601,
    0.08886479352388377,
    3.778566863261253e-16,
    9.06956950943782e-16,
    0.43259235691564774,
    0.22658605769670864,
    -4.193022845972712e-16,
    1.4092851434226158e-15,
    0.29373585070253594,
    -0.03896093629189581,
    0.08638039258922886,
    -0.19854982112124592,
    0.19854982112124658,
    -0.20187921475860432,
    0.030685342549715524,
    -0.08664278892488776,
    0.08664278892488818,
    -0.12713420319351132,
    0.2338991205754698,
    0.02659459499197204,
    -0.04362562073938688,
    -0.10865010881818842,
    0.10865010881818671,
    -0.11386178888638836,
    -0.08162097319672451,
    -0.04741252543990886,
    0.04741252543990747,
    -0.0788695703351614,
    0.10913123815524971,
    0.06591398364496413,
    -0.03896093629189538,
    0.08638039258922958,
    0.19854982112124772,
    -0.19854982112124653,
    -0.2018792147586047,
    0.030685342549713106,
    0.0866427889248892,
    -0.0866427889248882,
    -0.12713420319351132,
    -0.0591161800828262,
    -0.05121211608266092,
    0.23389912057547038,
    0.026594594991968118,
    -0.043625620739381525,
    0.10865010881819004,
    -0.10865010881818506,
    -0.11386178888638111,
    -0.08162097319671817,
    0.04741252543991066,
    -0.04741252543990665,
    -0.07886957033515608,
    -0.05121211608266212,
    -0.021828844768786843,
    0.10913123815524838,
    0.0659139836449609
  ],
  "OQP::FOCK_A": [
    -18.738626587525232,
    -4.739044993715013,
    -1.751602229884329,
    -7.312697137880003e-17,
    -4.005683639312704e-16,
    -0.06993200691818613,
    -2.2044864021957085e-17,
    1.1643700989327853e-16,
    0.04884732349893019,
    -0.0699320069181879,
    0.02495499593773439,
    0.13762841210265864,
    -4.0502395039972684e-17,
    7.997097456681714e-17,
    -0.07641309951052078,
    -3.3379776852607224,
    -1.6560262566397705,
    -2.7729993684799364e-16,
    1.42934733990495e-16,
    0.12905168168926312,
    -1.2657581558235969,
    -1.1514028611111633e-17,
    -1.7095958948028024e-16,
    -0.420771162602656,
    0.04447199647275144,
    8.47960220259952e-18,
    -2.6776041249359914e-16,
    0.00394329940226984,
    2.2805464154808756e-18,
    6.374799446424415e-17,
    0.04447199647275148,
    -0.42077116260265657,
    2.6948709864370834e-17,
    1.8484433027102763e-16,
    0.09926262169633875,
    0.003943299402268119,
    0.003201793826677939,
    0.08656075171194723,
    -1.581671699987383e-17,
    1.852592641193554e-17,
    -0.42713504645577316,
    0.1777474191870107,
    6.248878662472747e-18,
    1.4656943418328285e-17,
    -0.010865918360624782,
    -0.7404862858208647,
    -0.6184269665753236,
    0.22169493539429402,
    -0.22169493539429463,
    0.25735733410840655,
    -0.552375751039583,
    0.1598644103002338,
    -0.15986441030023446,
    0.19166837308430765,
    -0.21099961338553808,
    -1.3999017323080065,
    -0.8743135268640094,
    0.1069672511782322,
    -0.10696725117823243,
    0.17415315474476212,
    -0.7236432434323369,
    0.05754577906728241,
    -0.05754577906728259,
    0.15951293581328374,
    -0.5090631454900618,
    -0.46519768420200924,
    -0.7404862858208648,
    -0.6184269665753245,
    -0.22169493539429508,
    0.22169493539429486,
    0.2573573341084061,
    -0.5523757510395821,
    -0.15986441030023393,
    0.1598644103002341,
    0.19166837308430712,
    -0.1450829793088862,
    -0.29783015494440485,
    -0.21099961338553863,
    -1.399901732308007,
    -0.8743135268640103,
    -0.10696725117823193,
    0.10696725117823211,
    0.17415315474476192,
    -0.7236432434323385,
    -0.05754577906728274,
    0.057545779067282476,
    0.15951293581328457,
    -0.2978301549444044,
    -0.4173497535685251,
    -0.5090631454900603,
    -0.46519768420201074
  ],
  "OQP::E_MO_A": [
    -18.74687019986674,
    -0.9316402699933912,
    -0.48060482426227613,
    -0.292429770274515,
    -0.2281092454756941,
    0.039526747285440846,
    0.12773355052748053,
    0.7766916316004429,
    0.8299633228804348,
    0.8421092084833038,
    0.9102532111142742,
    1.0181282710651973,
    1.3670124904074523
  ],