{
  "OQP::DM_A": [
    2.0833279168484076,
    -0.17224740594783783,
    0.5047950210978339,
    -8.130632313615406e-16,
    -5.673827864291561e-16,
    0.6857369010405557,
    4.21339657413979e-16,
    4.351952699442293e-16,
    0.14759650137535263,
    0.6857369010405553,
    -0.03873343614492735,
    0.07696623000105635,
    -6.594349110116203e-16,
    1.7655796976060598e-16,
    0.6507786289303741,
    -0.27669461201908585,
    0.5525876315953111,
    3.667076822065265e-15,
    -1.6722740147756396e-15,
    0.2665401648937273,
    0.6604365219992407,
    1.4340149598216856e-15,
    -1.3096672170458156e-15,
    0.4465301818425628,
    0.20646582720750745,
    -1.7436348669932336e-15,
    4.329938290383929e-16,
    0.30938858847237677,
    -1.30682396129685e-15,
    1.2109957665886423e-15,
    0.2064658272075057,
    0.4465301818425605,
    9.177278956479666e-16,
    9.89784045899737e-16,
    0.20229591451182544,
    0.3093885884723735,
    -0.035266321561318544,
    0.09085725808363475,
    -1.6080569196875597e-15,
    1.2654186820699527e-15,
    0.4415958197773986,
    0.2213022516468528,
    -1.7684301404164063e-15,
    1.201633200186796e-15,
    0.3026704438622698,
    -0.03924649590182333,
    0.08657718652007325,
    -0.19626189770080354,
    0.19626189770080496,
    -0.19757999507376448,
    0.035226369931870505,
    -0.0875524042430315,
    0.08755240424303268,
    -0.12553053430791672,
    0.2276213557953365,
    0.02198177895588147,
    -0.03469884286370275,
    -0.10768033624117798,
    0.1076803362411791,
    -0.10613146921549722,
    -0.06709040757064219,
    -0.048036182458529905,
    0.04803618245853081,
    -0.07372661464723769,
    0.1057970019572311,
    0.061423872823281996,
    -0.039246495901823435,
    0.08657718652007289,
    0.19626189770080366,
    -0.19626189770080407,
    -0.1975799950737629,
    0.03522636993187536,
    0.08755240424303215,
    -0.08755240424303222,
    -0.12553053430791733,
    -0.058688555247097304,
    -0.05128874851905634,
    0.22762135579533463,
    0.021981778955877725,
    -0.034698842863698856,
    0.10768033624117206,
    -0.1076803362411772,
    -0.1061314692154957,
    -0.06709040757063493,
    0.04803618245852711,
    -0.04803618245853103,
    -0.07372661464723726,
    -0.05128874851905293,
    -0.024762221513637064,
    0.10579700195722809,
    0.061423872823277874
  ],
  "OQP::FOCK_A": [
    -19.194465507653877,
    -4.843255119059237,
    -1.8910279177696285,
    -4.0263502827762706e-17,
    -4.49822489721723e-16,
    -0.12885152566602254,
    6.516078602880699e-17,
    3.8174845259739915e-16,
    0.01960747528356723,
    -0.12885152566602254,
    0.026510683862847988,
    0.12324360807796339,
    2.1973284404799579e-16,
    -8.503938450349748e-17,
    -0.13165276312204965,
    -3.415534114552311,
    -1.8295305200663807,
    -2.106565644439274e-16,
    2.579645824976994e-16,
    0.13121883540077256,
    -1.4209047620770527,
    -2.2866812331648633e-17,
    -2.282710830070232e-16,
    -0.539034294834634,
    0.03471781940154674,
    2.1102006118213088e-16,
    -3.775026078639209e-16,
    -0.05351800469439588,
    2.837397841049647e-17,
    2.2767911554434784e-16,
    0.034717819401546675,
    -0.5390342948346339,
    -6.873599346130734e-17,
    3.598770702550109e-16,
    0.10323142517381839,
    -0.05351800469439494,
    0.0039006562378534355,
    0.08009430536016002,
    9.714387600487612e-17,
    -9.160131546215321e-17,
    -0.5461278500172834,
    0.1862344309188455,
    1.1481853854485768e-16,
    -8.366289718579443e-17,
    -0.07101299093179747,
    -0.7584189463288062,
    -0.6992617995912735,
    0.2793089649851564,
    -0.27930896498515634,
    0.31994116770271636,
    -0.6231661442224438,
    0.19802721442491492,
    -0.19802721442491628,
    0.23110484909888337,
    -0.247637433446179,
    -1.433085048785153,
    -0.986743171793774,
    0.14114568747524134,
    -0.14114568747524112,
    0.2184731596157123,
    -0.8171448844635847,
    0.07547394155912146,
    -0.07547394155912168,
    0.18681610236956028,
    -0.5775161827970311,
    -0.5215883749845229,
    -0.7584189463288062,
    -0.699261799591274,
    -0.2793089649851559,
    0.2793089649851561,
    0.3199411677027154,
    -0.6231661442224459,
    -0.1980272144249164,
    0.19802721442491633,
    0.23110484909888304,
    -0.15858325122323422,
    -0.33133328587090005,
    -0.24763743344618033,
    -1.433085048785153,
    -0.9867431717937749,
    -0.14114568747524106,
    0.14114568747524153,
    0.21847315961571206,
    -0.8171448844635864,
    -0.07547394155912085,
    0.07547394155912132,
    0.1868161023695618,
    -0.3313332858709008,
    -0.4647693301736121,
    -0.5775161827970309,
    -0.5215883749845227
  ],
  "OQP::E_MO_A": [
    -19.20238991568629,
    -1.10098810868039,
    -0.6038638070663241,
    -0.4225840878553021,
    -0.36211621147529455,
    0.11183653240862527,
    0.2044663335020079,
    0.8895408216512369,
    0.9583680326466095,
    0.9584199584023512,
    1.0251089996470073,
    1.1389459316403703,
    1.488218339168689
  ],