{
  "OQP::DM_A": [
    2.084288688715629,
    -0.17805322422684403,
    0.5108574510961285,
    -1.0605576730869029e-15,
    -8.020182586682445e-16,
    0.6808983869669035,
    6.464255014467569e-16,
    1.0746733886361384e-16,
    0.15144004990833046,
    0.6808983869668999,
    -0.03916039934172315,
    0.08310346834064475,
    -2.3853320786259007e-16,
    3.665456909095606e-17,
    0.6463381554637456,
    -0.2727259365543137,
    0.5580543000647957,
    2.5780551593843434e-15,
    6.337081988950038e-16,
    0.2546938832080919,
    0.654893313428153,
    1.5298590388749192e-16,
    9.017553658993398e-16,
    0.4518898320127114,
    0.20125519060402705,
    -1.2836443328149197e-15,
    2.840442049572473e-15,
    0.3155876322473745,
    -4.366386418161272e-17,
    -1.412169168498897e-15,
    0.20125519060403038,
    0.4518898320127149,
    1.0628113837406683e-15,
    -3.165998367271684e-16,
    0.19694236957563227,
    0.3155876322473813,
    -0.033519274938445004,
    0.0892168946968497,
    -1.639883366951607e-15,
    2.2157950096878293e-16,
    0.44722537956614594,
    0.20937039038708946,
    -1.6853410512820933e-15,
    5.328989196475841e-16,
    0.3114730101305134,
    -0.03909420949918223,
    0.08544963454305742,
    -0.19477288029724243,
    0.1947728802972405,
    -0.19595472869255115,
    0.03946191729142816,
    -0.09220145872220936,
    0.09220145872220899,
    -0.12860123678335672,
    0.22726761902643167,
    0.022265958082994138,
    -0.038289683197528616,
    -0.09898350887281002,
    0.09898350887280412,
    -0.09849208393002419,
    -0.06600306810001857,
    -0.04685674870951346,
    0.04685674870950941,
    -0.06975848277380234,
    0.09697156287940696,
    0.053359362542792846,
    -0.03909420949918174,
    0.08544963454305514,
    0.1947728802972406,
    -0.1947728802972399,
    -0.19595472869255132,
    0.039461917291427895,
    0.09220145872220965,
    -0.09220145872221024,
    -0.12860123678335816,
    -0.05933831193343358,
    -0.04868146985734149,
    0.22726761902642917,
    0.022265958082992834,
    -0.03828968319753077,
    0.0989835088728082,
    -0.09898350887280546,
    -0.09849208393001885,
    -0.0660030681000183,
    0.0468567487095123,
    -0.04685674870951072,
    -0.06975848277379944,
    -0.048681469857344034,
    -0.020661457174240214,
    0.09697156287940423,
    0.05335936254279125
  ],
  "OQP::FOCK_A": [
    -19.674660267726612,
    -4.9425922847583825,
    -1.9608350220802344,
    2.3840017573225753e-16,
    -1.2768784517286127e-16,
    -0.1272623929169896,
    -1.5161754312751796e-16,
    2.075258514603498e-16,
    0.009254438310041182,
    -0.1272623929169876,
    0.027748792632137396,
    0.11666270825299485,
    2.12272964729987e-16,
    -1.1935210265301347e-16,
    -0.12870595625959247,
    -3.494577999723115,
    -1.8999941781174214,
    -1.088464300849519e-16,
    1.9827114133664117e-16,
    0.1281220542190327,
    -1.4823721034015487,
    8.553728821385735e-17,
    -9.577293791213978e-17,
    -0.5564713513462868,
    0.03274938055763701,
    8.763541325348556e-17,
    -1.4915323941859384e-16,
    -0.05863372037083914,
    -7.734899465656074e-17,
    1.027643300743936e-16,
    0.032749380557637014,
    -0.5564713513462854,
    -2.82531549831773e-17,
    2.3620003442669885e-16,
    0.10384824340185113,
    -0.058633720370841885,
    0.004316215243333977,
    0.08163654671239048,
    1.5711269197665364e-16,
    -1.1284626015202854e-16,
    -0.5634770857580307,
    0.18881477272330585,
    9.963996224252974e-17,
    -8.303405041834567e-17,
    -0.07628609790447055,
    -0.7772956813375065,
    -0.7285035646980436,
    0.2872621273427739,
    -0.28726212734277257,
    0.32810648488805616,
    -0.6479190952149906,
    0.20051632247412698,
    -0.2005163224741272,
    0.23469647803964042,
    -0.25268646098396025,
    -1.4672761692672762,
    -1.025582339289698,
    0.14353237324233376,
    -0.1435323732423332,
    0.2195476453554584,
    -0.8512165930476115,
    0.07624504195618312,
    -0.07624504195618272,
    0.1887345123901576,
    -0.5921308143109248,
    -0.542852371485985,
    -0.7772956813375067,
    -0.7285035646980422,
    -0.28726212734277345,
    0.28726212734277323,
    0.32810648488805594,
    -0.6479190952149896,
    -0.2005163224741269,
    0.20051632247412737,
    0.23469647803964147,
    -0.16711072632789364,
    -0.3448631636916384,
    -0.2526864609839563,
    -1.4672761692672764,
    -1.0255823392896972,
    -0.1435323732423333,
    0.1435323732423331,
    0.21954764535545795,
    -0.8512165930476124,
    -0.07624504195618331,
    0.07624504195618355,
    0.18873451239015848,
    -0.34486316369163794,
    -0.48439835477185245,
    -0.5921308143109228,
    -0.542852371485985
  ],
  "OQP::E_MO_A": [
    -19.681764169863,
    -1.1578816918998227,
    -0.6127747296871507,
    -0.44031873854846754,
    -0.37959077793758184,
    0.10704754584851982,
    0.20075601420797284,
    0.9056675348982473,
    0.9841803008008536,
    0.9939267643414862,
    1.044164165504564,
    1.1783036253749077,
    1.514404560623801
  ],