{
  "OQP::DM_A": [
    2.053861199945857,
    0.074844301522765,
    0.126255425556164,
    -6.861176905424108e-17,
    2.77242092905925e-16,
    0.43107569210274477,
    3.6946740546528125e-16,
    -2.529658513374732e-16,
    0.11130583648094182,
    0.431075692102748,
    -0.04631137837984078,
    0.034868010538170215,
    2.416170791553199e-16,
    -1.1137190738078322e-16,
    0.40900732343587354,
    -0.4688267742817767,
    0.3645127589295886,
    1.9765181345506664e-15,
    4.230503054606096e-16,
    0.23958402925222652,
    1.3197622532979734,
    -1.861683380738163e-15,
    4.035816914886956e-16,
    0.47608639526644453,
    0.18278264138655434,
    5.369752425627645e-16,
    3.304208801090942e-15,
    0.5347013818040045,
    9.431193134750354e-16,
    -6.975670270358881e-16,
    0.18278264138655398,
    0.4760863952664468,
    -6.103099884387638e-16,
    -1.0031157298206454e-15,
    0.2656732338169066,
    0.5347013818040058,
    -0.03400610730293446,
    0.0441183518311328,
    -7.784761044020597e-16,
    -3.0359516812002355e-16,
    0.4695167721307468,
    0.2809724857461885,
    -5.468777933818635e-16,
    -1.0527200914525218e-15,
    0.5392508661517907,
    -0.026824328259553033,
    0.03130479737430497,
    -0.13367985335852728,
    0.13367985335852772,
    -0.13537704451343024,
    0.06330770598457822,
    -0.1226156941276611,
    0.12261569412766114,
    -0.15455854688852802,
    0.17388849604958073,
    0.023481498589732926,
    -0.007345792081848625,
    -0.10118263374374173,
    0.10118263374373734,
    -0.0929305814870185,
    -0.05699533800558089,
    -0.09280814242726353,
    0.09280814242725782,
    -0.1065555762326391,
    0.11512011684285507,
    0.0852298769367321,
    -0.026824328259554484,
    0.031304797374306,
    0.13367985335852728,
    -0.1336798533585279,
    -0.13537704451342958,
    0.06330770598458177,
    0.12261569412766113,
    -0.12261569412766128,
    -0.15455854688852796,
    -0.04965106379051665,
    -0.05407756584666222,
    0.1738884960495811,
    0.023481498589738824,
    -0.007345792081851119,
    0.10118263374373915,
    -0.10118263374373784,
    -0.0929305814870211,
    -0.05699533800559127,
    0.09280814242726054,
    -0.09280814242725852,
    -0.10655557623264268,
    -0.05407756584666143,
    -0.04283629554737026,
    0.11512011684285395,
    0.08522987693673216
  ],
  "OQP::FOCK_A": [
    -20.30949045705748,
    -5.7009939517207,
    -1.6287265246568285,
    3.065153702735408e-16,
    -2.3392759896769255e-16,
    0.26284758317002854,
    -3.84049266737062e-16,
    4.733590298430542e-17,
    -0.062158281246303085,
    0.262847583170025,
    0.036043990212364665,
    0.05937274421163859,
    -6.14236757346459e-17,
    2.0819988996945583e-16,
    0.2669725845292312,
    -4.4660535721396135,
    -2.434325900788113,
    -1.7220501916640575e-16,
    9.406479152190647e-17,
    0.08848219183289824,
    -2.1343108551371133,
    2.331013676628303e-16,
    -1.7682603969604487e-16,
    -0.7883659030753396,
    -0.010718143771476993,
    5.3350820918697766e-17,
    1.3331485796942914e-16,
    -0.12758409309874352,
    -1.1784286530405207e-16,
    7.2052571544168e-17,
    -0.010718143771476632,
    -0.7883659030753405,
    1.3147760176006302e-16,
    -1.011202480471207e-17,
    0.10902260113227788,
    -0.12758409309874263,
    0.007668388624861548,
    0.04257002507945079,
    -5.5637425961082576e-18,
    1.580876844802375e-16,
    -0.7935479022710554,
    0.1958020526217895,
    7.741731336787841e-17,
    7.960342303564733e-17,
    -0.14901002800610286,
    -0.6164909845502163,
    -0.733886812297921,
    0.3447965212314267,
    -0.3447965212314267,
    0.3849165080528568,
    -0.7167603213371176,
    0.25068336856871354,
    -0.2506833685687131,
    0.28384618777485326,
    -0.1269143502686063,
    -1.5252605529425582,
    -1.1756203773140048,
    0.19035798852463726,
    -0.19035798852463665,
    0.2561792114188003,
    -1.0875998000206986,
    0.12350094160327996,
    -0.12350094160327907,
    0.24722958091707348,
    -0.6472014182294554,
    -0.613916183383278,
    -0.6164909845502161,
    -0.7338868122979223,
    -0.344796521231427,
    0.3447965212314271,
    0.3849165080528567,
    -0.7167603213371188,
    -0.25068336856871376,
    0.250683368568714,
    0.2838461877748548,
    -0.1339637224807242,
    -0.3461481780389746,
    -0.1269143502686063,
    -1.5252605529425587,
    -1.1756203773140053,
    -0.19035798852463698,
    0.1903579885246371,
    0.25617921141880046,
    -1.087599800020696,
    -0.12350094160327885,
    0.12350094160327862,
    0.24722958091707348,
    -0.346148178038975,
    -0.5440387776435744,
    -0.6472014182294532,
    -0.6139161833832771
  ],
  "OQP::E_MO_A": [
    -20.425128719858627,
    -1.3333458488117083,
    -0.6927859874667711,
    -0.5369857179211731,
    -0.47949472832448387,
    0.26700927504223443,
    0.36595936533841245,
    1.2042123119880777,
    1.3158311843595547,
    1.7830081435034568,
    1.8618025913169731,
    2.0176662425445766,
    3.1174067161187136
  ],