{
  "OQP::DM_A": [
    2.0843076485174747,
    -0.17859754561963564,
    0.5059809497216564,
    -8.629440939531015e-16,
    -1.2247483777495663e-15,
    0.6773575215307054,
    4.1194668924383814e-16,
    8.212724846055323e-16,
    0.14760143171432344,
    0.6773575215307018,
    -0.03839138461670612,
    0.08008559397902663,
    -4.695189333912325e-16,
    2.349339900015986e-16,
    0.6434061652069376,
    -0.270264769750283,
    0.5550549680144748,
    5.7069230698069905e-15,
    -2.905097469552702e-15,
    0.2541405755160788,
    0.6552710805330704,
    2.040759621207401e-15,
    -2.6944241448313413e-15,
    0.45252266287101767,
    0.20170233152299596,
    -1.5708180729515437e-15,
    5.77514467757755e-16,
    0.3187902883981758,
    -1.920280930795905e-15,
    2.3142832207978796e-15,
    0.20170233152299727,
    0.4525226628710177,
    1.1098375769666803e-15,
    1.4924104495898496e-15,
    0.200035941205421,
    0.31879028839817763,
    -0.03432382471022561,
    0.09016117856280619,
    -2.233294798433389e-15,
    1.506375928302004e-15,
    0.44838216109193124,
    0.21319775378396646,
    -2.213915177696188e-15,
    1.445037496508802e-15,
    0.3148609942559362,
    -0.03870737823376528,
    0.0850612594238611,
    -0.19474735752292793,
    0.19474735752292938,
    -0.19516248994322047,
    0.03873512434916869,
    -0.09220582392924047,
    0.09220582392924226,
    -0.12845995928077858,
    0.22656316012236286,
    0.020925819551807175,
    -0.03566850575508808,
    -0.09891325654593888,
    0.09891325654593507,
    -0.09804763006377074,
    -0.06373210894144549,
    -0.04683184631282587,
    0.04683184631282318,
    -0.06993807094805718,
    0.09725102237151988,
    0.053011683456891875,
    -0.038707378233764515,
    0.08506125942385855,
    0.1947473575229283,
    -0.1947473575229289,
    -0.1951624899432218,
    0.03873512434917363,
    0.0922058239292407,
    -0.09220582392924169,
    -0.12845995928078194,
    -0.059806616393536585,
    -0.04819776590374503,
    0.22656316012236277,
    0.02092581955180116,
    -0.035668505755080224,
    0.09891325654593144,
    -0.09891325654593205,
    -0.09804763006376328,
    -0.06373210894143107,
    0.04683184631282222,
    -0.04683184631282296,
    -0.06993807094805268,
    -0.048197765903742015,
    -0.020862557980623142,
    0.09725102237151553,
    0.05301168345688488
  ],
  "OQP::FOCK_A": [
    -19.61417303934269,
    -4.908715702007857,
    -1.9341001136945892,
    3.410233102404751e-17,
    -2.6933870923670276e-16,
    -0.12794243125353666,
    8.647385649967627e-17,
    2.601315088697289e-16,
    0.012280124183007893,
    -0.127942431253535,
    0.028924634292277467,
    0.1186908554252355,
    2.5964324021267653e-16,
    -1.5680456492312816e-16,
    -0.12956993921026433,
    -3.4732996406449836,
    -1.8738331585959551,
    -1.5182105648019356e-16,
    1.7249173336917412e-16,
    0.12776583397149835,
    -1.4659041321408892,
    -5.509855438519223e-17,
    -1.564790199638858e-16,
    -0.5515938930414387,
    0.031778316325785434,
    1.3709812130786518e-16,
    -2.055726123183656e-16,
    -0.06366544728961412,
    7.682533847687278e-17,
    1.388568890983286e-16,
    0.03177831632578535,
    -0.5515938930414372,
    -4.744642825812194e-17,
    2.919948427438061e-16,
    0.10260784928570542,
    -0.06366544728961493,
    0.004605638000379996,
    0.07976051193949699,
    1.4957641816052796e-16,
    -1.372497799100931e-16,
    -0.5585119377575356,
    0.18698423734509112,
    9.132389743058391e-17,
    -1.8507437347399206e-17,
    -0.08102829724266938,
    -0.7723576756380331,
    -0.7171959321788749,
    0.2837079399335656,
    -0.2837079399335656,
    0.3241911177974241,
    -0.639463614424869,
    0.19940313826804157,
    -0.1994031382680429,
    0.23306286964844233,
    -0.25490753695008594,
    -1.4582143743984648,
    -1.0124266057655178,
    0.14272863286962673,
    -0.14272863286962617,
    0.21866021851323075,
    -0.8422814743173386,
    0.07638397214144357,
    -0.07638397214144331,
    0.1885724750358812,
    -0.5858501042837799,
    -0.5363744730137672,
    -0.7723576756380336,
    -0.7171959321788733,
    -0.28370793993356513,
    0.28370793993356513,
    0.3241911177974243,
    -0.6394636144248707,
    -0.1994031382680411,
    0.19940313826804132,
    0.23306286964844208,
    -0.16450350139402412,
    -0.3403234764676889,
    -0.2549075369500894,
    -1.4582143743984648,
    -1.0124266057655196,
    -0.14272863286962595,
    0.14272863286962592,
    0.21866021851323053,
    -0.8422814743173416,
    -0.0763839721414435,
    0.07638397214144342,
    0.1885724750358825,
    -0.3403234764676889,
    -0.47902410611954294,
    -0.5858501042837799,
    -0.536374473013767
  ],
  "OQP::E_MO_A": [
    -19.620510164220256,
    -1.1403466286152715,
    -0.6094405641260564,
    -0.43710825694376754,
    -0.37768250348922616,
    0.11203297848309167,
    0.20363144825129217,
    0.8854610637453881,
    0.9717910754465104,
    0.9728847522802431,
    1.024577670359673,
    1.152156389467775,
    1.4736319954326687
  ],