{
  "OQP::DM_A": [
    2.084288688715625,
    -0.17805322422684472,
    0.5108574510961312,
    -1.1290285202992504e-15,
    -5.584801668979017e-16,
    0.6808983869669043,
    8.02269860778996e-16,
    -4.25922197534939e-17,
    0.1514400499083312,
    0.6808983869669003,
    -0.03916039934172309,
    0.08310346834064757,
    -1.8339847115827703e-16,
    2.7574742369979173e-16,
    0.6463381554637456,
    -0.2727259365543088,
    0.558054300064789,
    2.720416841823165e-15,
    -1.2122835851459493e-15,
    0.25469388320808584,
    0.6548933134281311,
    1.013324565962829e-15,
    -8.579950971527598e-16,
    0.4518898320127136,
    0.20125519060402672,
    -1.3425552614697525e-15,
    6.158603697144108e-16,
    0.31558763224737674,
    -8.378676884333174e-16,
    4.0668288992481145e-16,
    0.2012551906040284,
    0.45188983201271443,
    1.4185277270745326e-15,
    5.734669521671757e-16,
    0.19694236957563066,
    0.31558763224737985,
    -0.033519274938446364,
    0.0892168946968544,
    -1.4527712710570218e-15,
    1.0084571657718617e-15,
    0.44722537956614805,
    0.20937039038708813,
    -1.6539072034074101e-15,
    1.3099239100335186e-15,
    0.3114730101305166,
    -0.03909420949918232,
    0.08544963454305718,
    -0.1947728802972425,
    0.19477288029724205,
    -0.19595472869255048,
    0.039461917291428186,
    -0.09220145872221044,
    0.09220145872221099,
    -0.12860123678335614,
    0.22726761902643272,
    0.02226595808299333,
    -0.03828968319752699,
    -0.0989835088728056,
    0.0989835088728039,
    -0.09849208393002117,
    -0.06600306810001454,
    -0.04685674870951108,
    0.046856748709510176,
    -0.06975848277380049,
    0.09697156287940496,
    0.053359362542790036,
    -0.03909420949918172,
    0.08544963454305443,
    0.19477288029724116,
    -0.19477288029724052,
    -0.19595472869255098,
    0.03946191729142849,
    0.09220145872221046,
    -0.09220145872221083,
    -0.12860123678335822,
    -0.05933831193343492,
    -0.04868146985734058,
    0.2272676190264297,
    0.022265958082988445,
    -0.038289683197521934,
    0.09898350887280334,
    -0.09898350887280308,
    -0.09849208393001498,
    -0.06600306810000582,
    0.04685674870951021,
    -0.04685674870951043,
    -0.06975848277379673,
    -0.048681469857341064,
    -0.020661457174239603,
    0.0969715628794025,
    0.05335936254278646
  ],
  "OQP::FOCK_A": [
    -19.674660267726626,
    -4.942592284758384,
    -1.9608350220802397,
    1.9754118483218238e-16,
    -2.8875940837644334e-16,
    -0.12726239291699826,
    -1.4906220519869057e-16,
    3.101167666659954e-16,
    0.009254438310041134,
    -0.12726239291699643,
    0.027748792632137545,
    0.11666270825299502,
    1.9418514436598462e-16,
    -1.987742285895464e-16,
    -0.12870595625960135,
    -3.494577999723117,
    -1.8999941781174259,
    -2.2637099833785803e-16,
    2.2522648394536945e-16,
    0.12812205421903275,
    -1.4823721034015502,
    8.28843941803985e-17,
    -1.839250706947544e-16,
    -0.556471351346289,
    0.032749380557637105,
    9.286034438967681e-17,
    -3.2395373736590625e-16,
    -0.05863372037084358,
    -7.831995917007132e-17,
    1.7692531170400217e-16,
    0.03274938055763702,
    -0.556471351346288,
    -8.743303299592105e-17,
    3.1000536127333897e-16,
    0.10384824340185117,
    -0.05863372037084541,
    0.004316215243333969,
    0.08163654671239054,
    1.4591805358689777e-16,
    -1.36760676440793e-16,
    -0.5634770857580323,
    0.18881477272330616,
    1.1339977432020761e-16,
    -8.674023811597317e-17,
    -0.0762860979044741,
    -0.7772956813375068,
    -0.7285035646980439,
    0.2872621273427744,
    -0.2872621273427739,
    0.3281064848880566,
    -0.6479190952149919,
    0.20051632247412834,
    -0.2005163224741288,
    0.2346964780396422,
    -0.25268646098396474,
    -1.4672761692672767,
    -1.0255823392897008,
    0.1435323732423339,
    -0.14353237324233378,
    0.2195476453554586,
    -0.8512165930476138,
    0.0762450419561838,
    -0.07624504195618384,
    0.18873451239015848,
    -0.5921308143109266,
    -0.5428523714859859,
    -0.7772956813375069,
    -0.728503564698043,
    -0.28726212734277456,
    0.2872621273427741,
    0.3281064848880568,
    -0.6479190952149909,
    -0.20051632247412823,
    0.20051632247412848,
    0.23469647803964278,
    -0.16711072632789356,
    -0.3448631636916393,
    -0.2526864609839607,
    -1.4672761692672764,
    -1.0255823392897012,
    -0.14353237324233376,
    0.14353237324233353,
    0.21954764535545856,
    -0.8512165930476163,
    -0.0762450419561835,
    0.07624504195618376,
    0.18873451239015954,
    -0.3448631636916393,
    -0.48439835477185733,
    -0.5921308143109246,
    -0.5428523714859875
  ],
  "OQP::E_MO_A": [
    -19.681764169862976,
    -1.1578816918998296,
    -0.6127747296871527,
    -0.4403187385484685,
    -0.37959077793758295,
    0.10704754584852064,
    0.20075601420798672,
    0.9056675348982471,
    0.9841803008008497,
    0.9939267643414805,
    1.0441641655045595,
    1.1783036253749108,
    1.514404560623828
  ],