{
  "OQP::DM_A": [
    2.0817397716363613,
    -0.15892910612366207,
    0.4873545795543458,
    -7.897141744316689e-16,
    -5.408100364911453e-16,
    0.6747479156740946,
    4.890790969272308e-16,
    -1.6041025701595175e-16,
    0.13512309285088273,
    0.6747479156740943,
    -0.03711705145895302,
    0.06585255856134146,
    -7.444070599644843e-16,
    8.580143291511785e-16,
    0.6385780016043705,
    -0.2939349505737839,
    0.5567817220310796,
    2.8016123492151597e-15,
    -1.1952786752636975e-15,
    0.27748041340041985,
    0.7067360683279252,
    1.63429034523291e-15,
    -1.3749227169016943e-15,
    0.4469204845555664,
    0.20937307937930394,
    -1.9681980931309064e-15,
    -1.982955795878685e-16,
    0.3182048444355976,
    -1.468300674289145e-15,
    8.491784561266296e-16,
    0.2093730793793027,
    0.44692048455556516,
    1.8633093492936256e-15,
    1.4613391027452328e-15,
    0.2136344701322963,
    0.3182048444355957,
    -0.03558724563803709,
    0.08766339548255196,
    -1.6513165150148876e-15,
    1.0376398788541011e-15,
    0.4397284365898401,
    0.2373913711200174,
    -2.0552446245526214e-15,
    1.4285975515899675e-15,
    0.3065322883996104,
    -0.03926504196410113,
    0.08533892823427104,
    -0.19077022573385807,
    0.190770225733858,
    -0.19049747332624692,
    0.03347679507999214,
    -0.08397866478950708,
    0.08397866478950716,
    -0.12196252299426373,
    0.2147800215664092,
    0.026110563949666363,
    -0.038396614674235593,
    -0.11908745926612968,
    0.11908745926613101,
    -0.11952112645053879,
    -0.08115754556331461,
    -0.052423305491583055,
    0.052423305491584214,
    -0.08457944783471463,
    0.11407282515685227,
    0.076403594841267,
    -0.03926504196410033,
    0.08533892823426946,
    0.19077022573385724,
    -0.19077022573385782,
    -0.19049747332624636,
    0.03347679507999397,
    0.08397866478950718,
    -0.08397866478950769,
    -0.12196252299426462,
    -0.054987249969727155,
    -0.054328186252618316,
    0.21478002156640683,
    0.026110563949661592,
    -0.03839661467423055,
    0.11908745926612681,
    -0.11908745926612914,
    -0.11952112645053224,
    -0.08115754556330466,
    0.052423305491582334,
    -0.05242330549158423,
    -0.08457944783471043,
    -0.05432818625261781,
    -0.028719982538037366,
    0.11407282515684898,
    0.07640359484126169
  ],
  "OQP::FOCK_A": [
    -18.50395473577802,
    -4.734909817299547,
    -1.6977886851215365,
    -9.696609833676716e-17,
    -3.640748931214249e-16,
    -0.02006158406219738,
    1.172588268912952e-16,
    4.254007021968181e-16,
    0.05196791036413544,
    -0.02006158406219738,
    0.02482330542171401,
    0.14195089931442587,
    3.582636522221595e-18,
    6.60182045622627e-18,
    -0.027021475963759478,
    -3.3248566180826913,
    -1.6138614291084894,
    -3.777205356451394e-16,
    3.8626057328226345e-16,
    0.13166014498048093,
    -1.217400629176149,
    -1.6757739575293112e-17,
    -2.5726254987380123e-16,
    -0.3930073546026098,
    0.04521947472666926,
    2.1965651077500923e-17,
    -4.3983814543046266e-16,
    0.04289524590840699,
    9.641318287970073e-18,
    2.6192398228641724e-16,
    0.045219474726669255,
    -0.3930073546026103,
    -8.912416343023719e-18,
    5.240638591574291e-16,
    0.0985913935619267,
    0.04289524590840704,
    0.0032533710674194816,
    0.08807976537420256,
    1.1117885772363828e-17,
    -1.612023017958954e-17,
    -0.3992945576854485,
    0.1781210388876699,
    8.488833658338894e-17,
    -7.024876498470171e-17,
    0.028825013268060917,
    -0.7377978581133693,
    -0.6039973803877758,
    0.21195500093037095,
    -0.21195500093037076,
    0.24731281669739197,
    -0.5291970353428043,
    0.142180114280476,
    -0.14218011428047647,
    0.1728718169898316,
    -0.14560860242089607,
    -1.3945326359921961,
    -0.8533247058071807,
    0.10251277359037815,
    -0.10251277359037816,
    0.1704241747261519,
    -0.6935508540972174,
    0.04747963139353466,
    -0.04747963139353466,
    0.14900563919350737,
    -0.4763028614043927,
    -0.42905810163368796,
    -0.7377978581133694,
    -0.6039973803877758,
    -0.2119550009303714,
    0.2119550009303718,
    0.24731281669739175,
    -0.5291970353428042,
    -0.14218011428047603,
    0.14218011428047625,
    0.17287181698983167,
    -0.14248594112742485,
    -0.2865847089572385,
    -0.14560860242089518,
    -1.3945326359921963,
    -0.8533247058071802,
    -0.10251277359037811,
    0.10251277359037833,
    0.1704241747261519,
    -0.69355085409722,
    -0.0474796313935352,
    0.04747963139353531,
    0.14900563919350795,
    -0.2865847089572383,
    -0.3975556178802819,
    -0.47630286140439226,
    -0.42905810163369024
  ],
  "OQP::E_MO_A": [
    -18.51481649619076,
    -0.8705614332086408,
    -0.42875923516309034,
    -0.23838077755583678,
    -0.17770686943698533,
    0.07450149645220065,
    0.16410201882958045,
    0.8350173392023326,
    0.8754418277123326,
    0.8778953173757434,
    0.9597867177096793,
    1.0478117258678217,
    1.4079078818822248
  ],