{
  "mrsf_ekt": {
    "tdhf_type": "mrsf_ekt_ea",
    "eigenvalues_hartree": [
      -0.107838,
      0.110786,
      0.783816,
      0.836880,
      0.848900,
      0.950745,
      1.050717,
      1.382249
    ],
    "pole_strengths": [
      1.003570,
      1.005182,
      0.999604,
      1.000473,
      1.001453,
      1.000167,
      1.000544,
      1.000106
    ]
  }
}
