{
  "atoms": [
    8,
    1,
    1
  ],
  "coord": [
    0.0,
    0.0,
    -0.07759509131153179,
    -1.007591253013608,
    1.007591253013608,
    -1.1611785434815982,
    1.007591253013608,
    -1.007591253013608,
    -1.1611785434815982
  ],
  "energy": -75.71923072193437,
  "td_energies": [
    0
  ],
  "grad": [
    1.5576732612099242e-14,
    -1.3626469744232317e-14,
    -0.13466970488810404,
    0.07426289049392554,
    -0.07426289049392643,
    0.06733485244404314,
    -0.07426289049393975,
    0.07426289049393997,
    0.0673348524440579
  ],
  "nac": [],
  "soc": [],
  "hess": []
}