{
  "atoms": [
    8,
    1,
    1
  ],
  "coord": [
    0.0,
    0.0,
    -0.07759509131153179,
    -1.007591253013608,
    1.007591253013608,
    -1.1611785434815982,
    1.007591253013608,
    -1.007591253013608,
    -1.1611785434815982
  ],
  "energy": -74.29362768799362,
  "td_energies": [
    -0.4528980457511882,
    -0.18871457370627423,
    -0.1804590472703448,
    -0.034996045295134566,
    -0.008412805558752704,
    0.29574385462991454,
    0.3316083674016935,
    0.3660000483939867,
    0.43409896064090714,
    0.44616193973034984
  ],
  "grad": [
    1.3123183095764546e-15,
    -4.959737048143564e-15,
    -0.04572605005052077,
    0.09744792582452289,
    -0.09744792582452255,
    0.02286661024840453,
    -0.09744792582452633,
    0.09744792582452766,
    0.022866610248409414
  ],
  "nac": [],
  "soc": [],
  "hess": []
}