{
  "OQP::DM_A": [
    2.0847382946593425,
    -0.18245046531010542,
    0.5052677625828046,
    -7.705134311226995e-16,
    -7.234003338468574e-16,
    0.6684569865603471,
    4.704649944116199e-16,
    -3.227482542493439e-16,
    0.15428292010726893,
    0.668456986560351,
    -0.03979858475191861,
    0.09277856901055555,
    -6.173795174555442e-16,
    9.58484750612542e-16,
    0.6373690909425402,
    -0.2645586170556838,
    0.556034496835828,
    1.0776576290956231e-15,
    1.2722359545350746e-15,
    0.2315419103112763,
    0.6408444679267805,
    1.769820679560966e-15,
    -2.40557675621967e-15,
    0.4618795421054157,
    0.19266147672637426,
    -2.2457389451983515e-15,
    -1.5756601231897664e-15,
    0.33084452493593597,
    -1.5869872824470336e-15,
    1.6405734555342735e-15,
    0.1926614767263728,
    0.46187954210541493,
    2.351334984305742e-15,
    3.4682726695964824e-15,
    0.18988376581711983,
    0.3308445249359329,
    -0.032193649307412926,
    0.09007530409344701,
    -5.516773632923055e-16,
    2.569062239415867e-16,
    0.4611756645388058,
    0.1917553848752821,
    -1.8244508041906557e-15,
    1.475324321403893e-15,
    0.3347710540059923,
    -0.038867908907146136,
    0.08255760318027056,
    -0.19032645031764756,
    0.19032645031764878,
    -0.18948358161752837,
    0.04849533145356995,
    -0.09965364277984867,
    0.0996536427798488,
    -0.13199090128211483,
    0.2219632690814186,
    0.0194555639413511,
    -0.03599620576707082,
    -0.08638159518994863,
    0.08638159518994823,
    -0.08354209180250012,
    -0.05584161080020211,
    -0.045228819302024444,
    0.04522881930202373,
    -0.06154630339498699,
    0.08341648263378466,
    0.04114572345314911,
    -0.03886790890714603,
    0.0825576031802701,
    0.19032645031764783,
    -0.1903264503176477,
    -0.18948358161752796,
    0.04849533145356993,
    0.09965364277984945,
    -0.09965364277984835,
    -0.1319909012821143,
    -0.05984135743660738,
    -0.04448341320259301,
    0.2219632690814169,
    0.0194555639413457,
    -0.035996205767062764,
    0.08638159518994763,
    -0.08638159518995023,
    -0.08354209180249138,
    -0.05584161080019148,
    0.04522881930202418,
    -0.04522881930202584,
    -0.06154630339498024,
    -0.044483413202594545,
    -0.016902945076820407,
    0.08341648263378351,
    0.04114572345314634
  ],
  "OQP::FOCK_A": [
    -20.551688349726625,
    -5.128824830757813,
    -2.137235070569986,
    2.4540612379175045e-16,
    -6.894772411015063e-17,
    -0.14749713616131288,
    -1.213537937413788e-16,
    1.1449046242932297e-16,
    -0.029252495976027207,
    -0.14749713616131643,
    0.03041910861138348,
    0.092840924968977,
    5.066680064077572e-16,
    -6.029082268733422e-16,
    -0.14618318829310617,
    -3.64029796600584,
    -2.1232123515940398,
    -1.103940488735856e-16,
    6.224231269546652e-17,
    0.12455642978857887,
    -1.6754134111970682,
    4.521474870474245e-17,
    -7.606539317024469e-17,
    -0.6812791935243174,
    0.021620372906433843,
    1.4834411801061067e-16,
    -3.0881688057693197e-16,
    -0.09731331340162708,
    -3.442159942126585e-17,
    4.6002170200670356e-17,
    0.021620372906433923,
    -0.6812791935243179,
    -1.7912856203101667e-16,
    2.4972620006042863e-16,
    0.1088937291901635,
    -0.09731331340162708,
    0.0052280641732062585,
    0.07685382727145282,
    3.1976802786209497e-16,
    -3.714753705125121e-16,
    -0.6898682242818746,
    0.2003956462231799,
    5.2783982392743e-17,
    -6.391854914280706e-17,
    -0.11847228357166983,
    -0.8117818953685496,
    -0.8322132677454523,
    0.3484266127211806,
    -0.3484266127211809,
    0.39317192736833717,
    -0.7337079135924909,
    0.2338499352175749,
    -0.2338499352175758,
    0.2696011233112976,
    -0.26787770815460465,
    -1.5302021493002327,
    -1.167598130711951,
    0.17808530830727753,
    -0.17808530830727748,
    0.2607841722772948,
    -0.9622175028892319,
    0.08748637524368119,
    -0.08748637524368097,
    0.20987489783402835,
    -0.6587318238359616,
    -0.5907551500941826,
    -0.8117818953685496,
    -0.8322132677454528,
    -0.3484266127211809,
    0.3484266127211809,
    0.3931719273683365,
    -0.7337079135924918,
    -0.23384993521757513,
    0.23384993521757447,
    0.26960112331129693,
    -0.1880694761547677,
    -0.3866604767828221,
    -0.26787770815460377,
    -1.530202149300233,
    -1.1675981307119523,
    -0.17808530830727753,
    0.1780853083072773,
    0.260784172277294,
    -0.9622175028892355,
    -0.08748637524368141,
    0.08748637524368186,
    0.2098748978340279,
    -0.38666047678282167,
    -0.5374172033632489,
    -0.658731823835963,
    -0.5907551500941834
  ],
  "OQP::E_MO_A": [
    -20.557679720173248,
    -1.3606530297610755,
    -0.7175931259030156,
    -0.5601848112260809,
    -0.5014681229646893,
    0.20633198372008918,
    0.3027033436556856,
    1.0671433343210601,
    1.1648096100874983,
    1.1972174725922968,
    1.2128224197311446,
    1.3840182097683826,
    1.6932320340116607
  ],