{
  "atoms": [
    8,
    1,
    1
  ],
  "coord": [
    0.0,
    0.0,
    -0.07759509131153179,
    -1.007591253013608,
    1.007591253013608,
    -1.1611785434815982,
    1.007591253013608,
    -1.007591253013608,
    -1.1611785434815982
  ],
  "energy": -76.34703705197894,
  "td_energies": [
    0.29080178527439193,
    0.3646286228426193,
    0.37020633060306213,
    0.4562264607882837,
    0.5505468561581618,
    0.6759790002965257,
    1.0301797705498061,
    1.039970085569764,
    1.0774630400461234,
    1.1131712347455
  ],
  "grad": [
    -5.2505200708041766e-15,
    -1.7074557913387967e-15,
    -0.16372062465631476,
    0.08651043427145166,
    -0.08651043427145105,
    0.08185895371906649,
    -0.08651043427144434,
    0.08651043427144678,
    0.08185895371906371
  ],
  "nac": [],
  "soc": [],
  "hess": []
}