{
  "atoms": [
    8,
    1,
    1
  ],
  "coord": [
    0.0,
    0.0,
    -0.07759509131153179,
    -1.007591253013608,
    1.007591253013608,
    -1.1611785434815982,
    1.007591253013608,
    -1.007591253013608,
    -1.1611785434815982
  ],
  "energy": -75.9842900314165,
  "td_energies": [
    0
  ],
  "grad": [
    7.720603670269277e-16,
    2.6763530627804677e-16,
    0.009542002511985892,
    0.008664615327420133,
    -0.008664615327419467,
    -0.004771001255998497,
    -0.008664615327418579,
    0.008664615327419023,
    -0.0047710012560004955
  ],
  "nac": [],
  "soc": [],
  "hess": []
}