{
  "atoms": [
    8,
    1,
    1
  ],
  "coord": [
    0.0,
    0.0,
    -0.07759509131153179,
    -1.007591253013608,
    1.007591253013608,
    -1.1611785434815982,
    1.007591253013608,
    -1.007591253013608,
    -1.1611785434815982
  ],
  "energy": -76.34830255707624,
  "td_energies": [
    0.30385026139040333,
    0.3783582666344062,
    0.3827962599161073,
    0.4670780514300446,
    0.551707976181232,
    0.6836517540493916,
    1.0363035139695247,
    1.0659139736581835,
    1.074115368345164,
    1.1139242344280273
  ],
  "grad": [
    -2.4394657301141098e-14,
    2.022253892119963e-15,
    -0.015895321040512833,
    0.08895291629417579,
    -0.08895291629417568,
    0.008072463169806143,
    -0.08895291629417779,
    0.0889529162941689,
    0.008072463169839894
  ],
  "nac": [],
  "soc": [],
  "hess": []
}