{
  "OQP::DM_A": [
    2.0838709875648727,
    -0.17419121871171286,
    0.5111567432076793,
    -6.390705059938084e-16,
    3.187558039901201e-16,
    0.6850319538321693,
    2.8517165974755465e-16,
    -1.2905618023159489e-16,
    0.14903271822515898,
    0.6850319538321685,
    -0.0387330098190816,
    0.07636442398756149,
    -1.8330298573230335e-16,
    -5.407534685340203e-16,
    0.6477068155378499,
    -0.2790852573796808,
    0.5594429146164468,
    -3.2923670904819286e-15,
    4.474401931207902e-15,
    0.27132553110165636,
    0.6712306522379244,
    7.666609685589672e-16,
    9.71412836801224e-16,
    0.4453511211449398,
    0.20753485350364878,
    -2.8383101271632073e-16,
    -5.035413312259615e-16,
    0.30828987748990655,
    -5.75493792337438e-16,
    -8.813450685144868e-16,
    0.20753485350364634,
    0.44535112114493686,
    -4.156379512717789e-16,
    1.3096374907014868e-15,
    0.20277372485811074,
    0.3082898774899024,
    -0.034639390988607424,
    0.08908381504929258,
    1.4790866640054984e-15,
    -1.7497112633642618e-15,
    0.43698673020637113,
    0.2223353800425278,
    6.198006327838032e-16,
    -9.23443296429289e-16,
    0.29763926534763446,
    -0.03922012757407609,
    0.0870596429553276,
    -0.1973594562029159,
    0.19735945620291753,
    -0.20020577303242684,
    0.03295074000089447,
    -0.08756596304608265,
    0.08756596304608402,
    -0.12682272449361423,
    0.23170448819257558,
    0.024373735666854805,
    -0.04005136470740741,
    -0.10752762028783344,
    0.10752762028783548,
    -0.10944357234021873,
    -0.07472417273399178,
    -0.047708682450344646,
    0.04770868245034631,
    -0.07585092223648594,
    0.10697218821366972,
    0.06314007490005315,
    -0.0392201275740746,
    0.08705964295532566,
    0.19735945620291825,
    -0.19735945620291825,
    -0.20020577303242712,
    0.03295074000088614,
    0.08756596304608437,
    -0.08756596304608438,
    -0.12682272449361237,
    -0.05897320211121852,
    -0.05139813216760984,
    0.23170448819257716,
    0.024373735666852463,
    -0.04005136470740668,
    0.10752762028783644,
    -0.10752762028784232,
    -0.10944357234021555,
    -0.07472417273399336,
    0.04770868245034529,
    -0.047708682450349885,
    -0.07585092223648258,
    -0.05139813216761396,
    -0.023145041620093107,
    0.1069721882136733,
    0.06314007490005605
  ],
  "OQP::FOCK_A": [
    -19.119003792866778,
    -4.825444632786137,
    -1.8356368708586335,
    4.174809965551032e-17,
    -1.3596989100759761e-17,
    -0.09538319882110124,
    -6.261919971590313e-18,
    -1.7725891243094074e-16,
    0.03234165649301604,
    -0.09538319882110113,
    0.02599175690132379,
    0.129641011844644,
    -1.9087038171895364e-18,
    6.408281307972769e-17,
    -0.09937313840912587,
    -3.403239648316715,
    -1.7523207677211596,
    2.1087230505631436e-17,
    -1.1287507483579253e-16,
    0.12882558755884166,
    -1.3506763320284887,
    6.3187311530394975e-18,
    4.962839415230064e-17,
    -0.4732609606218286,
    0.03948598110466431,
    -3.855784323265265e-17,
    1.3611218808293225e-16,
    -0.020901641073072574,
    -2.1212181208254125e-18,
    -1.131222673881756e-16,
    0.039485981104664294,
    -0.4732609606218276,
    8.702619877807667e-17,
    -2.385803099810056e-16,
    0.10073110740712368,
    -0.02090164107307174,
    0.003672480719795066,
    0.08434676202341247,
    -1.2613983106087856e-18,
    1.4062671316648757e-17,
    -0.47965281531648174,
    0.18125056756218008,
    -4.2706432891214806e-17,
    3.45701732854472e-17,
    -0.03659662053644708,
    -0.7557655313019787,
    -0.6617069349922683,
    0.24741217988214212,
    -0.2474121798821421,
    0.2852346019512592,
    -0.5896111182727048,
    0.17569127838088383,
    -0.1756912783808844,
    0.20831753293230468,
    -0.22814519398918742,
    -1.427927745681408,
    -0.9338300545235667,
    0.12129413176506329,
    -0.12129413176506318,
    0.19215530459919078,
    -0.7739287982759743,
    0.06529841106655268,
    -0.06529841106655267,
    0.17096129836120869,
    -0.5421159245269991,
    -0.49770457875848695,
    -0.7557655313019789,
    -0.6617069349922668,
    -0.24741217988214256,
    0.2474121798821421,
    0.2852346019512585,
    -0.5896111182727031,
    -0.17569127838088372,
    0.17569127838088366,
    0.20831753293230382,
    -0.15368396766062214,
    -0.31623410717018186,
    -0.22814519398918692,
    -1.427927745681408,
    -0.9338300545235658,
    -0.12129413176506293,
    0.12129413176506303,
    0.19215530459919078,
    -0.7739287982759757,
    -0.06529841106655215,
    0.06529841106655236,
    0.17096129836120824,
    -0.31623410717018136,
    -0.44424557544676924,
    -0.5421159245269984,
    -0.49770457875848995
  ],
  "OQP::E_MO_A": [
    -19.126932563119112,
    -1.0192823675614984,
    -0.5329742456302022,
    -0.3511823032195375,
    -0.2890969926509542,
    0.06364445977570142,
    0.15453739152123794,
    0.8247814063660133,
    0.8902578606329107,
    0.8928325228965385,
    0.9596104499060014,
    1.0757739524117693,
    1.4242195384321763
  ],