{
  "OQP::DM_A": [
    2.0817397716363595,
    -0.15892910612365985,
    0.48735457955434114,
    -7.685901748723683e-16,
    -9.811559230637014e-16,
    0.6747479156740941,
    2.80486986738688e-16,
    6.010103363789295e-16,
    0.13512309285088422,
    0.6747479156740919,
    -0.03711705145895289,
    0.06585255856134085,
    -3.757160156939103e-16,
    -1.390857005737511e-16,
    0.6385780016043706,
    -0.29393495057378377,
    0.5567817220310745,
    3.2043290828845227e-15,
    1.0538232349415906e-16,
    0.2774804134004201,
    0.7067360683279208,
    1.7311382509715896e-15,
    -1.9094648578565773e-15,
    0.44692048455556566,
    0.20937307937930527,
    -2.3131398044489483e-15,
    -2.701997526829473e-16,
    0.31820484443559716,
    -1.7270547960135311e-15,
    1.6490319534376018e-15,
    0.2093730793793034,
    0.44692048455556327,
    1.9205257320937473e-15,
    2.9905350636594374e-15,
    0.21363447013229683,
    0.3182048444355943,
    -0.03558724563803764,
    0.08766339548255282,
    -1.7342912198351638e-15,
    4.600347975463458e-16,
    0.43972843658984234,
    0.23739137112001976,
    -2.514945325799948e-15,
    1.5039580114396036e-15,
    0.30653228839961366,
    -0.039265041964101466,
    0.08533892823427222,
    -0.19077022573385663,
    0.19077022573385713,
    -0.19049747332624467,
    0.033476795079993966,
    -0.08397866478950577,
    0.08397866478950662,
    -0.12196252299426233,
    0.21478002156640708,
    0.02611056394966547,
    -0.038396614674232867,
    -0.11908745926613265,
    0.11908745926613258,
    -0.11952112645054058,
    -0.0811575455633124,
    -0.0524233054915842,
    0.052423305491584415,
    -0.08457944783471602,
    0.11407282515685425,
    0.07640359484126961,
    -0.03926504196410052,
    0.08533892823426999,
    0.19077022573385738,
    -0.1907702257338578,
    -0.1904974733262448,
    0.03347679507999486,
    0.08397866478950682,
    -0.08397866478950758,
    -0.12196252299426394,
    -0.05498724996972787,
    -0.05432818625261973,
    0.21478002156640752,
    0.026110563949660267,
    -0.038396614674226524,
    0.11908745926612818,
    -0.11908745926613303,
    -0.11952112645053008,
    -0.08115754556329977,
    0.05242330549158225,
    -0.05242330549158645,
    -0.08457944783470916,
    -0.054328186252619926,
    -0.028719982538040246,
    0.11407282515685135,
    0.0764035948412632
  ],
  "OQP::FOCK_A": [
    -18.50395473577803,
    -4.734909817299549,
    -1.6977886851215396,
    -1.1271615197204282e-16,
    -4.0230169041551487e-16,
    -0.020061584062202487,
    1.9806817425980584e-16,
    4.99268654060454e-16,
    0.05196791036413545,
    -0.02006158406220404,
    0.02482330542171404,
    0.141950899314426,
    -1.1545553250983187e-16,
    2.931768739937257e-17,
    -0.027021475963764807,
    -3.324856618082692,
    -1.6138614291084916,
    -3.180266763184321e-16,
    3.949805461221689e-16,
    0.13166014498048104,
    -1.2174006291761508,
    -1.8318314299990778e-17,
    -1.680642676567216e-16,
    -0.393007354602612,
    0.04521947472666927,
    -3.5785302748396787e-17,
    -3.146787865640661e-16,
    0.04289524590840699,
    1.29735807216024e-17,
    1.90922620647982e-16,
    0.04521947472666927,
    -0.3930073546026115,
    9.31661916101154e-18,
    3.3788693262628166e-16,
    0.09859139356192667,
    0.042895245908406876,
    0.003253371067419484,
    0.08807976537420269,
    -3.685976357669977e-17,
    6.457677978332728e-18,
    -0.3992945576854494,
    0.17812103888767003,
    -5.3014564408930635e-17,
    1.6084019725691133e-17,
    0.028825013268057142,
    -0.7377978581133695,
    -0.6039973803877766,
    0.21195500093037134,
    -0.21195500093037137,
    0.2473128166973928,
    -0.5291970353428052,
    0.14218011428047642,
    -0.1421801142804771,
    0.1728718169898318,
    -0.14560860242089568,
    -1.3945326359921966,
    -0.8533247058071823,
    0.10251277359037847,
    -0.10251277359037837,
    0.17042417472615232,
    -0.6935508540972184,
    0.047479631393535435,
    -0.04747963139353516,
    0.14900563919350804,
    -0.4763028614043945,
    -0.42905810163368907,
    -0.7377978581133696,
    -0.6039973803877762,
    -0.21195500093037156,
    0.21195500093037176,
    0.2473128166973922,
    -0.5291970353428055,
    -0.1421801142804764,
    0.14218011428047686,
    0.172871816989832,
    -0.14248594112742496,
    -0.28658470895723853,
    -0.14560860242089757,
    -1.394532635992197,
    -0.8533247058071827,
    -0.10251277359037854,
    0.10251277359037864,
    0.1704241747261523,
    -0.693550854097221,
    -0.04747963139353506,
    0.047479631393535476,
    0.149005639193508,
    -0.28658470895723853,
    -0.3975556178802828,
    -0.476302861404393,
    -0.4290581016336906
  ],
  "OQP::E_MO_A": [
    -18.514816496190758,
    -0.8705614332086392,
    -0.42875923516308656,
    -0.23838077755583173,
    -0.17770686943698039,
    0.07450149645220193,
    0.16410201882958605,
    0.8350173392023401,
    0.8754418277123398,
    0.8778953173757443,
    0.9597867177096807,
    1.0478117258678308,
    1.4079078818822226
  ],