{
  "OQP::DM_A": [
    2.0847382946593416,
    -0.18245046531010703,
    0.5052677625828078,
    -8.204278052162442e-16,
    -1.0579251479602373e-15,
    0.6684569865603475,
    6.959387839437174e-16,
    6.763111603651765e-16,
    0.1542829201072681,
    0.6684569865603528,
    -0.039798584751918734,
    0.09277856901055677,
    -1.2333073397160463e-16,
    9.148391986022563e-16,
    0.6373690909425351,
    -0.26455861705568406,
    0.5560344968358315,
    1.970427288308339e-15,
    -3.9495971260573874e-15,
    0.2315419103112779,
    0.6408444679267847,
    1.4365389822290143e-15,
    -1.6433942719023599e-15,
    0.46187954210541765,
    0.19266147672637457,
    -2.271118406220967e-15,
    -8.683969977621118e-16,
    0.3308445249359386,
    -1.0827085195507414e-15,
    1.3261474494079056e-15,
    0.1926614767263706,
    0.46187954210541443,
    2.5974512344948906e-15,
    -7.977196176475815e-16,
    0.189883765817119,
    0.3308445249359311,
    -0.0321936493074128,
    0.0900753040934469,
    -9.469455984127359e-16,
    2.0011861697006888e-15,
    0.46117566453880193,
    0.19175538487528218,
    -2.0560272826394013e-15,
    2.6777320918446923e-15,
    0.3347710540059893,
    -0.03886790890714532,
    0.08255760318026939,
    -0.19032645031764775,
    0.19032645031764991,
    -0.18948358161752912,
    0.04849533145356536,
    -0.0996536427798488,
    0.0996536427798493,
    -0.1319909012821147,
    0.22196326908141925,
    0.019455563941351166,
    -0.035996205767071056,
    -0.08638159518994705,
    0.086381595189952,
    -0.08354209180250197,
    -0.05584161080020416,
    -0.045228819302023084,
    0.04522881930202649,
    -0.06154630339498783,
    0.08341648263378636,
    0.04114572345315028,
    -0.03886790890714563,
    0.08255760318026872,
    0.19032645031764694,
    -0.19032645031764767,
    -0.18948358161752868,
    0.048495331453570545,
    0.09965364277984959,
    -0.0996536427798488,
    -0.13199090128211596,
    -0.059841357436606506,
    -0.04448341320259253,
    0.22196326908141642,
    0.019455563941346888,
    -0.035996205767067,
    0.08638159518994529,
    -0.08638159518994737,
    -0.08354209180249515,
    -0.05584161080019568,
    0.045228819302023236,
    -0.045228819302024256,
    -0.06154630339498348,
    -0.04448341320259182,
    -0.016902945076818825,
    0.08341648263378199,
    0.041145723453145884
  ],
  "OQP::FOCK_A": [
    -20.551688349726632,
    -5.1288248307578135,
    -2.137235070569991,
    2.9448395786502357e-16,
    -2.4306047907090853e-16,
    -0.14749713616131643,
    -2.3304515840986294e-16,
    3.2685422739424023e-16,
    -0.029252495976026596,
    -0.14749713616132176,
    0.030419108611383572,
    0.0928409249689766,
    3.998138521367958e-16,
    -7.855231702226988e-16,
    -0.1461831882931044,
    -3.640297966005841,
    -2.1232123515940424,
    -1.8460986917429639e-16,
    8.346842373025071e-17,
    0.12455642978857924,
    -1.675413411197069,
    9.19373678974383e-17,
    -1.5384217160498953e-16,
    -0.6812791935243205,
    0.02162037290643418,
    2.812256877374932e-16,
    -4.1488656502656997e-16,
    -0.09731331340163063,
    -9.351933875268799e-17,
    2.515346092723459e-16,
    0.0216203729064343,
    -0.6812791935243192,
    -4.665684473920316e-16,
    2.5762386683045004e-16,
    0.10889372919016366,
    -0.09731331340162797,
    0.005228064173206333,
    0.07685382727145253,
    2.8777253261753966e-16,
    -3.3846834460874743e-16,
    -0.6898682242818737,
    0.20039564622318,
    1.8831150168749868e-16,
    -1.4828734824901547e-16,
    -0.11847228357167072,
    -0.8117818953685498,
    -0.8322132677454526,
    0.34842661272118136,
    -0.3484266127211818,
    0.39317192736833695,
    -0.7337079135924891,
    0.23384993521757513,
    -0.2338499352175758,
    0.26960112331129804,
    -0.26787770815460554,
    -1.5302021493002331,
    -1.167598130711951,
    0.17808530830727765,
    -0.17808530830727798,
    0.260784172277295,
    -0.9622175028892324,
    0.08748637524368141,
    -0.08748637524368164,
    0.20987489783402857,
    -0.6587318238359638,
    -0.5907551500941843,
    -0.8117818953685498,
    -0.832213267745453,
    -0.34842661272118125,
    0.34842661272118114,
    0.39317192736833717,
    -0.7337079135924918,
    -0.2338499352175769,
    0.23384993521757602,
    0.2696011233112987,
    -0.18806947615476782,
    -0.38666047678282256,
    -0.26787770815460465,
    -1.5302021493002331,
    -1.167598130711951,
    -0.17808530830727776,
    0.17808530830727737,
    0.2607841722772949,
    -0.9622175028892355,
    -0.0874863752436823,
    0.08748637524368141,
    0.20987489783402902,
    -0.38666047678282256,
    -0.5374172033632485,
    -0.6587318238359643,
    -0.590755150094183
  ],
  "OQP::E_MO_A": [
    -20.557679720173255,
    -1.3606530297610733,
    -0.7175931259030133,
    -0.5601848112260817,
    -0.5014681229646917,
    0.20633198372009043,
    0.30270334365568236,
    1.0671433343210606,
    1.1648096100874967,
    1.1972174725923,
    1.2128224197311448,
    1.3840182097683804,
    1.6932320340116727
  ],