{
  "OQP::DM_A": [
    2.0838709875648713,
    -0.17419121871171314,
    0.5111567432076792,
    -9.06412319108809e-16,
    1.637728445050599e-16,
    0.6850319538321643,
    4.474431549487392e-16,
    -2.0700796451698752e-16,
    0.14903271822515976,
    0.6850319538321649,
    -0.03873300981908211,
    0.07636442398756454,
    -1.3269520742371766e-15,
    8.062835134573338e-16,
    0.6477068155378487,
    -0.27908525737968026,
    0.5594429146164477,
    2.298866740735485e-15,
    7.292150373189807e-16,
    0.2713255311016557,
    0.6712306522379242,
    1.858477248119144e-15,
    -1.808642380307782e-15,
    0.445351121144941,
    0.20753485350364737,
    -2.068267618378992e-15,
    -9.157106530397575e-16,
    0.3082898774899094,
    -1.7548286394092067e-15,
    1.7372100573931988e-15,
    0.2075348535036458,
    0.4453511211449393,
    1.2565773822494517e-15,
    3.1087986179831333e-15,
    0.20277372485811074,
    0.3082898774899066,
    -0.034639390988607605,
    0.08908381504929404,
    -1.1914921928132641e-15,
    1.4857010926444725e-16,
    0.43698673020637235,
    0.22233538004252737,
    -1.7685418574989845e-15,
    6.811840205915365e-16,
    0.2976392653476365,
    -0.039220127574076634,
    0.08705964295532864,
    -0.19735945620291664,
    0.19735945620291842,
    -0.20020577303242548,
    0.03295074000089343,
    -0.08756596304608509,
    0.08756596304608645,
    -0.1268227244936129,
    0.23170448819257894,
    0.024373735666857327,
    -0.04005136470741364,
    -0.10752762028783507,
    0.10752762028783291,
    -0.10944357234022045,
    -0.07472417273400031,
    -0.04770868245034681,
    0.04770868245034509,
    -0.07585092223648723,
    0.10697218821366981,
    0.06314007490005456,
    -0.03922012757407605,
    0.08705964295532771,
    0.19735945620291595,
    -0.19735945620291762,
    -0.200205773032426,
    0.03295074000089358,
    0.08756596304608491,
    -0.0875659630460859,
    -0.12682272449361326,
    -0.05897320211121895,
    -0.051398132167610605,
    0.23170448819257652,
    0.02437373566685122,
    -0.04005136470740466,
    0.10752762028783153,
    -0.10752762028783444,
    -0.10944357234021461,
    -0.07472417273398833,
    0.04770868245034506,
    -0.04770868245034715,
    -0.07585092223648265,
    -0.05139813216761036,
    -0.023145041620090425,
    0.10697218821366838,
    0.06314007490005061
  ],
  "OQP::FOCK_A": [
    -19.1190037928668,
    -4.825444632786139,
    -1.8356368708586386,
    -3.225160920670699e-17,
    -4.941962547448742e-16,
    -0.09538319882110269,
    7.723433849636269e-17,
    4.528492486349924e-16,
    0.032341656493016,
    -0.09538319882110258,
    0.025991756901324006,
    0.12964101184464424,
    1.422994106909687e-16,
    -1.0480743747165792e-16,
    -0.09937313840913098,
    -3.403239648316717,
    -1.7523207677211612,
    -3.3270574431795324e-16,
    3.8401690377335624e-16,
    0.1288255875588418,
    -1.3506763320284914,
    -1.8546961018747363e-17,
    -2.5328938787571343e-16,
    -0.47326096062183076,
    0.039485981104664204,
    1.026165830447994e-16,
    -4.192741851802591e-16,
    -0.02090164107307274,
    2.617362905466465e-17,
    2.592474625012484e-16,
    0.039485981104664225,
    -0.47326096062183065,
    -5.1763459628304483e-17,
    4.801593735481139e-16,
    0.1007311074071236,
    -0.02090164107307102,
    0.0036724807197950566,
    0.0843467620234125,
    7.228515273281479e-17,
    -7.198251022339545e-17,
    -0.47965281531648307,
    0.18125056756218014,
    6.307238260262093e-17,
    -5.510614278563203e-17,
    -0.03659662053644991,
    -0.7557655313019791,
    -0.6617069349922688,
    0.2474121798821423,
    -0.24741217988214234,
    0.2852346019512598,
    -0.5896111182727058,
    0.17569127838088383,
    -0.17569127838088447,
    0.20831753293230418,
    -0.22814519398918937,
    -1.4279277456814086,
    -0.9338300545235658,
    0.12129413176506271,
    -0.12129413176506207,
    0.1921553045991906,
    -0.773928798275973,
    0.06529841106655243,
    -0.06529841106655243,
    0.17096129836120813,
    -0.5421159245269991,
    -0.4977045787584864,
    -0.7557655313019791,
    -0.6617069349922691,
    -0.24741217988214254,
    0.24741217988214298,
    0.2852346019512596,
    -0.5896111182727065,
    -0.1756912783808841,
    0.1756912783808841,
    0.20831753293230493,
    -0.1536839676606223,
    -0.31623410717018186,
    -0.22814519398918953,
    -1.4279277456814086,
    -0.9338300545235666,
    -0.12129413176506315,
    0.12129413176506312,
    0.19215530459919095,
    -0.7739287982759766,
    -0.06529841106655318,
    0.06529841106655337,
    0.1709612983612085,
    -0.31623410717018213,
    -0.4442455754467701,
    -0.5421159245270001,
    -0.49770457875848795
  ],
  "OQP::E_MO_A": [
    -19.126932563119123,
    -1.0192823675615001,
    -0.5329742456301982,
    -0.3511823032195367,
    -0.2890969926509507,
    0.06364445977569622,
    0.15453739152124754,
    0.824781406366014,
    0.8902578606329117,
    0.8928325228965462,
    0.9596104499059994,
    1.075773952411789,
    1.4242195384321588
  ],