{
  "atoms": [
    8,
    1,
    1
  ],
  "coord": [
    0.0,
    0.0,
    -0.07759509131153179,
    -1.007591253013608,
    1.007591253013608,
    -1.1611785434815982,
    1.007591253013608,
    -1.007591253013608,
    -1.1611785434815982
  ],
  "energy": -76.06859985429529,
  "td_energies": [
    0.06024541060209697,
    0.10840734358130437,
    0.10915841820323116,
    0.2574854902562061,
    0.49954034938896025,
    0.5692690367433727,
    0.5838168746669277,
    0.6336080180396005,
    0.7140059516230398,
    0.7595340563796512
  ],
  "grad": [
    -5.39947860728196e-14,
    5.0527724365645454e-14,
    -0.19018863655586893,
    0.09464358089340028,
    -0.09464358089340108,
    0.09509261947538294,
    -0.09464358089334263,
    0.09464358089334382,
    0.09509261947532077
  ],
  "nac": [],
  "soc": [],
  "hess": []
}