{
  "atoms": [
    8,
    1,
    1
  ],
  "coord": [
    0.0,
    0.0,
    -0.07759509131153179,
    -1.007591253013608,
    1.007591253013608,
    -1.1611785434815982,
    1.007591253013608,
    -1.007591253013608,
    -1.1611785434815982
  ],
  "energy": -76.34295920125528,
  "td_energies": [
    0.31415741903071714,
    0.39046558366136624,
    0.39476675336123557,
    0.480375313474643,
    0.5648310445917785,
    0.7010070798136879,
    1.0719145066709552,
    1.0992144536655004,
    1.1012774464772523,
    1.145285295247985
  ],
  "grad": [
    6.109045561086823e-15,
    -6.25216024785491e-15,
    -0.0030463025251386,
    0.08399874532059226,
    -0.08399874532059204,
    0.001522860518547775,
    -0.08399874532059637,
    0.08399874532059703,
    0.001522860518552882
  ],
  "nac": [],
  "soc": [],
  "hess": []
}