{
  "atoms": [
    8,
    1,
    1
  ],
  "coord": [
    0.0,
    0.0,
    -0.07759509131153179,
    -1.007591253013608,
    1.007591253013608,
    -1.1611785434815982,
    1.007591253013608,
    -1.007591253013608,
    -1.1611785434815982
  ],
  "energy": -76.05983111683778,
  "td_energies": [
    -0.2771361710431211,
    0.04539007472783662,
    0.10520855255786572,
    0.10638725874814395,
    0.2569227567034724,
    0.5330899719244215,
    0.5336893367216123,
    0.6009734347275525,
    0.64722350044885,
    0.6511690303137126
  ],
  "grad": [
    -6.842210175175834e-14,
    7.420263405458205e-14,
    -0.17720554360881802,
    0.08923470301403935,
    -0.08923470301404046,
    0.0886014062297239,
    -0.08923470301396955,
    0.08923470301396924,
    0.08860140622964852
  ],
  "nac": [],
  "soc": [],
  "hess": []
}