{
  "atoms": [
    8,
    1,
    1
  ],
  "coord": [
    0.0,
    0.0,
    -0.07759509131153179,
    -1.007591253013608,
    1.007591253013608,
    -1.1611785434815982,
    1.007591253013608,
    -1.007591253013608,
    -1.1611785434815982
  ],
  "energy": -76.35484777850895,
  "td_energies": [
    0.294377988424336,
    0.3685724927362456,
    0.375328839885339,
    0.4622608306222926,
    0.5521365247012637,
    0.6811722391778321,
    1.0383360473872691,
    1.0492073032082223,
    1.0832761812435425,
    1.123310204040711
  ],
  "grad": [
    6.869884435628526e-15,
    -6.889833755602259e-15,
    -0.15916256531392037,
    0.08513516777427882,
    -0.08513516777427854,
    0.07958002620556104,
    -0.08513516777428709,
    0.08513516777428859,
    0.07958002620557114
  ],
  "nac": [],
  "soc": [],
  "hess": []
}