{
  "atoms": [
    8,
    1,
    1
  ],
  "coord": [
    0.0,
    0.0,
    -0.07759509131153179,
    -1.007591253013608,
    1.007591253013608,
    -1.1611785434815982,
    1.007591253013608,
    -1.007591253013608,
    -1.1611785434815982
  ],
  "energy": -75.98429003132657,
  "td_energies": [
    0.3486701031349008,
    0.42044270133570644,
    0.43537837061366347,
    0.5131044424027091,
    0.5792397211907536,
    0.7116031060657008
  ],
  "grad": [
    2.295906520455304e-15,
    -2.0573820425084932e-15,
    -0.025539088060356985,
    0.0945365866988076,
    -0.09453658669880838,
    0.012769544030188262,
    -0.09453658669880893,
    0.09453658669880793,
    0.01276954403018804
  ],
  "nac": [],
  "soc": [],
  "hess": []
}