{
  "atoms": [
    8,
    1,
    1
  ],
  "coord": [
    0.0,
    0.0,
    -0.07759509131153179,
    -1.007591253013608,
    1.007591253013608,
    -1.1611785434815982,
    1.007591253013608,
    -1.007591253013608,
    -1.1611785434815982
  ],
  "energy": -75.9842900313266,
  "td_energies": [
    0.34867010313489866,
    0.4204427013357059,
    0.4353783706137284,
    0.5131044424027121,
    0.5792397211907553,
    0.7116031060658123
  ],
  "grad": [
    2.405194099441843e-15,
    -1.8899812270767313e-15,
    -0.025539088060371196,
    0.09453658669881482,
    -0.09453658669881526,
    0.012769544030196256,
    -0.09453658669881593,
    0.09453658669881748,
    0.012769544030197366
  ],
  "nac": [],
  "soc": [],
  "hess": []
}