{
  "mrsf_ekt": {
    "tdhf_type": "mrsf_ekt_ea",
    "eigenvalues_hartree": [
      -0.107838,
      0.110786,
      0.783816,
      0.83688,
      0.8489,
      0.950745,
      1.050717,
      1.382249
    ],
    "pole_strengths": [
      1.0,
      1.0,
      1.0,
      1.0,
      1.0,
      1.0,
      1.0,
      1.0
    ]
  }
}
