{
  "atoms": [
    8,
    1,
    1
  ],
  "coord": [
    0.0,
    0.0,
    -0.07759509131153179,
    -1.007591253013608,
    1.007591253013608,
    -1.1611785434815982,
    1.007591253013608,
    -1.007591253013608,
    -1.1611785434815982
  ],
  "energy": -76.06394391355494,
  "td_energies": [
    0.06849381523848048,
    0.11262277238811003,
    0.11880170890473268,
    0.2603925488272716,
    0.49518099653487374,
    0.5635129230389192,
    0.5780920269707455,
    0.6324240400470013,
    0.7113146266912549,
    0.7604518710040623
  ],
  "grad": [
    7.84528692010511e-16,
    1.6461441584847414e-15,
    -0.20124025467773277,
    0.09874647794751984,
    -0.09874647794752206,
    0.10061829118572607,
    -0.09874647794751923,
    0.09874647794752145,
    0.1006182911857284
  ],
  "nac": [],
  "soc": [],
  "hess": []
}