{
  "atoms": [
    8,
    1,
    1
  ],
  "coord": [
    0.0,
    0.0,
    -0.07759509131153179,
    -1.007591253013608,
    1.007591253013608,
    -1.1611785434815982,
    1.007591253013608,
    -1.007591253013608,
    -1.1611785434815982
  ],
  "energy": -76.05460506052906,
  "td_energies": [
    -0.02808706775712815,
    0.03977408059122504,
    0.04653315286617456,
    0.1932232516331339,
    0.444161003286905,
    0.49003605062030414,
    0.540274337943452,
    0.5724366870437483,
    0.655173991485216,
    0.6620210434969391
  ],
  "grad": [
    -0.0,
    0.0,
    -0.21925181,
    0.10233799,
    -0.10233799,
    0.10963282,
    -0.10233799,
    0.10233799,
    0.10963282
  ],
  "nac": [],
  "soc": [],
  "hess": []
}