{
  "OQP::DM_A": [
    2.0843076485174787,
    -0.17859754561963667,
    0.5059809497216586,
    -6.121704932770858e-16,
    -5.554900713737022e-16,
    0.6773575215307024,
    3.347330457098638e-16,
    3.224762272402601e-16,
    0.1476014317143244,
    0.6773575215306993,
    -0.03839138461670611,
    0.08008559397902747,
    -7.746470103793536e-16,
    4.862993397686149e-16,
    0.6434061652069434,
    -0.27026476975028396,
    0.5550549680144783,
    2.45326371107441e-15,
    -1.7210354399950545e-15,
    0.25414057551607594,
    0.6552710805330726,
    1.6005689154625968e-15,
    -1.0768089870717093e-15,
    0.4525226628710187,
    0.20170233152299585,
    -9.66037214957241e-16,
    2.5455451025504755e-16,
    0.31879028839817813,
    -1.3679168049560687e-15,
    8.791431419091496e-16,
    0.20170233152299666,
    0.45252266287101883,
    6.229290220932783e-16,
    2.6654426571439417e-16,
    0.20003594120542104,
    0.31879028839817974,
    -0.03432382471022456,
    0.09016117856280487,
    -1.0746125178142274e-15,
    8.185118769601413e-16,
    0.44838216109193124,
    0.2131977537839615,
    -9.805827979426505e-16,
    6.988164284003835e-16,
    0.3148609942559332,
    -0.03870737823376527,
    0.08506125942386007,
    -0.19474735752292757,
    0.19474735752292777,
    -0.19516248994322077,
    0.03873512434917148,
    -0.0922058239292416,
    0.09220582392924245,
    -0.12845995928077875,
    0.2265631601223619,
    0.020925819551806328,
    -0.03566850575508739,
    -0.09891325654593532,
    0.09891325654593419,
    -0.09804763006376725,
    -0.06373210894144207,
    -0.0468318463128245,
    0.04683184631282397,
    -0.06993807094805446,
    0.09725102237151734,
    0.05301168345688926,
    -0.03870737823376532,
    0.08506125942386059,
    0.1947473575229277,
    -0.194747357522928,
    -0.19516248994322077,
    0.03873512434917591,
    0.09220582392924165,
    -0.09220582392924252,
    -0.1284599592807794,
    -0.05980661639353698,
    -0.04819776590374505,
    0.22656316012236202,
    0.020925819551804142,
    -0.035668505755086524,
    0.09891325654593174,
    -0.09891325654593147,
    -0.09804763006376578,
    -0.0637321089414387,
    0.04683184631282292,
    -0.04683184631282303,
    -0.06993807094805374,
    -0.04819776590374287,
    -0.020862557980622545,
    0.09725102237151452,
    0.05301168345688621
  ],
  "OQP::FOCK_A": [
    -19.61417303934267,
    -4.908715702007855,
    -1.934100113694584,
    -1.787492555870586e-17,
    -1.9128762974195046e-16,
    -0.12794243125352978,
    9.110316354374619e-17,
    2.1925557229592622e-16,
    0.012280124183007703,
    -0.12794243125352783,
    0.028924634292277332,
    0.11869085542523536,
    2.258136424430016e-16,
    -1.578729430723344e-16,
    -0.12956993921026272,
    -3.473299640644982,
    -1.8738331585959542,
    -9.120541256635979e-17,
    1.3322847680300126e-16,
    0.12776583397149838,
    -1.4659041321408857,
    -9.185626893352188e-17,
    -9.003999620674274e-17,
    -0.5515938930414365,
    0.03177831632578528,
    1.6869501336297616e-16,
    -8.321840643983476e-17,
    -0.06366544728961232,
    9.170833889960383e-17,
    9.558985487353733e-17,
    0.03177831632578522,
    -0.5515938930414365,
    -9.224329812914795e-17,
    1.8286672422363522e-16,
    0.10260784928570534,
    -0.0636654472896124,
    0.004605638000379976,
    0.07976051193949708,
    1.1400091350408034e-16,
    -7.76404267506315e-17,
    -0.5585119377575343,
    0.18698423734509123,
    1.3478665075671377e-16,
    1.9714767310682894e-17,
    -0.0810282972426638,
    -0.772357675638033,
    -0.7171959321788736,
    0.2837079399335649,
    -0.2837079399335647,
    0.3241911177974239,
    -0.6394636144248693,
    0.19940313826804135,
    -0.1994031382680422,
    0.23306286964844186,
    -0.25490753695008317,
    -1.4582143743984641,
    -1.0124266057655178,
    0.14272863286962628,
    -0.14272863286962595,
    0.2186602185132304,
    -0.8422814743173377,
    0.07638397214144291,
    -0.07638397214144312,
    0.18857247503588054,
    -0.5858501042837782,
    -0.5363744730137655,
    -0.7723576756380331,
    -0.7171959321788742,
    -0.2837079399335647,
    0.2837079399335647,
    0.32419111779742343,
    -0.6394636144248711,
    -0.19940313826804107,
    0.19940313826804176,
    0.23306286964844095,
    -0.16450350139402398,
    -0.340323476467688,
    -0.25490753695008667,
    -1.4582143743984644,
    -1.0124266057655174,
    -0.14272863286962573,
    0.1427286328696256,
    0.2186602185132302,
    -0.8422814743173398,
    -0.07638397214144281,
    0.07638397214144282,
    0.18857247503588184,
    -0.340323476467688,
    -0.47902410611954294,
    -0.585850104283778,
    -0.5363744730137672
  ],
  "OQP::E_MO_A": [
    -19.62051016422026,
    -1.1403466286152668,
    -0.6094405641260588,
    -0.4371082569437663,
    -0.3776825034892235,
    0.11203297848309299,
    0.20363144825129464,
    0.8854610637453922,
    0.9717910754465154,
    0.972884752280241,
    1.0245776703596805,
    1.1521563894677798,
    1.473631995432711
  ],