{
  "atoms": [
    8,
    1,
    1
  ],
  "coord": [
    0.0,
    0.0,
    -0.07759509131153179,
    -1.007591253013608,
    1.007591253013608,
    -1.1611785434815982,
    1.007591253013608,
    -1.007591253013608,
    -1.1611785434815982
  ],
  "energy": -76.09012870019568,
  "td_energies": [
    -0.310610723453536,
    -0.29882797716392706,
    -0.15282721963832333,
    -0.14589532209342412,
    0.19842580360950687,
    0.23715396938060826,
    0.27990267589990897,
    0.32489190904206466,
    0.32789917045507,
    0.3950840553887217
  ],
  "grad": [
    4.109830965132177e-15,
    -7.527907062900713e-15,
    -0.23540295585165438,
    0.10387835646242627,
    -0.1038783564624246,
    0.11769967034537843,
    -0.10387835646243121,
    0.10387835646243143,
    0.11769967034538009
  ],
  "nac": [],
  "soc": [],
  "hess": []
}