{
  "atoms": [
    8,
    1,
    1
  ],
  "coord": [
    0.0,
    0.0,
    -0.07759509131153179,
    -1.007591253013608,
    1.007591253013608,
    -1.1611785434815982,
    1.007591253013608,
    -1.007591253013608,
    -1.1611785434815982
  ],
  "energy": -76.05983111683777,
  "td_energies": [
    0.030565689422728776,
    0.09187445559712014,
    0.09694581973927008,
    0.24240446633861304,
    0.5095202990172095,
    0.5610641218137107,
    0.5999572291404598,
    0.6360027486087687,
    0.7146405480725408,
    0.742293952317591
  ],
  "grad": [
    -2.3232500992453886e-14,
    1.2784695177514571e-14,
    -0.18270045757402076,
    0.09129299922645587,
    -0.09129299922645606,
    0.09134886484197036,
    -0.09129299922644354,
    0.09129299922644307,
    0.09134886484195426
  ],
  "nac": [],
  "soc": [],
  "hess": []
}