{
  "OQP::DM_A": [
    2.0838114416858824,
    -0.1720441371654244,
    0.5095265901388457,
    -8.89361319591306e-16,
    -5.224272402963175e-16,
    0.6826877001542039,
    5.675298905209797e-16,
    3.302553942167576e-16,
    0.14453107312875593,
    0.6826877001542034,
    -0.038304809777587656,
    0.07410828121234618,
    -1.1045477086829618e-15,
    9.71394495724872e-16,
    0.643785805925758,
    -0.2845134292391986,
    0.5641875803134957,
    2.104088857317286e-15,
    -1.0328946169268475e-15,
    0.2756908547868926,
    0.687937947302418,
    2.3360115398155264e-15,
    -3.592679199451485e-15,
    0.44436938098165746,
    0.20952962751029935,
    -3.7854571474175845e-15,
    -3.5062216562508266e-15,
    0.3096861532662573,
    -2.185301620786379e-15,
    3.484680846671639e-15,
    0.20952962751030063,
    0.44436938098165935,
    3.441401432555635e-15,
    4.308176064348899e-15,
    0.20720723348538148,
    0.30968615326626026,
    -0.03463972826894425,
    0.08886479352388019,
    -1.1847013693581688e-15,
    7.201551341406786e-16,
    0.43259235691564807,
    0.22658605769670428,
    -3.030138824032928e-15,
    2.5088842954013017e-15,
    0.293735850702532,
    -0.03896093629189534,
    0.08638039258922887,
    -0.19854982112124697,
    0.19854982112124644,
    -0.20187921475860512,
    0.030685342549714452,
    -0.08664278892488828,
    0.08664278892488832,
    -0.12713420319351038,
    0.23389912057546985,
    0.026594594991976656,
    -0.043625620739395514,
    -0.10865010881818905,
    0.10865010881818554,
    -0.11386178888639206,
    -0.08162097319673683,
    -0.047412525439908974,
    0.04741252543990643,
    -0.07886957033516327,
    0.1091312381552487,
    0.06591398364496615,
    -0.038960936291894635,
    0.0863803925892264,
    0.19854982112124706,
    -0.19854982112124703,
    -0.20187921475860673,
    0.030685342549714747,
    0.08664278892488896,
    -0.0866427889248892,
    -0.12713420319351199,
    -0.05911618008282719,
    -0.051212116082661546,
    0.23389912057546958,
    0.026594594991967584,
    -0.043625620739380304,
    0.10865010881818635,
    -0.10865010881818403,
    -0.11386178888637535,
    -0.08162097319671353,
    0.047412525439909106,
    -0.04741252543990744,
    -0.0788695703351512,
    -0.051212116082662504,
    -0.02182884476878591,
    0.10913123815524488,
    0.06591398364495656
  ],
  "OQP::FOCK_A": [
    -18.738626587525232,
    -4.739044993715013,
    -1.7516022298843295,
    -1.7655759437736165e-16,
    -6.695255624174786e-16,
    -0.06993200691818424,
    1.9219686620461076e-16,
    7.005105028399824e-16,
    0.04884732349893027,
    -0.06993200691818402,
    0.024954995937734387,
    0.13762841210265886,
    -1.2912242586489598e-16,
    9.084953450874387e-17,
    -0.07641309951052166,
    -3.3379776852607215,
    -1.656026256639774,
    -5.719344697342168e-16,
    6.292734338750988e-16,
    0.1290516816892633,
    -1.2657581558235995,
    -2.2174904559432348e-17,
    -3.432493364958964e-16,
    -0.42077116260265734,
    0.04447199647275149,
    -3.7027508901602734e-17,
    -5.82921089005924e-16,
    0.003943299402267342,
    2.1681336154574296e-17,
    3.636679767790261e-16,
    0.04447199647275152,
    -0.420771162602657,
    2.0081456141660513e-17,
    5.821364650538943e-16,
    0.09926262169633886,
    0.003943299402266454,
    0.0032017938266779237,
    0.08656075171194733,
    -3.182160005841971e-17,
    1.7975803475336027e-17,
    -0.4271350464557738,
    0.17774741918701098,
    -2.901660749492847e-17,
    -2.274486001806171e-17,
    -0.010865918360625393,
    -0.7404862858208646,
    -0.6184269665753241,
    0.22169493539429466,
    -0.2216949353942942,
    0.2573573341084068,
    -0.5523757510395835,
    0.15986441030023457,
    -0.15986441030023524,
    0.19166837308430795,
    -0.2109996133855394,
    -1.3999017323080067,
    -0.8743135268640094,
    0.10696725117823219,
    -0.10696725117823214,
    0.17415315474476248,
    -0.7236432434323368,
    0.05754577906728281,
    -0.057545779067282754,
    0.15951293581328468,
    -0.509063145490062,
    -0.4651976842020115,
    -0.7404862858208648,
    -0.618426966575324,
    -0.22169493539429572,
    0.22169493539429572,
    0.25735733410840644,
    -0.5523757510395841,
    -0.15986441030023482,
    0.15986441030023507,
    0.19166837308430826,
    -0.14508297930888636,
    -0.2978301549444054,
    -0.2109996133855424,
    -1.399901732308007,
    -0.8743135268640108,
    -0.10696725117823257,
    0.10696725117823237,
    0.17415315474476228,
    -0.7236432434323419,
    -0.057545779067283656,
    0.057545779067283656,
    0.15951293581328507,
    -0.2978301549444048,
    -0.41734975356852666,
    -0.5090631454900626,
    -0.4651976842020137
  ],
  "OQP::E_MO_A": [
    -18.74687019986675,
    -0.9316402699933939,
    -0.4806048242622766,
    -0.29242977027451855,
    -0.22810924547569644,
    0.03952674728543715,
    0.1277335505274787,
    0.7766916316004389,
    0.8299633228804306,
    0.8421092084833027,
    0.9102532111142727,
    1.0181282710651975,
    1.3670124904074703
  ],