{
  "atoms": [
    8,
    1,
    1
  ],
  "coord": [
    0.0,
    0.0,
    -0.07759509131153179,
    -1.007591253013608,
    1.007591253013608,
    -1.1611785434815982,
    1.007591253013608,
    -1.007591253013608,
    -1.1611785434815982
  ],
  "energy": -76.354847778509,
  "td_energies": [
    0.2952442530837909,
    0.37119911199166555,
    0.3755116830826957,
    0.4641697004521779,
    0.5542919268827244,
    0.6912285312610428,
    1.038372242337345,
    1.0504261269536885,
    1.083475899121831,
    1.124163024092287
  ],
  "grad": [
    -1.7482543190894262e-14,
    1.0275309249296871e-14,
    -0.15887775051038222,
    0.08503206112219236,
    -0.08503206112219291,
    0.07943761833861673,
    -0.08503206112217682,
    0.0850320611221776,
    0.07943761833860563
  ],
  "nac": [],
  "soc": [],
  "hess": []
}