{
  "atoms": [
    8,
    1,
    1
  ],
  "coord": [
    0.0,
    0.0,
    -0.07759509131153179,
    -1.007591253013608,
    1.007591253013608,
    -1.1611785434815982,
    1.007591253013608,
    -1.007591253013608,
    -1.1611785434815982
  ],
  "energy": -76.34703705197907,
  "td_energies": [
    0.2915795093995839,
    0.3674332187515651,
    0.37037233280770515,
    0.45822653696817395,
    0.5528435233318056,
    0.68598572497413,
    1.0302117504890285,
    1.0411782058432302,
    1.077684596682062,
    1.1140315854214762
  ],
  "grad": [
    -5.848023888060938e-15,
    5.585863802753943e-15,
    -0.1634618436701316,
    0.08641578820526774,
    -0.08641578820526769,
    0.0817295626549085,
    -0.08641578820525952,
    0.08641578820525969,
    0.08172956265490183
  ],
  "nac": [],
  "soc": [],
  "hess": []
}