{
  "OQP::DM_A": [
    2.0833279168484067,
    -0.1722474059478417,
    0.5047950210978503,
    -8.9359585070617e-16,
    -1.23004875257551e-15,
    0.6857369010405523,
    5.573459859285519e-16,
    9.672118193318875e-16,
    0.14759650137535568,
    0.6857369010405527,
    -0.038733436144928066,
    0.07696623000106195,
    -2.29693063144337e-16,
    -1.7437247804231084e-16,
    0.6507786289303809,
    -0.2766946120190754,
    0.5525876315952999,
    5.7457910921217815e-15,
    -3.755654917018772e-15,
    0.2665401648937208,
    0.6604365219991911,
    9.73635710350901e-16,
    -9.508103810683463e-16,
    0.44653018184255844,
    0.2064658272075081,
    1.2715518745768479e-15,
    2.8785434168385644e-15,
    0.3093885884723724,
    -8.042296297006206e-16,
    7.519289749249283e-16,
    0.2064658272075091,
    0.4465301818425602,
    -2.1679028539099984e-15,
    -1.4947256265826817e-15,
    0.20229591451182655,
    0.3093885884723747,
    -0.03526632156132151,
    0.0908572580836444,
    -2.313254362935743e-15,
    2.0036383095225414e-15,
    0.4415958197774004,
    0.22130225164685158,
    -1.4403684356854466e-16,
    -4.852095219771424e-16,
    0.3026704438622701,
    -0.0392464959018239,
    0.08657718652007534,
    -0.19626189770080232,
    0.19626189770080346,
    -0.19757999507376275,
    0.03522636993186932,
    -0.08755240424303107,
    0.08755240424303228,
    -0.1255305343079127,
    0.22762135579533482,
    0.02198177895587561,
    -0.03469884286369211,
    -0.1076803362411862,
    0.10768033624117965,
    -0.10613146921549159,
    -0.06709040757062674,
    -0.048036182458534936,
    0.04803618245852998,
    -0.07372661464723244,
    0.10579700195723458,
    0.06142387282328293,
    -0.03924649590182476,
    0.08657718652007527,
    0.1962618977008027,
    -0.1962618977008034,
    -0.1975799950737636,
    0.03522636993187763,
    0.08755240424303017,
    -0.08755240424303068,
    -0.12553053430791625,
    -0.058688555247097395,
    -0.05128874851905973,
    0.22762135579533624,
    0.02198177895587417,
    -0.034698842863692785,
    0.10768033624117748,
    -0.10768033624117437,
    -0.10613146921549671,
    -0.06709040757062414,
    0.04803618245853006,
    -0.04803618245852761,
    -0.07372661464723756,
    -0.051288748519052886,
    -0.02476222151364159,
    0.10579700195723134,
    0.061423872823278915
  ],
  "OQP::FOCK_A": [
    -19.194465507653888,
    -4.843255119059238,
    -1.8910279177696374,
    4.6258778711681263e-17,
    -1.3423631949531688e-16,
    -0.12885152566602398,
    -3.3356899055845963e-17,
    8.630091307106422e-17,
    0.01960747528356655,
    -0.1288515256660241,
    0.026510683862848453,
    0.12324360807796401,
    5.479373263039534e-17,
    7.4396881134971e-17,
    -0.13165276312206076,
    -3.4155341145523126,
    -1.8295305200663807,
    9.725014095356195e-17,
    -3.2173205939403056e-17,
    0.13121883540077303,
    -1.4209047620770516,
    4.145169776388921e-18,
    -5.0821763262256906e-17,
    -0.5390342948346352,
    0.034717819401546265,
    1.2471766389504306e-16,
    2.058859666686057e-17,
    -0.05351800469439738,
    -5.145101192061178e-18,
    3.62460353502523e-17,
    0.03471781940154641,
    -0.5390342948346356,
    1.3870381299001849e-17,
    -1.89972315526526e-17,
    0.10323142517381828,
    -0.05351800469439649,
    0.003900656237853471,
    0.08009430536016028,
    -5.330007183307886e-19,
    1.1033904687398752e-17,
    -0.5461278500172886,
    0.1862344309188461,
    6.8114900765134895e-18,
    4.46410791776236e-18,
    -0.07101299093179642,
    -0.7584189463288064,
    -0.6992617995912743,
    0.27930896498515717,
    -0.27930896498515695,
    0.31994116770271713,
    -0.6231661442224454,
    0.19802721442491794,
    -0.19802721442491905,
    0.2311048490988839,
    -0.24763743344618133,
    -1.4330850487851525,
    -0.9867431717937752,
    0.14114568747524214,
    -0.1411456874752415,
    0.2184731596157124,
    -0.817144884463588,
    0.07547394155912429,
    -0.07547394155912386,
    0.18681610236956175,
    -0.5775161827970368,
    -0.5215883749845281,
    -0.7584189463288064,
    -0.6992617995912747,
    -0.27930896498515606,
    0.27930896498515606,
    0.31994116770271763,
    -0.6231661442224476,
    -0.19802721442491794,
    0.1980272144249175,
    0.23110484909888443,
    -0.15858325122323458,
    -0.3313332858709014,
    -0.24763743344618677,
    -1.4330850487851536,
    -0.9867431717937771,
    -0.14114568747524092,
    0.14114568747524084,
    0.2184731596157125,
    -0.8171448844635889,
    -0.07547394155912245,
    0.07547394155912202,
    0.18681610236956425,
    -0.33133328587090294,
    -0.46476933017361477,
    -0.5775161827970332,
    -0.5215883749845307
  ],
  "OQP::E_MO_A": [
    -19.202389915686297,
    -1.1009881086803945,
    -0.6038638070663295,
    -0.42258408785530677,
    -0.36211621147529705,
    0.11183653240862335,
    0.2044663335020025,
    0.8895408216512346,
    0.958368032646611,
    0.9584199584023501,
    1.0251089996470055,
    1.1389459316403763,
    1.4882183391686843
  ],