{
  "OQP::DM_A": [
    2.084288688715626,
    -0.17805322422684436,
    0.5108574510961289,
    -9.924418126624723e-16,
    -1.803248538248502e-15,
    0.6808983869669016,
    6.264189759000318e-16,
    1.8891748822626458e-15,
    0.15144004990833004,
    0.6808983869669029,
    -0.03916039934172331,
    0.08310346834064568,
    -1.2062253299517053e-15,
    4.469646005407244e-16,
    0.6463381554637445,
    -0.27272593655431127,
    0.5580543000647932,
    5.5752939446404135e-15,
    -4.123923454752797e-15,
    0.2546938832080906,
    0.6548933134281462,
    9.812470458150821e-16,
    -1.212949560360311e-15,
    0.4518898320127143,
    0.20125519060402797,
    -2.2436275398338385e-15,
    2.0204820633869255e-15,
    0.31558763224737924,
    -8.360829241049466e-16,
    1.3041193153195249e-15,
    0.20125519060402708,
    0.45188983201271316,
    1.6930889886900105e-15,
    -8.614129187566968e-16,
    0.19694236957563105,
    0.31558763224737707,
    -0.03351927493844582,
    0.08921689469685173,
    -2.4570572567688875e-15,
    1.982228384956532e-15,
    0.4472253795661461,
    0.2093703903870901,
    -2.3205197178530777e-15,
    1.9813635562774854e-15,
    0.31147301013051426,
    -0.03909420949918198,
    0.08544963454305723,
    -0.19477288029724174,
    0.19477288029724224,
    -0.19595472869255084,
    0.039461917291423926,
    -0.09220145872221015,
    0.09220145872221017,
    -0.12860123678335594,
    0.227267619026432,
    0.022265958082994097,
    -0.038289683197528776,
    -0.09898350887280728,
    0.0989835088728072,
    -0.09849208393002447,
    -0.06600306810002042,
    -0.046856748709511765,
    0.04685674870951146,
    -0.06975848277380246,
    0.09697156287940735,
    0.053359362542793144,
    -0.03909420949918212,
    0.08544963454305442,
    0.1947728802972403,
    -0.19477288029724021,
    -0.19595472869255023,
    0.03946191729143139,
    0.09220145872221046,
    -0.09220145872220993,
    -0.12860123678335797,
    -0.05933831193343412,
    -0.04868146985734162,
    0.22726761902642817,
    0.02226595808299041,
    -0.038289683197526916,
    0.0989835088728013,
    -0.09898350887280441,
    -0.09849208393001868,
    -0.06600306810001166,
    0.04685674870950892,
    -0.04685674870951116,
    -0.06975848277379953,
    -0.04868146985734019,
    -0.020661457174238895,
    0.09697156287940183,
    0.05335936254278765
  ],
  "OQP::FOCK_A": [
    -19.674660267726626,
    -4.942592284758384,
    -1.960835022080238,
    1.0433917457439639e-16,
    -4.3032906320816557e-16,
    -0.12726239291699837,
    -5.864764263828414e-17,
    3.817935284607117e-16,
    0.009254438310041413,
    -0.1272623929169983,
    0.027748792632137517,
    0.116662708252995,
    4.748838887289126e-16,
    -2.725872842240893e-16,
    -0.12870595625960113,
    -3.4945779997231172,
    -1.8999941781174265,
    -3.580315000452648e-16,
    3.6465087765319024e-16,
    0.12812205421903283,
    -1.4823721034015513,
    6.197068434438306e-17,
    -2.5917936092821207e-16,
    -0.5564713513462894,
    0.03274938055763719,
    2.635479234304914e-16,
    -4.861617998403352e-16,
    -0.05863372037084541,
    -5.311098119241835e-17,
    2.226400111014533e-16,
    0.032749380557637146,
    -0.5564713513462886,
    -1.3326676814006518e-16,
    5.013657682739478e-16,
    0.10384824340185121,
    -0.05863372037084538,
    0.004316215243333983,
    0.0816365467123905,
    2.3717316259622643e-16,
    -1.8843175758695672e-16,
    -0.5634770857580332,
    0.18881477272330607,
    1.1852432584829463e-16,
    -1.0998166170593055e-16,
    -0.07628609790447502,
    -0.7772956813375069,
    -0.7285035646980446,
    0.28726212734277434,
    -0.2872621273427741,
    0.32810648488805677,
    -0.6479190952149901,
    0.20051632247412834,
    -0.20051632247412834,
    0.2346964780396424,
    -0.25268646098396297,
    -1.4672761692672769,
    -1.0255823392897017,
    0.143532373242334,
    -0.14353237324233378,
    0.2195476453554586,
    -0.8512165930476137,
    0.0762450419561836,
    -0.0762450419561836,
    0.18873451239015893,
    -0.5921308143109271,
    -0.5428523714859885,
    -0.7772956813375069,
    -0.7285035646980439,
    -0.28726212734277456,
    0.28726212734277434,
    0.3281064848880572,
    -0.6479190952149927,
    -0.20051632247412865,
    0.20051632247412843,
    0.23469647803964253,
    -0.16711072632789378,
    -0.3448631636916395,
    -0.2526864609839605,
    -1.4672761692672764,
    -1.0255823392897008,
    -0.14353237324233387,
    0.14353237324233387,
    0.21954764535545893,
    -0.8512165930476168,
    -0.0762450419561837,
    0.0762450419561844,
    0.18873451239015954,
    -0.34486316369163905,
    -0.4843983547718578,
    -0.5921308143109254,
    -0.5428523714859883
  ],
  "OQP::E_MO_A": [
    -19.681764169862994,
    -1.157881691899821,
    -0.6127747296871503,
    -0.4403187385484673,
    -0.37959077793758167,
    0.10704754584851828,
    0.20075601420798206,
    0.905667534898251,
    0.9841803008008512,
    0.993926764341486,
    1.0441641655045637,
    1.1783036253749086,
    1.514404560623831
  ],