{
  "atoms": [
    8,
    1,
    1
  ],
  "coord": [
    0.0,
    0.0,
    -0.07759509131153179,
    -1.007591253013608,
    1.007591253013608,
    -1.1611785434815982,
    1.007591253013608,
    -1.007591253013608,
    -1.1611785434815982
  ],
  "energy": -76.158195894494,
  "td_energies": [
    -0.3957870263388438,
    -0.025642971522375445,
    -0.019502120940938752,
    0.06895336065281321,
    0.20603516654758902,
    0.41674857411371324
  ],
  "grad": [
    -5.047889732080757e-13,
    5.020311423520329e-13,
    -0.17271909650599238,
    0.08275267445025958,
    -0.08275267445026008,
    0.08635819408361922,
    -0.08275267444976053,
    0.08275267444976092,
    0.08635819408305079
  ],
  "nac": [],
  "soc": [],
  "hess": []
}