{
  "OQP::DM_A": [
    2.0847382946593416,
    -0.1824504653101056,
    0.5052677625828045,
    -6.478755281415383e-16,
    1.1088882908021505e-15,
    0.6684569865603476,
    5.357228843631839e-16,
    -9.224504164874098e-16,
    0.15428292010726782,
    0.6684569865603501,
    -0.039798584751918664,
    0.09277856901055609,
    2.2087414103594513e-16,
    -2.301723147070529e-16,
    0.6373690909425307,
    -0.2645586170556857,
    0.5560344968358315,
    -3.957642671471651e-15,
    1.27913397116275e-15,
    0.23154191031127885,
    0.6408444679267896,
    1.5472613169933692e-15,
    -1.3547721517535253e-16,
    0.46187954210541715,
    0.19266147672637202,
    -1.3121386610626074e-15,
    -3.57177088475835e-15,
    0.33084452493593736,
    -1.1880084127161588e-15,
    2.8000412380861553e-16,
    0.19266147672637055,
    0.461879542105417,
    9.08533726487134e-16,
    1.3404337848493468e-15,
    0.18988376581711788,
    0.33084452493593564,
    -0.03219364930741266,
    0.09007530409344643,
    1.2558520584509021e-15,
    1.4682367774396612e-16,
    0.4611756645388021,
    0.1917553848752837,
    -2.0489310607151038e-16,
    1.0377060491724133e-15,
    0.3347710540059918,
    -0.038867908907146094,
    0.08255760318026918,
    -0.19032645031764686,
    0.19032645031764855,
    -0.1894835816175275,
    0.04849533145357115,
    -0.09965364277984917,
    0.09965364277985035,
    -0.13199090128211563,
    0.2219632690814175,
    0.019455563941351516,
    -0.03599620576707224,
    -0.08638159518994455,
    0.08638159518994451,
    -0.08354209180250192,
    -0.05584161080020332,
    -0.045228819302022834,
    0.04522881930202273,
    -0.061546303394988754,
    0.083416482633782,
    0.04114572345314705,
    -0.03886790890714474,
    0.08255760318026856,
    0.19032645031764742,
    -0.19032645031764756,
    -0.1894835816175276,
    0.0484953314535649,
    0.09965364277985027,
    -0.09965364277984996,
    -0.13199090128211521,
    -0.05984135743660652,
    -0.04448341320258911,
    0.22196326908141653,
    0.01945556394134737,
    -0.0359962057670666,
    0.08638159518994885,
    -0.08638159518994629,
    -0.08354209180249715,
    -0.05584161080019879,
    0.04522881930202587,
    -0.04522881930202363,
    -0.06154630339498484,
    -0.044483413202591984,
    -0.016902945076817256,
    0.08341648263378393,
    0.041145723453147445
  ],
  "OQP::FOCK_A": [
    -20.55168834972664,
    -5.128824830757815,
    -2.1372350705699947,
    1.7847716294819555e-16,
    -4.3144020322978643e-17,
    -0.14749713616132176,
    -1.225555409155463e-16,
    8.667545455876637e-17,
    -0.02925249597602625,
    -0.14749713616132354,
    0.030419108611383562,
    0.09284092496897678,
    -1.0589173461505456e-17,
    1.7165346495459075e-17,
    -0.14618318829310262,
    -3.640297966005842,
    -2.1232123515940478,
    -9.548398320052904e-18,
    -1.078130542076126e-19,
    0.12455642978857931,
    -1.6754134111970744,
    -6.826346910061569e-17,
    -4.56286840895083e-18,
    -0.6812791935243219,
    0.02162037290643426,
    7.154280346989211e-18,
    -1.0452142175487664e-16,
    -0.0973133134016324,
    6.813332246435938e-17,
    6.578587136776227e-17,
    0.021620372906434565,
    -0.6812791935243223,
    7.519184943393795e-17,
    1.1721534508062454e-17,
    0.10889372919016375,
    -0.09731331340163152,
    0.005228064173206323,
    0.07685382727145251,
    1.0687262434631627e-16,
    -9.454209113502145e-17,
    -0.6898682242818763,
    0.20039564622318012,
    1.6500880050606459e-16,
    -5.895541210141469e-17,
    -0.11847228357167161,
    -0.8117818953685498,
    -0.8322132677454543,
    0.34842661272118225,
    -0.34842661272118236,
    0.3931719273683374,
    -0.733707913592494,
    0.23384993521757624,
    -0.2338499352175778,
    0.26960112331129915,
    -0.26787770815460643,
    -1.5302021493002336,
    -1.1675981307119532,
    0.1780853083072777,
    -0.1780853083072777,
    0.26078417227729545,
    -0.9622175028892359,
    0.08748637524368164,
    -0.08748637524368208,
    0.20987489783402968,
    -0.6587318238359656,
    -0.5907551500941852,
    -0.8117818953685503,
    -0.8322132677454541,
    -0.3484266127211819,
    0.3484266127211816,
    0.39317192736833695,
    -0.7337079135924922,
    -0.23384993521757713,
    0.23384993521757713,
    0.2696011233112994,
    -0.18806947615476827,
    -0.38666047678282367,
    -0.26787770815460643,
    -1.5302021493002336,
    -1.1675981307119536,
    -0.17808530830727815,
    0.17808530830727776,
    0.260784172277295,
    -0.9622175028892381,
    -0.08748637524368275,
    0.0874863752436823,
    0.20987489783403013,
    -0.386660476782823,
    -0.5374172033632516,
    -0.6587318238359656,
    -0.5907551500941861
  ],
  "OQP::E_MO_A": [
    -20.557679720173255,
    -1.3606530297610797,
    -0.7175931259030128,
    -0.56018481122608,
    -0.5014681229646907,
    0.20633198372009115,
    0.3027033436556876,
    1.067143334321066,
    1.1648096100874987,
    1.197217472592305,
    1.212822419731152,
    1.3840182097683857,
    1.6932320340116853
  ],