{
  "OQP::DM_A": [
    2.0538611994939764,
    0.07484430248819506,
    0.12625542432377956,
    1.164625332414693e-09,
    -1.1582909098649874e-09,
    0.4310756885989524,
    1.0765320451331086e-09,
    -1.0502648087298902e-09,
    0.11130583540863327,
    0.4310756889705447,
    -0.04631137817117424,
    0.03486800994908142,
    3.0815009970732907e-09,
    3.0494911511099287e-09,
    0.4090073272650907,
    -0.4688267725854051,
    0.3645127556673461,
    -7.866313175401412e-09,
    -7.46503237732665e-09,
    0.2395840266398361,
    1.3197622448841657,
    1.022311349948098e-09,
    -1.2529476621412032e-09,
    0.47608639375892203,
    0.18278264208960585,
    2.899611424625282e-09,
    -9.201213194637442e-09,
    0.5347013831901462,
    9.766117330718904e-10,
    -1.1661555760100974e-09,
    0.1827826421155549,
    0.47608639412319675,
    3.001072072050695e-09,
    -8.843439628813045e-09,
    0.2656732372437729,
    0.5347013835604635,
    -0.034006107141924355,
    0.044118351129575524,
    3.3326506295786253e-09,
    3.272634970232119e-09,
    0.4695167761961947,
    0.28097248261773616,
    3.0783394812116754e-09,
    3.1732252696362705e-09,
    0.5392508704382897,
    -0.026824328797733683,
    0.031304797903596596,
    -0.13367985272055946,
    0.1336798543559531,
    -0.13537704454810195,
    0.06330770885283703,
    -0.12261569295885417,
    0.12261569558785998,
    -0.15455854681143977,
    0.17388849705831858,
    0.023481497516852315,
    -0.007345790973187277,
    -0.10118262792340756,
    0.10118263984743081,
    -0.09293057779687458,
    -0.05699533280398465,
    -0.09280813515068961,
    0.09280814994596426,
    -0.10655557191833319,
    0.11512011637827597,
    0.08522987568126313,
    -0.026824328757523348,
    0.031304797830891386,
    0.13367985447122557,
    -0.13367985271271787,
    -0.13537704434905323,
    0.06330770863165185,
    0.12261569581288494,
    -0.12261569293978275,
    -0.15455854656352078,
    -0.04965106505311258,
    -0.054077568037110495,
    0.17388849703722792,
    0.023481497462371364,
    -0.007345790944147183,
    0.10118264048423287,
    -0.10118262781967415,
    -0.09293057749818559,
    -0.056995332647580235,
    0.09280815070543262,
    -0.09280813493901909,
    -0.10655557155932514,
    -0.05407756824891371,
    -0.04283629829325925,
    0.11512011653370993,
    0.08522987589119282
  ],
  "OQP::FOCK_A": [
    -20.309490462003147,
    -5.7009939527241436,
    -1.6287265253207934,
    -6.702084627385852e-10,
    8.792499154502985e-10,
    0.2628475827506165,
    -6.158277782155969e-10,
    8.030750755093298e-10,
    -0.06215828114586497,
    0.2628475824800205,
    0.036043989992041045,
    0.059372744520623744,
    -2.292168152757361e-09,
    -2.2717886770650614e-09,
    0.2669725790747055,
    -4.466053573057197,
    -2.4343259013562886,
    -3.535545201295205e-12,
    -3.400897359456746e-11,
    0.0884821914410062,
    -2.134310856105346,
    -1.4976089866879026e-10,
    9.274402540910173e-10,
    -0.7883659030611776,
    -0.010718144035057185,
    -1.6179118345476218e-09,
    -2.579142612941474e-10,
    -0.12758409382477875,
    -1.3498083695996515e-10,
    8.634025435885174e-10,
    -0.010718143980167523,
    -0.7883659031893622,
    -1.5621268448190073e-09,
    -2.5552536154773067e-10,
    0.10902260074805663,
    -0.1275840938398325,
    0.007668388536118608,
    0.04257002578285814,
    -6.228853512901582e-10,
    -6.533561922712792e-10,
    -0.7935479046628102,
    0.19580205257697464,
    -2.0005045270409694e-10,
    -1.9755612848381135e-10,
    -0.14901002896240723,
    -0.6164909846586841,
    -0.7338868130197851,
    0.344796520874304,
    -0.3447965217631216,
    0.3849165083206204,
    -0.7167603218978649,
    0.25068336823230375,
    -0.25068336952400005,
    0.2838461876245073,
    -0.12691435082049196,
    -1.5252605532944954,
    -1.1756203780443029,
    0.19035798755131228,
    -0.1903579894992159,
    0.2561792109533825,
    -1.0875998007913341,
    0.12350094049955818,
    -0.12350094299973313,
    0.24722958022281838,
    -0.6472014184189927,
    -0.613916183577377,
    -0.616490984664494,
    -0.7338868129702985,
    -0.3447965218098845,
    0.3447965208778282,
    0.3849165082145658,
    -0.716760321897016,
    -0.2506833696022073,
    0.2506833682356542,
    0.2838461875753404,
    -0.133963722098051,
    -0.3461481778106543,
    -0.12691435082898028,
    -1.5252605532968546,
    -1.1756203780274754,
    -0.19035798956841177,
    0.190357987571302,
    0.25617921090031925,
    -1.087599800808181,
    -0.12350094310199067,
    0.12350094052918958,
    0.24722958019465202,
    -0.34614817778696494,
    -0.5440387775828794,
    -0.6472014184731907,
    -0.6139161836351246
  ],
  "OQP::E_MO_A": [
    -20.425128707473434,
    -1.3333458434558398,
    -0.6927859834688548,
    -0.5369857154023512,
    -0.47949472197308174,
    0.26700927600085367,
    0.36595936748927715,
    1.2042123139959342,
    1.3158311860202725,
    1.783008149828815,
    1.8618025953806994,
    2.0176662479618512,
    3.1174067220121824
  ],