{
  "atoms": [
    8,
    1,
    1
  ],
  "coord": [
    0.0,
    0.0,
    -0.07759509131153179,
    -1.007591253013608,
    1.007591253013608,
    -1.1611785434815982,
    1.007591253013608,
    -1.007591253013608,
    -1.1611785434815982
  ],
  "energy": -76.29699217598883,
  "td_energies": [
    0.281388937336532,
    0.3551555939094493,
    0.3624570329663741,
    0.44967595368828117,
    0.5496264023331252,
    0.6804871291683451,
    1.0076033780632991,
    1.0110910793318284,
    1.0689600192181161,
    1.0832836676011073
  ],
  "grad": [
    4.13357499270961e-15,
    -8.68267046802429e-15,
    -0.17097191892110808,
    0.08892837646361901,
    -0.08892837646362062,
    0.085484307854505,
    -0.08892837646362645,
    0.08892837646362467,
    0.08548430785451189
  ],
  "nac": [],
  "soc": [],
  "hess": []
}