{
  "OQP::DM_A": [
    2.0847382946593433,
    -0.18245046531010553,
    0.5052677625828035,
    -6.091760368260519e-16,
    5.442181767192837e-17,
    0.6684569865603516,
    4.469406939171336e-16,
    -2.0906944454803567e-16,
    0.15428292010726952,
    0.6684569865603468,
    -0.03979858475191849,
    0.09277856901055447,
    -5.51934090143876e-16,
    5.87985248144394e-16,
    0.63736909094254,
    -0.2645586170556873,
    0.5560344968358327,
    -2.577280660346301e-15,
    1.1239527500081483e-15,
    0.23154191031128102,
    0.6408444679267944,
    8.860508506674636e-16,
    2.4904620131816983e-16,
    0.46187954210541443,
    0.19266147672637188,
    -1.4030416125690442e-15,
    -1.564265676972098e-15,
    0.3308445249359317,
    -5.365858137151333e-16,
    -4.401253047733968e-16,
    0.19266147672637476,
    0.46187954210541615,
    1.213139459769586e-15,
    2.7618382020776894e-16,
    0.18988376581711927,
    0.33084452493593675,
    -0.03219364930741144,
    0.09007530409344297,
    8.709593030065638e-16,
    4.094594255269612e-18,
    0.46117566453880166,
    0.19175538487528143,
    -2.1261309779198932e-16,
    7.500090737517727e-16,
    0.33477105400598617,
    -0.03886790890714529,
    0.0825576031802685,
    -0.1903264503176472,
    0.1903264503176475,
    -0.18948358161752973,
    0.0484953314535685,
    -0.09965364277984762,
    0.09965364277984891,
    -0.13199090128211582,
    0.2219632690814174,
    0.01945556394135046,
    -0.03599620576706961,
    -0.08638159518994899,
    0.08638159518994722,
    -0.08354209180250066,
    -0.05584161080020125,
    -0.04522881930202467,
    0.045228819302023736,
    -0.06154630339498691,
    0.08341648263378489,
    0.04114572345314892,
    -0.03886790890714541,
    0.0825576031802693,
    0.1903264503176487,
    -0.1903264503176475,
    -0.18948358161752982,
    0.048495331453566555,
    0.09965364277984946,
    -0.09965364277984942,
    -0.1319909012821146,
    -0.059841357436606804,
    -0.044483413202592206,
    0.2219632690814183,
    0.01945556394134938,
    -0.03599620576706972,
    0.08638159518995095,
    -0.08638159518994788,
    -0.08354209180249607,
    -0.055841610800201634,
    0.045228819302026144,
    -0.045228819302024104,
    -0.061546303394983064,
    -0.04448341320259447,
    -0.01690294507681954,
    0.08341648263378432,
    0.04114572345314859
  ],
  "OQP::FOCK_A": [
    -20.551688349726625,
    -5.128824830757813,
    -2.1372350705699876,
    3.1794164686913255e-16,
    7.916983806341614e-17,
    -0.1474971361613182,
    -2.4144313787295585e-16,
    -3.2271116111168155e-17,
    -0.029252495976027387,
    -0.14749713616131466,
    0.030419108611383236,
    0.09284092496897696,
    3.233771074503381e-16,
    -3.3819859594390985e-16,
    -0.1461831882931044,
    -3.64029796600584,
    -2.1232123515940433,
    6.036848099016311e-17,
    -8.513725878791513e-17,
    0.12455642978857923,
    -1.67541341119707,
    4.31308887437308e-17,
    7.45209042821036e-17,
    -0.6812791935243188,
    0.021620372906433927,
    1.4968857821642223e-16,
    -7.493608933026077e-17,
    -0.09731331340162885,
    -4.1610507581258264e-17,
    1.6938336397565006e-17,
    0.02162037290643373,
    -0.6812791935243192,
    -9.863157868962258e-17,
    -1.2400874920326643e-18,
    0.10889372919016352,
    -0.09731331340163063,
    0.005228064173206209,
    0.07685382727145301,
    2.114534957063989e-16,
    -1.859584450848686e-16,
    -0.689868224281875,
    0.20039564622318,
    6.942768126194987e-17,
    1.126718164083348e-17,
    -0.11847228357166806,
    -0.8117818953685495,
    -0.8322132677454528,
    0.3484266127211808,
    -0.3484266127211815,
    0.39317192736833695,
    -0.73370791359249,
    0.23384993521757513,
    -0.23384993521757602,
    0.26960112331129826,
    -0.26787770815460465,
    -1.5302021493002327,
    -1.167598130711951,
    0.17808530830727753,
    -0.1780853083072776,
    0.26078417227729467,
    -0.9622175028892341,
    0.08748637524368141,
    -0.08748637524368208,
    0.2098748978340288,
    -0.6587318238359634,
    -0.5907551500941848,
    -0.8117818953685496,
    -0.832213267745453,
    -0.34842661272118125,
    0.34842661272118114,
    0.39317192736833695,
    -0.7337079135924904,
    -0.23384993521757602,
    0.2338499352175758,
    0.2696011233112976,
    -0.18806947615476782,
    -0.3866604767828228,
    -0.26787770815460465,
    -1.5302021493002331,
    -1.167598130711951,
    -0.17808530830727753,
    0.1780853083072773,
    0.26078417227729467,
    -0.962217502889235,
    -0.08748637524368186,
    0.08748637524368164,
    0.20987489783402813,
    -0.3866604767828219,
    -0.5374172033632476,
    -0.6587318238359647,
    -0.590755150094183
  ],
  "OQP::E_MO_A": [
    -20.55767972017326,
    -1.3606530297610773,
    -0.7175931259030252,
    -0.5601848112260851,
    -0.5014681229646947,
    0.20633198372008912,
    0.3027033436556751,
    1.0671433343210577,
    1.1648096100874925,
    1.1972174725922977,
    1.2128224197311464,
    1.3840182097683753,
    1.6932320340116829
  ],