{
  "atoms": [
    8,
    1,
    1
  ],
  "coord": [
    0.0,
    0.0,
    -0.07759509131153179,
    -1.007591253013608,
    1.007591253013608,
    -1.1611785434815982,
    1.007591253013608,
    -1.007591253013608,
    -1.1611785434815982
  ],
  "energy": -76.29699217598875,
  "td_energies": [
    0.28138893733653375,
    0.35515559390945334,
    0.36245703296637166,
    0.44967595368827934,
    0.549626402333134,
    0.6804871291683495,
    1.0076033780632978,
    1.0110910793318277,
    1.0689600192181135,
    1.0832836676011044
  ],
  "grad": [
    1.7485633167085846e-14,
    -1.7098789831943018e-14,
    -0.1709719189211112,
    0.08892837646361096,
    -0.08892837646361229,
    0.08548430785449868,
    -0.08892837646362928,
    0.08892837646362911,
    0.085484307854517
  ],
  "nac": [],
  "soc": [],
  "hess": []
}