{
  "atoms": [
    8,
    1,
    1
  ],
  "coord": [
    0.0,
    0.0,
    -0.07759509131153179,
    -1.007591253013608,
    1.007591253013608,
    -1.1611785434815982,
    1.007591253013608,
    -1.007591253013608,
    -1.1611785434815982
  ],
  "energy": -76.3429592012553,
  "td_energies": [
    0.31316174560657584,
    0.38977369308761733,
    0.39212183934157874,
    0.4784028156035508,
    0.5629007736463112,
    0.6915606352614448,
    1.0718540573889266,
    1.098717848501848,
    1.100470436751135,
    1.142729570976188
  ],
  "grad": [
    6.393973892016014e-15,
    -4.052097199447324e-15,
    -0.00806106330777423,
    0.08582133798771563,
    -0.0858213379877164,
    0.00403024532341556,
    -0.08582133798772251,
    0.0858213379877224,
    0.0040302453234228874
  ],
  "nac": [],
  "soc": [],
  "hess": []
}