{
  "atoms": [
    8,
    1,
    1
  ],
  "coord": [
    0.0,
    0.0,
    -0.07759509131153179,
    -1.007591253013608,
    1.007591253013608,
    -1.1611785434815982,
    1.007591253013608,
    -1.007591253013608,
    -1.1611785434815982
  ],
  "energy": -76.34830255707621,
  "td_energies": [
    0.3052164221520352,
    0.3792600407229037,
    0.38564765676886126,
    0.4696625754485865,
    0.5541577646426097,
    0.6935570289533867,
    1.0364151699637656,
    1.0669715586536894,
    1.0746277872472507,
    1.1163903745359616
  ],
  "grad": [
    5.2628582915270616e-14,
    -5.394643065592675e-14,
    -0.010626308986283473,
    0.08694249066968707,
    -0.08694249066966642,
    0.005443495701106249,
    -0.08694249066970816,
    0.08694249066971194,
    0.005443495701119572
  ],
  "nac": [],
  "soc": [],
  "hess": []
}