{
  "mrsf_ekt": {
    "tdhf_type": "mrsf_ekt_ip",
    "eigenvalues_hartree": [
      -19.686068,
      -1.158979,
      -0.609963,
      -0.439384,
      -0.380304
    ],
    "pole_strengths": [
      1.0,
      1.000403,
      1.0062,
      1.002999,
      1.002211
    ]
  }
}
