{
  "OQP::DM_A": [
    2.0538611996274683,
    0.07484430212208965,
    0.12625542481269836,
    -4.7331177641126393e-11,
    3.503718096576514e-11,
    0.43107568843018407,
    3.828370340348089e-10,
    -3.774311655708701e-10,
    0.11130583577131109,
    0.4310756913973936,
    -0.04631137833772047,
    0.03486801029269434,
    9.030699949842532e-10,
    1.5819593488801543e-10,
    0.40900732729549116,
    -0.4688267729234048,
    0.3645127567282899,
    -1.6684863033843117e-10,
    -2.0315991892440068e-09,
    0.23958402751247568,
    1.3197622462008018,
    5.436806405053585e-11,
    -4.2220860945194855e-11,
    0.47608639285546833,
    0.18278264173616957,
    8.492886702021062e-10,
    -6.062944576114823e-10,
    0.5347013811818573,
    2.403630225177171e-10,
    -3.3340958447329637e-10,
    0.1827826420056601,
    0.4760863959040723,
    1.8630288092908353e-10,
    -1.9800801405853898e-09,
    0.26567323610213106,
    0.5347013844555276,
    -0.034006107034434095,
    0.04411835129477077,
    6.78225796456292e-10,
    2.0786786392795325e-10,
    0.46951677546512954,
    0.28097248259817664,
    5.966777023956342e-10,
    1.891570456272944e-10,
    0.5392508687139511,
    -0.02682432862576399,
    0.031304797696940966,
    -0.13367985398460586,
    0.13367985355319117,
    -0.13537704441833118,
    0.06330770789774356,
    -0.12261569489286128,
    0.12261569413550949,
    -0.1545585463081276,
    0.17388849689065602,
    0.02348149754146285,
    -0.007345791062256657,
    -0.10118263480292565,
    0.10118263372060725,
    -0.09293057742723759,
    -0.05699533301827387,
    -0.09280814365459643,
    0.09280814213543286,
    -0.1065555711876546,
    0.11512011638169137,
    0.08522987573085654,
    -0.026824328673869233,
    0.031304797807139385,
    0.13367985395964765,
    -0.1336798528014879,
    -0.13537704476319495,
    0.06330770836623692,
    0.12261569505778266,
    -0.12261569319407839,
    -0.1545585470282448,
    -0.049651064774364276,
    -0.054077568009432725,
    0.17388849675525503,
    0.023481497961972554,
    -0.007345791434918459,
    0.10118263562661972,
    -0.10118263116727204,
    -0.0929305796147334,
    -0.05699533474748979,
    0.09280814497512332,
    -0.09280813924010542,
    -0.10655557395035238,
    -0.054077567037218756,
    -0.04283629750340825,
    0.11512011634982044,
    0.08522987584891746
  ],
  "OQP::FOCK_A": [
    -20.309490458731894,
    -5.700993952112487,
    -1.6287265241358817,
    1.1044807225919335e-11,
    -1.2655702632811732e-11,
    0.26284758492697335,
    -2.063753775341208e-10,
    2.5265716923432563e-10,
    -0.0621582811782308,
    0.26284758274286446,
    0.03604399007807164,
    0.05937274440243134,
    -6.21597454879445e-10,
    -1.246393747815252e-10,
    0.26697258115347644,
    -4.466053572496222,
    -2.4343259005539135,
    -7.735354183757098e-11,
    6.672400026452428e-11,
    0.08848219150401779,
    -2.1343108551993017,
    -4.52934474817803e-12,
    6.065923356739024e-11,
    -0.7883659022165808,
    -0.010718144149547186,
    -2.4523865982682317e-10,
    9.841374423847328e-12,
    -0.12758409316370134,
    -4.673599150194738e-11,
    2.0709627237448832e-10,
    -0.010718143700172558,
    -0.7883659032675654,
    -2.7116936119987014e-10,
    -9.255888669562482e-11,
    0.10902260087824421,
    -0.12758409331025167,
    0.007668388535639704,
    0.04257002567177467,
    -3.267714401272201e-10,
    1.450891998746847e-10,
    -0.7935479038230202,
    0.1958020526612098,
    -2.0712869355369817e-11,
    -2.1952062524454917e-11,
    -0.14901002825677523,
    -0.6164909846132047,
    -0.7338868126727758,
    0.34479652138696637,
    -0.34479652131812843,
    0.38491650803002175,
    -0.7167603216610814,
    0.2506833688721708,
    -0.2506833687524963,
    0.28384618742584955,
    -0.12691435050583966,
    -1.5252605531326928,
    -1.1756203776257954,
    0.19035798853854963,
    -0.19035798863207537,
    0.2561792108721824,
    -1.0875998003547105,
    0.12350094173699766,
    -0.12350094182880733,
    0.24722958018431473,
    -0.6472014182852788,
    -0.6139161833794375,
    -0.6164909845735886,
    -0.7338868127160652,
    -0.34479652131153826,
    0.34479652093267554,
    0.3849165082590309,
    -0.7167603215375418,
    -0.2506833688977119,
    0.2506833683361511,
    0.28384618758473,
    -0.13396372215084573,
    -0.34614817770597506,
    -0.12691435028862053,
    -1.5252605530853067,
    -1.1756203776159793,
    -0.19035798864820136,
    0.19035798816663052,
    0.2561792111004634,
    -1.08759980023131,
    -0.12350094186287608,
    0.12350094120305055,
    0.2472295803982616,
    -0.34614817783072327,
    -0.5440387774180686,
    -0.647201418072195,
    -0.6139161831903124
  ],
  "OQP::E_MO_A": [
    -4596929656543395844,
    -4614688361827535227,
    -4618956755900174416,
    -4620360079955610671,
    -4621062607881291865,
    4598481631414300823,
    4600264157789938890,
    4608102109298622491,
    4608604796008927376,
    4610708773998765495,
    4611063632635533378,
    4611725799275293068,
    4614202194669483531
  ],