{
  "atoms": [
    8,
    1,
    1
  ],
  "coord": [
    0.0,
    0.0,
    -0.07759509131153179,
    -1.007591253013608,
    1.007591253013608,
    -1.1611785434815982,
    1.007591253013608,
    -1.007591253013608,
    -1.1611785434815982
  ],
  "energy": -76.34295920125533,
  "td_energies": [
    0.3141574190307134,
    0.39046558366136797,
    0.3947667533612292,
    0.4803753134746463,
    0.5648310445917667,
    0.7010070798136807,
    1.071914506670953,
    1.0992144536654935,
    1.1012774464772483,
    1.1452852952479802
  ],
  "grad": [
    3.163701939312702e-15,
    -1.4502288259166107e-15,
    -0.003046302525137712,
    0.08399874532059204,
    -0.08399874532059048,
    0.001522860518547331,
    -0.08399874532059215,
    0.08399874532059248,
    0.0015228605185468869
  ],
  "nac": [],
  "soc": [],
  "hess": []
}