{
  "atoms": [
    8,
    1,
    1
  ],
  "coord": [
    0.0,
    0.0,
    -0.07759509131153179,
    -1.007591253013608,
    1.007591253013608,
    -1.1611785434815982,
    1.007591253013608,
    -1.007591253013608,
    -1.1611785434815982
  ],
  "energy": -75.15222039358133,
  "td_energies": [
    0.26647202904708084,
    0.3335406506279784,
    0.3501574844263937,
    0.43072842321871463,
    0.5312431717574767,
    0.6573746822950733,
    0.9875458634232669,
    1.0176862180290895,
    1.0643405147125529,
    1.0678720711613048
  ],
  "grad": [
    2.3475687539742385e-15,
    6.601435977721115e-16,
    -0.17534898420954015,
    0.09545129671583263,
    -0.09545129671583324,
    0.08767380722457407,
    -0.0954512967158358,
    0.09545129671583658,
    0.08767380722457696
  ],
  "nac": [],
  "soc": [],
  "hess": []
}