{
  "OQP::DM_A": [
    2.053861199627467,
    0.07484430212209243,
    0.12625542481269275,
    -4.7330943620901576e-11,
    3.503718403756387e-11,
    0.43107568843018,
    3.828367624966095e-10,
    -3.774312841984697e-10,
    0.11130583577130963,
    0.43107569139739305,
    -0.04631137833772077,
    0.034868010292692195,
    9.030703610307938e-10,
    1.5819590631904952e-10,
    0.4090073272954904,
    -0.46882677292340674,
    0.36451275672828326,
    -1.668498387583519e-10,
    -2.031598662782073e-09,
    0.23958402751247998,
    1.3197622462008256,
    5.4367983154961244e-11,
    -4.2220620433403977e-11,
    0.47608639285546916,
    0.1827826417361703,
    8.492890473659632e-10,
    -6.062948087011135e-10,
    0.5347013811818643,
    2.403631120676984e-10,
    -3.3341002112425485e-10,
    0.1827826420056571,
    0.47608639590407137,
    1.8630353995983115e-10,
    -1.980080620266682e-09,
    0.265673236102131,
    0.534701384455526,
    -0.03400610703443319,
    0.044118351294767155,
    6.782253529816793e-10,
    2.0786783582467467e-10,
    0.46951677546512816,
    0.2809724825981778,
    5.966772201004737e-10,
    1.8915767193774892e-10,
    0.5392508687139488,
    -0.026824328625763755,
    0.03130479769694028,
    -0.13367985398460455,
    0.1336798535531909,
    -0.13537704441833184,
    0.06330770789774283,
    -0.12261569489286107,
    0.12261569413550935,
    -0.1545585463081283,
    0.17388849689065525,
    0.023481497541463146,
    -0.007345791062256519,
    -0.10118263480292414,
    0.10118263372060843,
    -0.0929305774272399,
    -0.0569953330182761,
    -0.0928081436545956,
    0.09280814213543441,
    -0.10655557118765685,
    0.1151201163816918,
    0.08522987573085752,
    -0.026824328673868816,
    0.03130479780713915,
    0.13367985395964618,
    -0.13367985280148995,
    -0.13537704476319518,
    0.06330770836623588,
    0.12261569505778212,
    -0.12261569319408146,
    -0.1545585470282457,
    -0.049651064774363804,
    -0.05407756800943216,
    0.17388849675525622,
    0.023481497961973394,
    -0.007345791434918986,
    0.10118263562662012,
    -0.10118263116727153,
    -0.09293057961473239,
    -0.05699533474749452,
    0.09280814497512477,
    -0.09280813924010517,
    -0.1065555739503514,
    -0.05407756703721898,
    -0.04283629750340792,
    0.11512011634982021,
    0.08522987584891718
  ],
  "OQP::FOCK_A": [
    -20.309490458731915,
    -5.700993952112489,
    -1.62872652413588,
    1.1044676618090545e-11,
    -1.265537545442249e-11,
    0.26284758492697335,
    -2.0637521856561753e-10,
    2.526571494995582e-10,
    -0.06215828117822969,
    0.2628475827428609,
    0.03604399007807158,
    0.0593727444024319,
    -6.215975964636329e-10,
    -1.246395824339191e-10,
    0.2669725811534729,
    -4.466053572496224,
    -2.434325900553908,
    -7.735303481885719e-11,
    6.672366220973186e-11,
    0.08848219150401722,
    -2.1343108551993097,
    -4.529373933170173e-12,
    6.06595840645533e-11,
    -0.7883659022165839,
    -0.010718144149546596,
    -2.4523898598188443e-10,
    9.841442043299695e-12,
    -0.12758409316370845,
    -4.6735924819447286e-11,
    2.070961373661093e-10,
    -0.010718143700171663,
    -0.7883659032675685,
    -2.711695065650916e-10,
    -9.255894420305672e-11,
    0.10902260087824464,
    -0.12758409331025167,
    0.0076683885356396125,
    0.04257002567177483,
    -3.267713531977167e-10,
    1.4508893112320687e-10,
    -0.7935479038230238,
    0.19580205266121006,
    -2.0712674546174545e-11,
    -2.1952176126156235e-11,
    -0.149010028256777,
    -0.616490984613205,
    -0.7338868126727776,
    0.3447965213869667,
    -0.344796521318129,
    0.384916508030023,
    -0.7167603216610829,
    0.2506833688721726,
    -0.2506833687524965,
    0.2838461874258509,
    -0.12691435050583877,
    -1.5252605531326937,
    -1.1756203776257967,
    0.1903579885385499,
    -0.19035798863207615,
    0.2561792108721829,
    -1.0875998003547136,
    0.12350094173699833,
    -0.12350094182880733,
    0.24722958018431496,
    -0.647201418285281,
    -0.613916183379442,
    -0.6164909845735895,
    -0.7338868127160683,
    -0.3447965213115397,
    0.3447965209326759,
    0.3849165082590309,
    -0.7167603215375422,
    -0.2506833688977115,
    0.25068336833615357,
    0.28384618758473135,
    -0.13396372215084598,
    -0.34614817770597583,
    -0.12691435028862408,
    -1.5252605530853074,
    -1.175620377615978,
    -0.19035798864820197,
    0.1903579881666309,
    0.2561792111004634,
    -1.0875998002313119,
    -0.12350094186287741,
    0.12350094120305011,
    0.24722958039826137,
    -0.3461481778307245,
    -0.5440387774180686,
    -0.647201418072195,
    -0.6139161831903142
  ],
  "OQP::E_MO_A": [
    -4596929656543395841,
    -4614688361827535226,
    -4618956755900174366,
    -4620360079955610688,
    -4621062607881291911,
    4598481631414300776,
    4600264157789938750,
    4608102109298622478,
    4608604796008927395,
    4610708773998765518,
    4611063632635533412,
    4611725799275293079,
    4614202194669483415
  ],