{
  "OQP::DM_A": [
    2.053861199638386,
    0.07484430207770439,
    0.12625542484949703,
    -8.503976595692081e-10,
    8.498562239852302e-10,
    0.4310756855919783,
    -1.129251279825525e-09,
    1.078040396679123e-09,
    0.11130583469057487,
    0.4310756915621633,
    -0.04631137829482289,
    0.034868010218179,
    -3.054292019673455e-09,
    -2.6257598931111234e-09,
    0.40900732866503003,
    -0.46882677290572905,
    0.3645127567806719,
    6.1309545018067155e-09,
    7.471866321874035e-09,
    0.23958402710573118,
    1.319762245866749,
    -8.148257108423565e-10,
    9.636669453721258e-10,
    0.47608639134728153,
    0.18278264154897034,
    -3.0292236069461577e-09,
    7.4333865759051555e-09,
    0.5347013814750585,
    -9.859301150022771e-10,
    1.1794169647343535e-09,
    0.18278264185079054,
    0.47608639708325606,
    -2.3203523261705624e-09,
    8.746966517380646e-09,
    0.26567323736453763,
    0.5347013871418326,
    -0.03400610681941429,
    0.04411835103443557,
    -2.999903169684696e-09,
    -2.8901399829307663e-09,
    0.4695167763199698,
    0.2809724813424187,
    -2.9208575376959024e-09,
    -2.457224990902736e-09,
    0.5392508688668682,
    -0.026824328761926065,
    0.03130479788788979,
    -0.1336798547265301,
    0.13367985215908698,
    -0.13537704479848006,
    0.06330770888422173,
    -0.12261569651263228,
    0.12261569197095752,
    -0.15455854687389936,
    0.17388849679358193,
    0.023481497926942478,
    -0.007345791410068817,
    -0.10118264163952156,
    0.10118262502930254,
    -0.09293057879544611,
    -0.0569953342375533,
    -0.09280815263844486,
    0.09280813153793971,
    -0.10655557284613433,
    0.11512011595845133,
    0.08522987533332267,
    -0.02682432870215744,
    0.03130479780907798,
    0.13367985338047084,
    -0.1336798539391292,
    -0.1353770444299212,
    0.06330770836916834,
    0.12261569426650458,
    -0.12261569484772755,
    -0.15455854613064385,
    -0.04965106494182296,
    -0.05407756737446675,
    0.1738884967185961,
    0.023481497631982515,
    -0.0073457911362422275,
    0.10118263152778395,
    -0.10118263669195794,
    -0.09293057718498716,
    -0.056995333124237255,
    0.09280813984772113,
    -0.09280814589323597,
    -0.10655557075051296,
    -0.054077568238295196,
    -0.04283629772933506,
    0.11512011605996558,
    0.08522987545683312
  ],
  "OQP::FOCK_A": [
    -20.309490459254526,
    -5.700993952157646,
    -1.6287265242915172,
    4.933869444360565e-10,
    -6.637350137325265e-10,
    0.2628475864132689,
    6.437633431669751e-10,
    -8.151791088796594e-10,
    -0.06215828068480603,
    0.26284758210292125,
    0.03604399002446443,
    0.05937274452133462,
    2.239983685843065e-09,
    1.930978971630809e-09,
    0.2669725800750218,
    -4.466053572554174,
    -2.4343259006606193,
    5.027945262949962e-11,
    -5.602796041324442e-12,
    0.08848219153827223,
    -2.13431085525807,
    1.2031632933999742e-10,
    -7.377531239853373e-10,
    -0.7883659016104123,
    -0.010718144251668227,
    1.4316300350675163e-09,
    1.890965626217456e-10,
    -0.12758409324875242,
    1.3927988916040225e-10,
    -8.594031636947673e-10,
    -0.010718143373437669,
    -0.7883659036417989,
    1.4410676768739197e-09,
    2.660961931928879e-10,
    0.10902260074961267,
    -0.12758409347364452,
    0.007668388508489646,
    0.042570025861725175,
    7.273987216453456e-10,
    4.297664797077812e-10,
    -0.7935479042626046,
    0.19580205274012136,
    1.7159541208070524e-10,
    1.5901355498125104e-10,
    -0.14901002822043274,
    -0.6164909845570716,
    -0.7338868128451235,
    0.3447965217382404,
    -0.3447965205649203,
    0.38491650829903434,
    -0.7167603215853571,
    0.2506833695494124,
    -0.2506833677474176,
    0.2838461874788032,
    -0.12691435027671893,
    -1.5252605531272727,
    -1.175620377698643,
    0.19035798947818505,
    -0.19035798733588444,
    0.2561792110403948,
    -1.0875998002421854,
    0.1235009429598346,
    -0.12350094012308199,
    0.24722958023118635,
    -0.6472014179718557,
    -0.6139161830547524,
    -0.6164909845820998,
    -0.7338868128064109,
    -0.3447965210975197,
    0.3447965215767692,
    0.38491650812953104,
    -0.7167603216545599,
    -0.25068336850184747,
    0.2506833691047905,
    0.28384618734147726,
    -0.13396372205475574,
    -0.3461481777124624,
    -0.1269143504303223,
    -1.5252605531312025,
    -1.1756203776947185,
    -0.19035798788855907,
    0.1903579892605638,
    0.25617921087479467,
    -1.087599800327487,
    -0.12350094091475694,
    0.12350094260832734,
    0.2472295800797204,
    -0.34614817761242145,
    -0.544038777290381,
    -0.6472014181398942,
    -0.6139161832445055
  ],
  "OQP::E_MO_A": [
    -4596929656543853059,
    -4614688361829495529,
    -4618956755906286139,
    -4620360079958741925,
    -4621062607917846503,
    4598481631412473792,
    4600264157792487129,
    4608102109299311311,
    4608604796008989705,
    4610708774008002857,
    4611063632637607695,
    4611725799277564966,
    4614202194671278548
  ],