{
  "OQP::DM_A": [
    2.0833279168484076,
    -0.1722474059478379,
    0.5047950210978371,
    -1.065442425385654e-15,
    -7.752729111344833e-16,
    0.6857369010405567,
    6.715577820175095e-16,
    3.7891840518941033e-16,
    0.1475965013753546,
    0.6857369010405566,
    -0.03873343614492733,
    0.07696623000105787,
    -1.3212134505243947e-15,
    9.6414410997352e-16,
    0.6507786289303705,
    -0.27669461201908246,
    0.5525876315953053,
    5.011208052410254e-15,
    -1.6711365866276942e-15,
    0.26654016489372223,
    0.6604365219992215,
    1.6652314053155077e-15,
    -2.4584553361727472e-15,
    0.4465301818425617,
    0.2064658272075047,
    -3.845953625779553e-15,
    -3.237464088133065e-16,
    0.3093885884723737,
    -1.5167434454561948e-15,
    2.107833499048597e-15,
    0.20646582720750617,
    0.446530181842563,
    3.3218277613232327e-15,
    2.8108904723387633e-15,
    0.20229591451182324,
    0.3093885884723758,
    -0.03526632156131909,
    0.09085725808363844,
    -1.7304024784060821e-15,
    1.0178176711343436e-15,
    0.4415958197774006,
    0.2213022516468527,
    -3.1881198056208464e-15,
    2.4639659741842133e-15,
    0.3026704438622745,
    -0.03924649590182398,
    0.08657718652007487,
    -0.1962618977008022,
    0.1962618977008037,
    -0.19757999507376103,
    0.03522636993187225,
    -0.08755240424303132,
    0.0875524042430325,
    -0.12553053430791558,
    0.22762135579533405,
    0.02198177895588061,
    -0.03469884286370133,
    -0.10768033624118015,
    0.10768033624117453,
    -0.10613146921550254,
    -0.06709040757064125,
    -0.048036182458532105,
    0.04803618245852771,
    -0.07372661464724213,
    0.1057970019572317,
    0.06142387282328279,
    -0.03924649590182358,
    0.08657718652007236,
    0.19626189770080524,
    -0.19626189770080424,
    -0.19757999507376464,
    0.035226369931874765,
    0.08755240424303426,
    -0.08755240424303336,
    -0.12553053430791902,
    -0.05868855524709707,
    -0.0512887485190533,
    0.22762135579533718,
    0.021981778955874103,
    -0.03469884286369108,
    0.10768033624117078,
    -0.10768033624117179,
    -0.10613146921548462,
    -0.06709040757062187,
    0.04803618245852802,
    -0.04803618245852873,
    -0.0737266146472298,
    -0.051288748519052386,
    -0.024762221513636568,
    0.10579700195722457,
    0.06142387282327104
  ],
  "OQP::FOCK_A": [
    -19.19446550765388,
    -4.843255119059237,
    -1.8910279177696303,
    3.4434958378307496e-17,
    -3.0504523981916667e-16,
    -0.1288515256660243,
    -1.8064845658067506e-17,
    2.375807598430513e-16,
    0.019607475283567023,
    -0.1288515256660242,
    0.026510683862847984,
    0.12324360807796364,
    3.757237642701692e-16,
    -2.6364191744978854e-16,
    -0.13165276312204954,
    -3.415534114552311,
    -1.829530520066378,
    -6.865590094210186e-17,
    1.0903468596698519e-16,
    0.13121883540077262,
    -1.4209047620770536,
    2.889986738491784e-17,
    -1.9110662904319596e-16,
    -0.5390342948346353,
    0.03471781940154664,
    1.5479146725428438e-16,
    -2.3489521801496663e-16,
    -0.05351800469439488,
    -2.889395704211624e-17,
    1.4925588643218278e-16,
    0.03471781940154665,
    -0.5390342948346353,
    -3.287477630443508e-17,
    1.990747060282972e-16,
    0.10323142517381842,
    -0.05351800469439588,
    0.003900656237853347,
    0.08009430536016021,
    1.8426839941738397e-16,
    -1.741802349993325e-16,
    -0.5461278500172868,
    0.18623443091884584,
    -7.120419618220995e-17,
    8.343575007293063e-17,
    -0.07101299093179658,
    -0.7584189463288061,
    -0.6992617995912744,
    0.279308964985155,
    -0.27930896498515545,
    0.31994116770271563,
    -0.6231661442224454,
    0.19802721442491555,
    -0.19802721442491644,
    0.23110484909888465,
    -0.2476374334461796,
    -1.4330850487851525,
    -0.9867431717937758,
    0.14114568747524175,
    -0.1411456874752411,
    0.21847315961571256,
    -0.817144884463585,
    0.07547394155912188,
    -0.0754739415591217,
    0.18681610236956137,
    -0.5775161827970337,
    -0.5215883749845229,
    -0.7584189463288062,
    -0.699261799591274,
    -0.27930896498515634,
    0.27930896498515634,
    0.31994116770271613,
    -0.6231661442224454,
    -0.19802721442491616,
    0.19802721442491594,
    0.2311048490988851,
    -0.15858325122323455,
    -0.3313332858709014,
    -0.247637433446185,
    -1.4330850487851536,
    -0.9867431717937762,
    -0.14114568747524062,
    0.1411456874752413,
    0.2184731596157115,
    -0.8171448844635899,
    -0.07547394155912217,
    0.07547394155912221,
    0.18681610236956334,
    -0.33133328587090166,
    -0.46476933017361477,
    -0.5775161827970304,
    -0.5215883749845234
  ],
  "OQP::E_MO_A": [
    -19.202389915686297,
    -1.100988108680395,
    -0.6038638070663316,
    -0.4225840878553042,
    -0.36211621147529965,
    0.11183653240862595,
    0.20446633350201698,
    0.8895408216512294,
    0.9583680326466084,
    0.9584199584023495,
    1.0251089996470104,
    1.1389459316403798,
    1.4882183391686552
  ],