{
  "atoms": [
    8,
    1,
    1
  ],
  "coord": [
    0.0,
    0.0,
    -0.07759509131153179,
    -1.007591253013608,
    1.007591253013608,
    -1.1611785434815982,
    1.007591253013608,
    -1.007591253013608,
    -1.1611785434815982
  ],
  "energy": -76.29699217598872,
  "td_energies": [
    0.2806215879749434,
    0.3521182531940634,
    0.3623608508421367,
    0.4472748224854375,
    0.5469571071498656,
    0.6701153480359517,
    1.0075654507252159,
    1.0092682576741667,
    1.0687621611450657,
    1.0822144396616578
  ],
  "grad": [
    -7.09881372434884e-16,
    -1.950967599279041e-15,
    -0.1711728346466319,
    0.08900086457491557,
    -0.08900086457491291,
    0.08558476859696018,
    -0.08900086457491657,
    0.08900086457491907,
    0.0855847685969614
  ],
  "nac": [],
  "soc": [],
  "hess": []
}