{
  "atoms": [
    8,
    1,
    1
  ],
  "coord": [
    0.0,
    0.0,
    -0.07759509131153179,
    -1.007591253013608,
    1.007591253013608,
    -1.1611785434815982,
    1.007591253013608,
    -1.007591253013608,
    -1.1611785434815982
  ],
  "energy": -76.3429592012553,
  "td_energies": [
    0.3131617456067552,
    0.38977369308762827,
    0.39212183934157796,
    0.4784028156035546,
    0.5629007736463042,
    0.6915606352614411,
    1.071854057388926,
    1.0987178485018467,
    1.1004704367511857,
    1.1427295709761884
  ],
  "grad": [
    -3.648990831717214e-15,
    2.5205532105943007e-15,
    -0.008061063307771565,
    0.08582133798771818,
    -0.08582133798771807,
    0.004030245323418669,
    -0.08582133798771674,
    0.08582133798771585,
    0.00403024532341778
  ],
  "nac": [],
  "soc": [],
  "hess": []
}