{
  "atoms": [
    8,
    1,
    1
  ],
  "coord": [
    0.0,
    0.0,
    -0.07759509131153179,
    -1.007591253013608,
    1.007591253013608,
    -1.1611785434815982,
    1.007591253013608,
    -1.007591253013608,
    -1.1611785434815982
  ],
  "energy": -75.98429003132658,
  "td_energies": [
    0.350671424336668,
    0.42306641669568484,
    0.4382614556741727,
    0.5162857057930402,
    0.5811054768490628,
    0.7204436315578924
  ],
  "grad": [
    3.4119842368118825e-15,
    -3.228103548358341e-15,
    -0.02059740452194392,
    0.09280927150311558,
    -0.09280927150311735,
    0.010298702260977732,
    -0.09280927150311868,
    0.09280927150311935,
    0.010298702260982173
  ],
  "nac": [],
  "soc": [],
  "hess": []
}