{
  "atoms": [
    8,
    1,
    1
  ],
  "coord": [
    0.0,
    0.0,
    -0.07759509131153179,
    -1.007591253013608,
    1.007591253013608,
    -1.1611785434815982,
    1.007591253013608,
    -1.007591253013608,
    -1.1611785434815982
  ],
  "energy": -76.34703705197899,
  "td_energies": [
    0.2915795093995796,
    0.3674332187515625,
    0.3703723328076975,
    0.4582265369681705,
    0.5528435233318,
    0.6859857249741264,
    1.0302117504890238,
    1.0411782058432162,
    1.0776845966820578,
    1.1140315854214682
  ],
  "grad": [
    -2.493231315847666e-15,
    2.5680412657491658e-15,
    -0.16346184367011696,
    0.08641578820526141,
    -0.08641578820526008,
    0.08172956265490261,
    -0.08641578820526158,
    0.0864157882052623,
    0.08172956265490294
  ],
  "nac": [],
  "soc": [],
  "hess": []
}