{
  "atoms": [
    8,
    1,
    1
  ],
  "coord": [
    0.0,
    0.0,
    -0.07759509131153179,
    -1.007591253013608,
    1.007591253013608,
    -1.1611785434815982,
    1.007591253013608,
    -1.007591253013608,
    -1.1611785434815982
  ],
  "energy": -76.29699217598882,
  "td_energies": [
    0.28062158797491543,
    0.35211825319404183,
    0.3623608508421244,
    0.44727482248540384,
    0.5469571071498498,
    0.6701153480359539,
    1.0075654507252054,
    1.009268257674151,
    1.068762161145059,
    1.0822144396616449
  ],
  "grad": [
    -1.5873478746708525e-14,
    1.3051517332163254e-14,
    -0.17117283464664013,
    0.08900086457492279,
    -0.08900086457492262,
    0.0855847685969684,
    -0.08900086457491124,
    0.08900086457491191,
    0.08558476859695463
  ],
  "nac": [],
  "soc": [],
  "hess": []
}