{
  "atoms": [
    8,
    1,
    1
  ],
  "coord": [
    0.0,
    0.0,
    -0.07759509131153179,
    -1.007591253013608,
    1.007591253013608,
    -1.1611785434815982,
    1.007591253013608,
    -1.007591253013608,
    -1.1611785434815982
  ],
  "energy": -76.06616197508359,
  "td_energies": [
    -0.41181950485751384,
    -0.12183157267466671,
    -0.0972879756099815,
    0.006180146289835578,
    0.07276864353127745,
    0.39476052161445835
  ],
  "grad": [
    1.4353752561535593e-14,
    -8.434442380633733e-15,
    -0.014899424658804339,
    0.08280253988386821,
    -0.08280253988386932,
    0.007453947739804345,
    -0.0828025398838792,
    0.08280253988387898,
    0.00745394773981678
  ],
  "nac": [],
  "soc": [],
  "hess": []
}