{
  "atoms": [
    8,
    1,
    1
  ],
  "coord": [
    0.0,
    0.0,
    -0.07759509131153179,
    -1.0075912537694989,
    1.007591253769498,
    -1.1611785434815987,
    1.007591253769498,
    -1.0075912537694989,
    -1.1611785434815987
  ],
  "mass": [
    15.99491,
    1.007825,
    1.007825
  ],
  "energy": -76.36778169964683,
  "hessian": [
    [
      0.378135337830952,
      -0.39073442358359994,
      2.148337063800909e-12,
      -0.1892440864177079,
      0.19550540797510849,
      -0.21025324640852286,
      -0.18924408643227836,
      0.19550540798883423,
      0.21025324640768245
    ],
    [
      -0.39073442358359994,
      0.378135337831238,
      -4.545600007510586e-13,
      0.195505407979726,
      -0.18924408642152538,
      0.2102532464077366,
      0.19550540798435945,
      -0.18924408642729143,
      -0.21025324640697818
    ],
    [
      2.148337063800909e-12,
      -4.545600007510586e-13,
      0.507119092544548,
      -0.15988436619356738,
      0.1598843661933518,
      -0.2537480520923514,
      0.15988436619399582,
      -0.15988436619282004,
      -0.2537480520918894
    ],
    [
      -0.1892440864177079,
      0.195505407979726,
      -0.15988436619356738,
      0.20543858069991602,
      -0.21106122704610863,
      0.18520140772777313,
      -0.01601807678913868,
      0.015417623016043307,
      -0.02520289444857924
    ],
    [
      0.19550540797510849,
      -0.18924408642152538,
      0.1598843661933518,
      -0.21106122704610863,
      0.2054385806999297,
      -0.18520140772774302,
      0.015417623016051988,
      -0.016018076789150088,
      0.025202894448594918
    ],
    [
      -0.21025324640852286,
      0.2102532464077366,
      -0.2537480520923514,
      0.18520140772777313,
      -0.18520140772774302,
      0.23759019081871685,
      0.02520289444855887,
      -0.025202894448579195,
      0.016346367297712633
    ],
    [
      -0.18924408643227836,
      0.19550540798435945,
      0.15988436619399582,
      -0.01601807678913868,
      0.015417623016051988,
      0.02520289444855887,
      0.20543858069995086,
      -0.21106122704606645,
      -0.18520140772777777
    ],
    [
      0.19550540798883423,
      -0.18924408642729143,
      -0.15988436619282004,
      0.015417623016043307,
      -0.016018076789150088,
      -0.025202894448579195,
      -0.21106122704606645,
      0.2054385806999478,
      0.1852014077277816
    ],
    [
      0.21025324640768245,
      -0.21025324640697818,
      -0.2537480520918894,
      -0.02520289444857924,
      0.025202894448594918,
      0.016346367297712633,
      -0.18520140772777777,
      0.1852014077277816,
      0.23759019081874194
    ]
  ],
  "hessian_metadata": {
    "max_asymmetry": 7.271960811294775e-15,
    "symmetrized": true,
    "backend": "native_openqp",
    "native_openqp_kernel": true,
    "native_openqp_cphf_solver_exercised": true,
    "native_openqp_final_assembly": true,
    "native_openqp_d4_dispersion": false,
    "no_external_hessian_backend": true,
    "no_numerical_fallback": true,
    "shape": [
      9,
      9
    ]
  },
  "freqs": [
    1725.2528453727873,
    4032.865499149097,
    4161.36086772498
  ],
  "modes": [
    [
      5.1468465788995655e-14,
      -5.154173530237109e-14,
      -0.06794927202172431,
      -0.29046575463460655,
      0.290465754634607,
      0.5392019897066018,
      0.29046575463378965,
      -0.2904657546337892,
      0.539201989707481
    ],
    [
      8.659727242804257e-13,
      -8.659429301131694e-13,
      0.04878322968716547,
      -0.40458445866618026,
      0.4045844586661799,
      -0.3871125286485431,
      0.4045844586524367,
      -0.404584458652437,
      -0.38711252863376344
    ],
    [
      -0.04807729681538761,
      0.04807729681538762,
      8.058726370789221e-13,
      0.38151069659419834,
      -0.38151069659419795,
      0.41028410688418854,
      0.381510696609395,
      -0.38151069660939546,
      -0.41028410689697853
    ]
  ],
  "frequency_modes": {
    "frequencies_cm-1": [
      1725.2528453727873,
      4032.865499149097,
      4161.36086772498
    ],
    "normal_mode_eigenvectors": [
      [
        5.1468465788995655e-14,
        -5.154173530237109e-14,
        -0.06794927202172431,
        -0.29046575463460655,
        0.290465754634607,
        0.5392019897066018,
        0.29046575463378965,
        -0.2904657546337892,
        0.539201989707481
      ],
      [
        8.659727242804257e-13,
        -8.659429301131694e-13,
        0.04878322968716547,
        -0.40458445866618026,
        0.4045844586661799,
        -0.3871125286485431,
        0.4045844586524367,
        -0.404584458652437,
        -0.38711252863376344
      ],
      [
        -0.04807729681538761,
        0.04807729681538762,
        8.058726370789221e-13,
        0.38151069659419834,
        -0.38151069659419795,
        0.41028410688418854,
        0.381510696609395,
        -0.38151069660939546,
        -0.41028410689697853
      ]
    ],
    "normal_mode_eigenvectors_units": "Cartesian displacement, mass-unweighted, row-major by vibrational mode"
  },
  "inertia": [
    2.101814749570285,
    4.092737554906417,
    6.194552304476702
  ],
  "infrared_intensities": [
    4.095247340287614,
    0.40007241391406084,
    1.8554979485814498
  ],
  "raman_activities": [
    80.30040154238614,
    930.3562479675545,
    459.43854335112064
  ],
  "vibrational_intensity_metadata": {
    "status": "computed",
    "backend": "native_openqp_finite_difference",
    "property_kernels": "electric_dipole_au,cphf_static_polarizability,vibrational_intensities_native",
    "displacement_bohr": 0.001,
    "ir_units": "km/mol",
    "raman_units": "a.u."
  },
  "infrared_mode_dipole_derivatives": [
    [
      3.7608943737055256e-12,
      -2.4086219130303732e-12,
      0.3113156944469454
    ],
    [
      1.0134948436046898e-12,
      1.3643600138557588e-13,
      -0.09730390064593988
    ],
    [
      0.14817542733720418,
      -0.14817542733594277,
      -8.825024044867291e-12
    ]
  ],
  "raman_mode_polarizability_derivatives": [
    [
      [
        0.4201258008277714,
        -0.35162082910244186,
        6.87754964090459e-10
      ],
      [
        -0.35162082910267767,
        0.4201258008341088,
        -9.33345289944043e-10
      ],
      [
        3.506606116587818e-11,
        -3.282452087915999e-11,
        -2.572667732530066
      ]
    ],
    [
      [
        3.6952086749678115,
        -4.00388864553473,
        -3.5140013121548463e-10
      ],
      [
        -4.003888645532246,
        3.695208674975242,
        5.298432803613196e-10
      ],
      [
        1.1840017855035967e-10,
        -1.1616230199962274e-10,
        3.5040476690807036
      ]
    ],
    [
      [
        9.033718217921205e-11,
        -1.3811807253460984e-10,
        -3.3074178654843047
      ],
      [
        -1.367038704458423e-10,
        9.299505610016467e-11,
        3.307417865486327
      ],
      [
        -3.3084440383590223,
        3.3084440383600415,
        1.7542967079009486e-10
      ]
    ]
  ]
}
