{
  "atoms": [
    8,
    1,
    1
  ],
  "coord": [
    -0.0,
    0.0,
    -0.07759509131153179,
    -1.0075912537694984,
    1.0075912537694984,
    -1.1611785434815982,
    1.0075912537694984,
    -1.0075912537694984,
    -1.1611785434815982
  ],
  "mass": [
    15.99491,
    1.007825,
    1.007825
  ],
  "energy": -76.36777084531528,
  "hessian": [
    [
      0.37869656124903,
      -0.3904079211594125,
      -3.9993191609937055e-14,
      -0.18935570736420998,
      0.1954118903814625,
      -0.2100515920302975,
      -0.18935570736420748,
      0.19541189038136753,
      0.21005159203021
    ],
    [
      -0.3904079211594125,
      0.37869656124901,
      9.499196289920093e-14,
      0.1954118903815025,
      -0.189355707364245,
      0.210051592030235,
      0.19541189038144502,
      -0.1893557073641275,
      -0.2100515920302075
    ],
    [
      -3.9993191609937055e-14,
      9.499196289920093e-14,
      0.506263773111225,
      -0.15961511763578,
      0.1596151176357575,
      -0.2535247587229625,
      0.15961511763564998,
      -0.159615117635875,
      -0.25352475872310754
    ],
    [
      -0.18935570736420998,
      0.1954118903815025,
      -0.15961511763578,
      0.205388440198715,
      -0.211043775482185,
      0.18521525624926,
      -0.016025261446619997,
      0.015424025378839995,
      -0.025194881909854992
    ],
    [
      0.1954118903814625,
      -0.189355707364245,
      0.1596151176357575,
      -0.211043775482185,
      0.205388440198785,
      -0.1852152562492725,
      0.015424025378924976,
      -0.016025261446540005,
      0.025194881909872513
    ],
    [
      -0.2100515920302975,
      0.210051592030235,
      -0.2535247587229625,
      0.18521525624926,
      -0.1852152562492725,
      0.23757509349534495,
      0.025194881909790006,
      -0.025194881909885003,
      0.016342545878477492
    ],
    [
      -0.18935570736420748,
      0.19541189038144502,
      0.15961511763564998,
      -0.016025261446619997,
      0.015424025378924976,
      0.025194881909790006,
      0.20538844019866498,
      -0.211043775482165,
      -0.18521525624927748
    ],
    [
      0.19541189038136753,
      -0.1893557073641275,
      -0.159615117635875,
      0.015424025378839995,
      -0.016025261446540005,
      -0.025194881909885003,
      -0.211043775482165,
      0.20538844019866997,
      0.1852152562491925
    ],
    [
      0.21005159203021,
      -0.2100515920302075,
      -0.25352475872310754,
      -0.025194881909854992,
      0.025194881909872513,
      0.016342545878477492,
      -0.18521525624927748,
      0.1852152562491925,
      0.23757509349524494
    ]
  ],
  "freqs": [
    1724.8639317260192,
    4032.619600428737,
    4161.132798160745
  ],
  "modes": [
    [
      -1.5414974393072113e-15,
      1.5222318621054999e-15,
      -0.06795062484904499,
      -0.2904545346118002,
      0.29045453461180026,
      0.5392127248799466,
      0.2904545346118247,
      -0.2904545346118247,
      0.5392127248799204
    ],
    [
      8.744756642926835e-14,
      -8.744447386399402e-14,
      -0.04878134530348031,
      0.4045925136810291,
      -0.40459251368102883,
      0.38709757537597606,
      -0.40459251368241694,
      0.40459251368241683,
      0.3870975753774686
    ],
    [
      0.048077296815387596,
      -0.0480772968153876,
      8.659955952777551e-14,
      -0.3815106966025418,
      0.38151069660254183,
      -0.4102841068912702,
      -0.38151069660105147,
      0.3815106966010516,
      0.4102841068898961
    ]
  ],
  "inertia": [
    [
      -1.5414974393072113e-15,
      1.5222318621054999e-15,
      -0.06795062484904499,
      -0.2904545346118002,
      0.29045453461180026,
      0.5392127248799466,
      0.2904545346118247,
      -0.2904545346118247,
      0.5392127248799204
    ],
    [
      8.744756642926835e-14,
      -8.744447386399402e-14,
      -0.04878134530348031,
      0.4045925136810291,
      -0.40459251368102883,
      0.38709757537597606,
      -0.40459251368241694,
      0.40459251368241683,
      0.3870975753774686
    ],
    [
      0.048077296815387596,
      -0.0480772968153876,
      8.659955952777551e-14,
      -0.3815106966025418,
      0.38151069660254183,
      -0.4102841068912702,
      -0.38151069660105147,
      0.3815106966010516,
      0.4102841068898961
    ]
  ]
}