{
  "atoms": [
    8,
    1,
    1
  ],
  "coord": [
    -0.0,
    0.0,
    -0.07759509131153179,
    -1.0075912537694984,
    1.0075912537694984,
    -1.1611785434815982,
    1.0075912537694984,
    -1.0075912537694984,
    -1.1611785434815982
  ],
  "mass": [
    15.99491,
    1.007825,
    1.007825
  ],
  "energy": -76.36093754532254,
  "hessian": [
    [
      0.31688756954002,
      -0.318858172482695,
      4.419149480551991e-19,
      -0.158666676135,
      0.159379208857945,
      -0.1710279941390075,
      -0.158666676162935,
      0.1593792089081475,
      0.17102799412988498
    ],
    [
      -0.318858172482695,
      0.31688756905015,
      -3.581499958790829e-11,
      0.159379209013145,
      -0.1586666760147225,
      0.17102799417244252,
      0.15937920900524,
      -0.15866667591675251,
      -0.1710279941282425
    ],
    [
      4.419149480551991e-19,
      -3.581499958790829e-11,
      0.517591624877855,
      -0.1565337748577425,
      0.15653377485679248,
      -0.25920059428788,
      0.156533774860605,
      -0.1565337748633725,
      -0.25920059428306497
    ],
    [
      -0.158666676135,
      0.159379209013145,
      -0.1565337748577425,
      0.18968023531645,
      -0.1898225524217925,
      0.16414902975054751,
      -0.030791331235525,
      0.030492797500014997,
      -0.0071953238038175
    ],
    [
      0.159379208857945,
      -0.1586666760147225,
      0.15653377485679248,
      -0.1898225524217925,
      0.18968023530592,
      -0.16414902974733,
      0.030492797511764997,
      -0.03079133129551,
      0.0071953238013050015
    ],
    [
      -0.1710279941390075,
      0.17102799417244252,
      -0.25920059428788,
      0.16414902975054751,
      -0.16414902974733,
      0.221849107357715,
      0.00719532381554,
      -0.0071953237976575,
      0.0377562542243125
    ],
    [
      -0.158666676162935,
      0.15937920900524,
      0.156533774860605,
      -0.030791331235525,
      0.030492797511764997,
      0.00719532381554,
      0.189680235345225,
      -0.1898225524614825,
      -0.1641490297566075
    ],
    [
      0.1593792089081475,
      -0.15866667591675251,
      -0.1565337748633725,
      0.030492797500014997,
      -0.03079133129551,
      -0.0071953237976575,
      -0.1898225524614825,
      0.189680235222985,
      0.164149029740845
    ],
    [
      0.17102799412988498,
      -0.1710279941282425,
      -0.25920059428306497,
      -0.0071953238038175,
      0.0071953238013050015,
      0.0377562542243125,
      -0.1641490297566075,
      0.164149029740845,
      0.221849107344155
    ]
  ],
  "freqs": [
    1770.8063745386455,
    3771.8824129386344,
    4010.3925507051454
  ],
  "modes": [
    [
      1.0833222474439957e-12,
      -1.0833415261108684e-12,
      -0.06746109720316446,
      -0.29447226455490383,
      0.29447226455490383,
      0.5353281463782068,
      0.2944722645377108,
      -0.2944722645377108,
      0.5353281463966967
    ],
    [
      0.048077296815387596,
      -0.0480772968153876,
      1.6067239109602488e-12,
      -0.3815106965958646,
      0.3815106965958646,
      -0.410284106903333,
      -0.38151069660772857,
      0.38151069660772874,
      0.41028410687783334
    ],
    [
      -8.418218654240027e-14,
      8.417918229893769e-14,
      0.04945611621567373,
      -0.4016777616651098,
      0.40167776166510955,
      -0.3924521260227688,
      0.40167776166644586,
      -0.4016777616664457,
      -0.39245212602420554
    ]
  ],
  "inertia": [
    [
      1.0833222474439957e-12,
      -1.0833415261108684e-12,
      -0.06746109720316446,
      -0.29447226455490383,
      0.29447226455490383,
      0.5353281463782068,
      0.2944722645377108,
      -0.2944722645377108,
      0.5353281463966967
    ],
    [
      0.048077296815387596,
      -0.0480772968153876,
      1.6067239109602488e-12,
      -0.3815106965958646,
      0.3815106965958646,
      -0.410284106903333,
      -0.38151069660772857,
      0.38151069660772874,
      0.41028410687783334
    ],
    [
      -8.418218654240027e-14,
      8.417918229893769e-14,
      0.04945611621567373,
      -0.4016777616651098,
      0.40167776166510955,
      -0.3924521260227688,
      0.40167776166644586,
      -0.4016777616664457,
      -0.39245212602420554
    ]
  ]
}