{
  "atoms": [
    8,
    1,
    1
  ],
  "coord": [
    -0.0,
    0.0,
    -0.07759509131153179,
    -1.0075912537694984,
    1.0075912537694984,
    -1.1611785434815982,
    1.0075912537694984,
    -1.0075912537694984,
    -1.1611785434815982
  ],
  "mass": [
    15.99491,
    1.007825,
    1.007825
  ],
  "energy": -76.36093649270003,
  "hessian": [
    [
      0.317059696489265,
      -0.31830450837016,
      6.549971649165494e-13,
      -0.158718737206315,
      0.15923701881866997,
      -0.17119482722154,
      -0.15871873720562,
      0.1592370188195675,
      0.171194827221595
    ],
    [
      -0.31830450837016,
      0.31705969649014,
      -6.324965026987807e-13,
      0.159237018820175,
      -0.15871873720509,
      0.17119482722172247,
      0.15923701881928748,
      -0.1587187372057725,
      -0.1711948272216575
    ],
    [
      6.549971649165494e-13,
      -6.324965026987807e-13,
      0.5184705995854749,
      -0.15682201501987,
      0.15682201501961748,
      -0.259418460508205,
      0.15682201501991,
      -0.156822015019915,
      -0.2594184605079375
    ],
    [
      -0.158718737206315,
      0.159237018820175,
      -0.15682201501987,
      0.18963734589756498,
      -0.18989100714149498,
      0.16413315995335,
      -0.030729758566522502,
      0.030569273105154997,
      -0.007191285472462498
    ],
    [
      0.15923701881866997,
      -0.15871873720509,
      0.15682201501961748,
      -0.18989100714149498,
      0.18963734589599,
      -0.16413315995253,
      0.030569273105555,
      -0.030729758567030002,
      0.0071912854720425
    ],
    [
      -0.17119482722154,
      0.17119482722172247,
      -0.259418460508205,
      0.16413315995335,
      -0.16413315995253,
      0.22182895701127997,
      0.00719128547197,
      -0.007191285471879999,
      0.037772663746554996
    ],
    [
      -0.15871873720562,
      0.15923701881928748,
      0.15682201501991,
      -0.030729758566522502,
      0.030569273105555,
      0.00719128547197,
      0.189637345896875,
      -0.1898910071419275,
      -0.164133159953185
    ],
    [
      0.1592370188195675,
      -0.1587187372057725,
      -0.156822015019915,
      0.030569273105154997,
      -0.030729758567030002,
      -0.007191285471879999,
      -0.1898910071419275,
      0.189637345897235,
      0.1641331599531775
    ],
    [
      0.171194827221595,
      -0.1711948272216575,
      -0.2594184605079375,
      -0.007191285472462498,
      0.0071912854720425,
      0.037772663746554996,
      -0.164133159953185,
      0.1641331599531775,
      0.22182895701122998
    ]
  ],
  "hessian_metadata": {},
  "freqs": [
    1770.9293080453638,
    3771.813432806396,
    4010.6393588646947
  ],
  "modes": [
    [
      -9.09848257674073e-15,
      9.145129152103377e-15,
      -0.06745958024992865,
      -0.29448458469650285,
      0.2944845846965028,
      0.5353161088162841,
      0.29448458469664734,
      -0.29448458469664746,
      0.5353161088161287
    ],
    [
      -0.048077296815387596,
      0.0480772968153876,
      -2.326162771973801e-13,
      0.381510696603845,
      -0.38151069660384507,
      0.4102841068924291,
      0.3815106965997482,
      -0.3815106965997484,
      -0.41028410688873734
    ],
    [
      -2.384972074542126e-13,
      2.385172344341419e-13,
      0.04945818536396639,
      -0.4016687294007653,
      0.40166872940076515,
      -0.3924685454597065,
      0.4016687294045504,
      -0.40166872940455,
      -0.3924685454637771
    ]
  ],
  "frequency_modes": {
    "frequencies_cm-1": [
      1770.9293080453638,
      3771.813432806396,
      4010.6393588646947
    ],
    "normal_mode_eigenvectors": [
      [
        -9.09848257674073e-15,
        9.145129152103377e-15,
        -0.06745958024992865,
        -0.29448458469650285,
        0.2944845846965028,
        0.5353161088162841,
        0.29448458469664734,
        -0.29448458469664746,
        0.5353161088161287
      ],
      [
        -0.048077296815387596,
        0.0480772968153876,
        -2.326162771973801e-13,
        0.381510696603845,
        -0.38151069660384507,
        0.4102841068924291,
        0.3815106965997482,
        -0.3815106965997484,
        -0.41028410688873734
      ],
      [
        -2.384972074542126e-13,
        2.385172344341419e-13,
        0.04945818536396639,
        -0.4016687294007653,
        0.40166872940076515,
        -0.3924685454597065,
        0.4016687294045504,
        -0.40166872940455,
        -0.3924685454637771
      ]
    ],
    "normal_mode_eigenvectors_units": "Cartesian displacement, mass-unweighted, row-major by vibrational mode"
  },
  "inertia": [
    2.1018147495702832,
    4.092737554906417,
    6.194552304476701
  ],
  "infrared_intensities": [
    3.1559778143395016,
    648.9758757458292,
    7.815318154044196
  ],
  "raman_activities": [
    5698.242287419598,
    185.62561491660838,
    53.806195999337504
  ],
  "vibrational_intensity_metadata": {
    "status": "computed",
    "backend": "native_openqp_finite_difference",
    "property_kernels": "electric_dipole_au,cphf_static_polarizability,vibrational_intensities_native",
    "displacement_bohr": 0.001,
    "ir_units": "km/mol",
    "raman_units": "a.u."
  },
  "infrared_mode_dipole_derivatives": [
    [
      2.7057467377744615e-11,
      -2.817202027216581e-11,
      -0.2732926285673274
    ],
    [
      -2.7711512207428752,
      2.7711512207426936,
      -3.2279109940525075e-12
    ],
    [
      -3.392519598577337e-11,
      3.1336044870045043e-11,
      -0.43006517666947436
    ]
  ],
  "raman_mode_polarizability_derivatives": [
    [
      [
        10.99820071360507,
        -10.945035027416074,
        3.2578535424931943e-09
      ],
      [
        -10.945035027496543,
        10.998200713825984,
        -3.1140174883148575e-09
      ],
      [
        1.631592638773327e-10,
        -1.6424728244146536e-10,
        -1.966305671710522
      ]
    ],
    [
      [
        1.0871086253416706e-09,
        -1.0445426745775421e-09,
        2.1022981467980992
      ],
      [
        -1.3256364894687067e-09,
        1.3135470489089585e-09,
        -2.102298146790376
      ],
      [
        2.220592044121439,
        -2.2205920441209672,
        -2.1668000727004255e-11
      ]
    ],
    [
      [
        0.09243356504020372,
        -1.0067982746244875,
        -2.1873223232660166e-09
      ],
      [
        -1.006798274576461,
        0.09243356508666256,
        2.0855890348059347e-09
      ],
      [
        2.1371793224034263e-11,
        -1.9699797348948778e-11,
        1.617405218962085
      ]
    ]
  ]
}
