{
  "atoms": [
    8,
    1,
    1
  ],
  "coord": [
    -0.0,
    0.0,
    -0.07759509131153179,
    -1.0075912537694984,
    1.0075912537694984,
    -1.1611785434815982,
    1.0075912537694984,
    -1.0075912537694984,
    -1.1611785434815982
  ],
  "mass": [
    15.99491,
    1.007825,
    1.007825
  ],
  "energy": -76.36777084332769,
  "hessian": [
    [
      0.37869656012257,
      -0.3904079192967875,
      2.4751238806938974e-13,
      -0.18935570683213,
      0.19541188946335003,
      -0.21005159102687998,
      -0.18935570683187997,
      0.1954118894630775,
      0.21005159102706247
    ],
    [
      -0.3904079192967875,
      0.378696560122355,
      -1.1749073418846477e-13,
      0.1954118894631725,
      -0.18935570683211,
      0.21005159102689247,
      0.19541188946311,
      -0.18935570683198502,
      -0.21005159102700496
    ],
    [
      2.4751238806938974e-13,
      -1.1749073418846477e-13,
      0.5062637712021749,
      -0.15961511653363497,
      0.15961511653344498,
      -0.25352475780984746,
      0.15961511653353,
      -0.15961511653362503,
      -0.25352475780970996
    ],
    [
      -0.18935570683213,
      0.1954118894631725,
      -0.15961511653363497,
      0.20538843980663998,
      -0.211043774792065,
      0.1852152552247,
      -0.016025261552824993,
      0.015424025594547502,
      -0.025194881957170012
    ],
    [
      0.19541188946335003,
      -0.18935570683211,
      0.15961511653344498,
      -0.211043774792065,
      0.20538843980657498,
      -0.185215255224785,
      0.015424025594595013,
      -0.016025261552767487,
      0.025194881957207503
    ],
    [
      -0.21005159102687998,
      0.21005159102689247,
      -0.25352475780984746,
      0.1852152552247,
      -0.185215255224785,
      0.23757509262864002,
      0.025194881957247506,
      -0.02519488195732002,
      0.01634254587427749
    ],
    [
      -0.18935570683187997,
      0.19541188946311,
      0.15961511653353,
      -0.016025261552824993,
      0.015424025594595013,
      0.025194881957247506,
      0.20538843980662,
      -0.2110437747920375,
      -0.18521525522485752
    ],
    [
      0.1954118894630775,
      -0.18935570683198502,
      -0.15961511653362503,
      0.015424025594547502,
      -0.016025261552767487,
      -0.02519488195732002,
      -0.2110437747920375,
      0.20538843980642002,
      0.18521525522478
    ],
    [
      0.21005159102706247,
      -0.21005159102700496,
      -0.25352475780970996,
      -0.025194881957170012,
      0.025194881957207503,
      0.01634254587427749,
      -0.18521525522485752,
      0.18521525522478,
      0.23757509262862497
    ]
  ],
  "freqs": [
    1724.8639364088165,
    4032.6195927313292,
    4161.132789535798
  ],
  "modes": [
    [
      -1.0516242891173443e-15,
      1.0653159691427952e-15,
      0.06795062490925091,
      0.29045453411247296,
      -0.29045453411247313,
      -0.5392127253576802,
      -0.29045453411245625,
      0.2904545341124564,
      -0.539212725357698
    ],
    [
      3.316317757011362e-15,
      -3.26163716144842e-15,
      0.04878134521961573,
      -0.40459251404022795,
      0.40459251404022806,
      -0.3870975747112548,
      0.40459251404017527,
      -0.40459251404017543,
      -0.38709757471119816
    ],
    [
      0.04807729681538762,
      -0.04807729681538758,
      -1.8356674928066896e-15,
      -0.3815106966017624,
      0.3815106966017628,
      -0.41028410689056855,
      -0.38151069660183107,
      0.38151069660183107,
      0.41028410689059813
    ]
  ],
  "inertia": [
    [
      -1.0516242891173443e-15,
      1.0653159691427952e-15,
      0.06795062490925091,
      0.29045453411247296,
      -0.29045453411247313,
      -0.5392127253576802,
      -0.29045453411245625,
      0.2904545341124564,
      -0.539212725357698
    ],
    [
      3.316317757011362e-15,
      -3.26163716144842e-15,
      0.04878134521961573,
      -0.40459251404022795,
      0.40459251404022806,
      -0.3870975747112548,
      0.40459251404017527,
      -0.40459251404017543,
      -0.38709757471119816
    ],
    [
      0.04807729681538762,
      -0.04807729681538758,
      -1.8356674928066896e-15,
      -0.3815106966017624,
      0.3815106966017628,
      -0.41028410689056855,
      -0.38151069660183107,
      0.38151069660183107,
      0.41028410689059813
    ]
  ]
}