{
  "atoms": [
    8,
    1,
    1
  ],
  "coord": [
    -0.0,
    0.0,
    -0.07759509131153179,
    -1.0075912537694984,
    1.0075912537694984,
    -1.1611785434815982,
    1.0075912537694984,
    -1.0075912537694984,
    -1.1611785434815982
  ],
  "mass": [
    15.99491,
    1.007825,
    1.007825
  ],
  "energy": -76.3609375433584,
  "hessian": [
    [
      0.316876302855525,
      -0.3188480323413875,
      -3.9000044191494803e-13,
      -0.15866102219967,
      0.1593741566950225,
      -0.1710226496482875,
      -0.1586610221999875,
      0.1593741566954825,
      0.1710226496483625
    ],
    [
      -0.3188480323413875,
      0.31687630285494,
      -1.2501734878653977e-14,
      0.1593741566948525,
      -0.158661022199835,
      0.1710226496484325,
      0.1593741566950475,
      -0.15866102219988248,
      -0.1710226496480275
    ],
    [
      -3.9000044191494803e-13,
      -1.2501734878653977e-14,
      0.517588111891,
      -0.1565317741422825,
      0.15653177414197,
      -0.2591988384351025,
      0.15653177414229502,
      -0.15653177414231,
      -0.25919883843549996
    ],
    [
      -0.15866102219967,
      0.1593741566948525,
      -0.1565317741422825,
      0.189675132933885,
      -0.1898186993098625,
      0.16414535670476,
      -0.030791903368607498,
      0.030493978834412502,
      -0.007193650137700002
    ],
    [
      0.1593741566950225,
      -0.158661022199835,
      0.15653177414197,
      -0.1898186993098625,
      0.18967513293389998,
      -0.16414535670468,
      0.030493978834682498,
      -0.03079190336845,
      0.0071936501376225
    ],
    [
      -0.1710226496482875,
      0.1710226496484325,
      -0.2591988384351025,
      0.16414535670476,
      -0.16414535670468,
      0.22184451682511,
      0.007193650137782499,
      -0.0071936501380174996,
      0.0377590895438875
    ],
    [
      -0.1586610221999875,
      0.1593741566950475,
      0.15653177414229502,
      -0.030791903368607498,
      0.030493978834682498,
      0.007193650137782499,
      0.189675132934055,
      -0.18981869931020498,
      -0.164145356704805
    ],
    [
      0.1593741566954825,
      -0.15866102219988248,
      -0.15653177414231,
      0.030493978834412502,
      -0.03079190336845,
      -0.0071936501380174996,
      -0.18981869931020498,
      0.18967513293433,
      0.16414535670485997
    ],
    [
      0.1710226496483625,
      -0.1710226496480275,
      -0.25919883843549996,
      -0.007193650137700002,
      0.0071936501376225,
      0.0377590895438875,
      -0.164145356704805,
      0.16414535670485997,
      0.22184451682515502
    ]
  ],
  "freqs": [
    1770.7994034820904,
    3771.8195596196842,
    4010.365624354979
  ],
  "modes": [
    [
      -3.122581873547531e-14,
      3.123929675333453e-14,
      0.06746093806712503,
      0.29447355702961586,
      -0.294473557029616,
      -0.5353268835852956,
      -0.29447355702912015,
      0.29447355702912037,
      -0.5353268835858284
    ],
    [
      0.0480772968153876,
      -0.04807729681538757,
      2.628402340838435e-13,
      -0.38151069660338394,
      0.38151069660338427,
      -0.41028410689266875,
      -0.38151069660020936,
      0.38151069660020936,
      0.4102841068884977
    ],
    [
      -2.128758046167067e-13,
      2.1293035121669e-13,
      0.04945633328600653,
      -0.401676814134167,
      0.4016768141341671,
      -0.3924538485530805,
      0.40167681413754547,
      -0.4016768141375456,
      -0.39245384855671384
    ]
  ],
  "inertia": [
    [
      -3.122581873547531e-14,
      3.123929675333453e-14,
      0.06746093806712503,
      0.29447355702961586,
      -0.294473557029616,
      -0.5353268835852956,
      -0.29447355702912015,
      0.29447355702912037,
      -0.5353268835858284
    ],
    [
      0.0480772968153876,
      -0.04807729681538757,
      2.628402340838435e-13,
      -0.38151069660338394,
      0.38151069660338427,
      -0.41028410689266875,
      -0.38151069660020936,
      0.38151069660020936,
      0.4102841068884977
    ],
    [
      -2.128758046167067e-13,
      2.1293035121669e-13,
      0.04945633328600653,
      -0.401676814134167,
      0.4016768141341671,
      -0.3924538485530805,
      0.40167681413754547,
      -0.4016768141375456,
      -0.39245384855671384
    ]
  ]
}