{
  "atoms": [
    8,
    1,
    1
  ],
  "coord": [
    0.0,
    0.0,
    -0.07759509131153179,
    -1.0075912537694989,
    1.007591253769498,
    -1.1611785434815987,
    1.007591253769498,
    -1.0075912537694989,
    -1.1611785434815987
  ],
  "mass": [
    15.99491,
    1.007825,
    1.007825
  ],
  "energy": -76.36777084533423,
  "hessian": [
    [
      0.37872807240736006,
      -0.39042037665428286,
      -3.791467140246141e-12,
      -0.18937490103775756,
      0.19542218359739372,
      -0.21004986306068424,
      -0.1893749010239969,
      0.19542218358456429,
      0.21004986306318385
    ],
    [
      -0.39042037665428286,
      0.3787280724112255,
      3.3371916341451424e-12,
      0.19542218359574662,
      -0.18937490103593738,
      0.21004986305814732,
      0.19542218358641952,
      -0.18937490102709564,
      -0.2100498630627437
    ],
    [
      -3.791467140246141e-12,
      3.3371916341451424e-12,
      0.5062965394277379,
      -0.15960500601265254,
      0.15960500601162703,
      -0.2535356764055193,
      0.15960500601267208,
      -0.1596050060120182,
      -0.25353567640468827
    ],
    [
      -0.18937490103775756,
      0.19542218359574662,
      -0.15960500601265254,
      0.20540397413289088,
      -0.2110502129062842,
      0.18521081723139388,
      -0.016018207011937503,
      0.015416034882381349,
      -0.025200791494844228
    ],
    [
      0.19542218359739372,
      -0.18937490103593738,
      0.15960500601162703,
      -0.2110502129062842,
      0.20540397413292605,
      -0.18521081723137056,
      0.015416034882386622,
      -0.016018207011945697,
      0.02520079149483977
    ],
    [
      -0.21004986306068424,
      0.21004986305814732,
      -0.2535356764055193,
      0.18521081723139388,
      -0.18521081723137056,
      0.23758828528255146,
      0.025200791494836155,
      -0.025200791494845165,
      0.016334797542183005
    ],
    [
      -0.1893749010239969,
      0.19542218358641952,
      0.15960500601267208,
      -0.016018207011937503,
      0.015416034882386622,
      0.025200791494836155,
      0.20540397413289396,
      -0.2110502129063067,
      -0.1852108172313942
    ],
    [
      0.19542218358456429,
      -0.18937490102709564,
      -0.1596050060120182,
      0.015416034882381349,
      -0.016018207011945697,
      -0.025200791494845165,
      -0.2110502129063067,
      0.20540397413291667,
      0.18521081723137572
    ],
    [
      0.21004986306318385,
      -0.2100498630627437,
      -0.25353567640468827,
      -0.025200791494844228,
      0.02520079149483977,
      0.016334797542183005,
      -0.1852108172313942,
      0.18521081723137572,
      0.23758828528255632
    ]
  ],
  "hessian_metadata": {
    "max_asymmetry": 7.549516567451064e-15,
    "symmetrized": true,
    "backend": "native_openqp",
    "native_openqp_kernel": true,
    "native_openqp_cphf_solver_exercised": true,
    "native_openqp_final_assembly": true,
    "no_external_hessian_backend": true,
    "no_numerical_fallback": true,
    "shape": [
      9,
      9
    ]
  },
  "freqs": [
    1725.0310380234484,
    4032.5950493331866,
    4161.242973453589
  ],
  "modes": [
    [
      7.247724713693891e-14,
      -7.241075377098277e-14,
      0.06795107517428887,
      0.29045079957694353,
      -0.29045079957694386,
      -0.5392162983738402,
      -0.2904507995780938,
      0.29045079957809344,
      -0.5392162983726034
    ],
    [
      8.70550647527543e-13,
      -8.706048063516105e-13,
      -0.04878071801082036,
      0.40459519500736785,
      -0.4045951950073675,
      0.3870925975757082,
      -0.4045951950211841,
      0.4045951950211844,
      0.3870925975905667
    ],
    [
      -0.04807729681538759,
      0.04807729681538759,
      -7.808497385075495e-13,
      0.3815106966095609,
      -0.38151069660956033,
      0.41028410689678,
      0.38151069659403214,
      -0.38151069659403286,
      -0.4102841068843869
    ]
  ],
  "frequency_modes": {
    "frequencies_cm-1": [
      1725.0310380234484,
      4032.5950493331866,
      4161.242973453589
    ],
    "normal_mode_eigenvectors": [
      [
        7.247724713693891e-14,
        -7.241075377098277e-14,
        0.06795107517428887,
        0.29045079957694353,
        -0.29045079957694386,
        -0.5392162983738402,
        -0.2904507995780938,
        0.29045079957809344,
        -0.5392162983726034
      ],
      [
        8.70550647527543e-13,
        -8.706048063516105e-13,
        -0.04878071801082036,
        0.40459519500736785,
        -0.4045951950073675,
        0.3870925975757082,
        -0.4045951950211841,
        0.4045951950211844,
        0.3870925975905667
      ],
      [
        -0.04807729681538759,
        0.04807729681538759,
        -7.808497385075495e-13,
        0.3815106966095609,
        -0.38151069660956033,
        0.41028410689678,
        0.38151069659403214,
        -0.38151069659403286,
        -0.4102841068843869
      ]
    ],
    "normal_mode_eigenvectors_units": "Cartesian displacement, mass-unweighted, row-major by vibrational mode"
  },
  "inertia": [
    2.101814749570285,
    4.092737554906417,
    6.194552304476702
  ],
  "infrared_intensities": [
    4.090526876180952,
    0.4005310367878527,
    1.8535747941237914
  ],
  "raman_activities": [
    80.32727534025778,
    930.4489331596225,
    459.4283189969278
  ],
  "vibrational_intensity_metadata": {
    "status": "computed",
    "backend": "native_openqp_finite_difference",
    "property_kernels": "electric_dipole_au,cphf_static_polarizability,vibrational_intensities_native",
    "displacement_bohr": 0.001,
    "ir_units": "km/mol",
    "raman_units": "a.u."
  },
  "infrared_mode_dipole_derivatives": [
    [
      -7.296903174007097e-13,
      8.427951551561249e-13,
      -0.3111362207593974
    ],
    [
      -6.176098793836893e-12,
      7.120345534578502e-12,
      0.09735965681798268
    ],
    [
      0.14809861827629628,
      -0.1480986182746601,
      -6.255719382441954e-12
    ]
  ],
  "raman_mode_polarizability_derivatives": [
    [
      [
        -0.4200109654519617,
        0.3513746743269455,
        -9.13085791236228e-10
      ],
      [
        0.35137467432561925,
        -0.42001096545053734,
        1.1078336015095378e-10
      ],
      [
        1.1288013099741371e-13,
        8.648647998231619e-13,
        2.5731968543392023
      ]
    ],
    [
      [
        -3.6955732684903184,
        4.004123963488968,
        6.942596801934541e-10
      ],
      [
        4.004123963489647,
        -3.6955732684698313,
        -1.0870697557778746e-10
      ],
      [
        3.777324064271385e-11,
        -2.953103624761241e-11,
        -3.503790693256348
      ]
    ],
    [
      [
        -1.0946391213036085e-10,
        1.1658608193883698e-10,
        -3.3073810636082475
      ],
      [
        1.1511535685002025e-10,
        -1.1947558575817854e-10,
        3.3073810636120062
      ],
      [
        -3.3084072133452387,
        3.3084072133496525,
        -1.2692747218556738e-10
      ]
    ]
  ]
}
