{
  "atoms": [
    8,
    1,
    1
  ],
  "coord": [
    -0.0,
    0.0,
    -0.07759509131153179,
    -1.0075912537694984,
    1.0075912537694984,
    -1.1611785434815982,
    1.0075912537694984,
    -1.0075912537694984,
    -1.1611785434815982
  ],
  "energy": -76.36777084531525,
  "hessian": [
    [
      -0.07378750854586974,
      -2.659742515170523,
      4.3791636983314675e-12,
      0.036893852172200925,
      1.3298714971405334,
      -1.434999895844487,
      0.03689385217541871,
      1.3298714971373151,
      1.434999895840108
    ],
    [
      -2.659742515170523,
      -0.07378750854587103,
      -4.220179761205145e-12,
      1.329871497140475,
      0.03689385217226046,
      1.4349998958444063,
      1.329871497137373,
      0.0368938521753603,
      -1.4349998958401864
    ],
    [
      4.3791636983314675e-12,
      -4.220179761205145e-12,
      0.34236520400412557,
      -1.4331859001334983,
      1.4331859001334977,
      -0.17118257355462935,
      1.4331859001334877,
      -1.4331859001334877,
      -0.17118257355461902
    ],
    [
      0.036893852172200925,
      1.329871497140475,
      -1.4331859001334983,
      -0.008329229372292177,
      -1.395950966781202,
      1.434092924099619,
      -0.028564720702391338,
      0.06607923008861402,
      -0.0009069631453705465
    ],
    [
      1.3298714971405334,
      0.03689385217226046,
      1.4331859001334977,
      -1.395950966781202,
      -0.008329229372293419,
      -1.4340929240996179,
      0.06607923008861384,
      -0.028564720702391445,
      0.0009069631453701558
    ],
    [
      -1.434999895844487,
      1.4349998958444063,
      -0.17118257355462935,
      1.434092924099619,
      -1.4340929240996179,
      0.1331523257707377,
      0.0009069631453744351,
      -0.000906963145374006,
      0.038030219336452925
    ],
    [
      0.03689385217541871,
      1.329871497137373,
      1.4331859001334877,
      -0.028564720702391338,
      0.06607923008861384,
      0.0009069631453744351,
      -0.008329229372294696,
      -1.3959509667811993,
      -1.4340929240996123
    ],
    [
      1.3298714971373151,
      0.0368938521753603,
      -1.4331859001334877,
      0.06607923008861402,
      -0.028564720702391445,
      -0.000906963145374006,
      -1.3959509667811993,
      -0.008329229372294154,
      1.4340929240996119
    ],
    [
      1.434999895840108,
      -1.4349998958401864,
      -0.17118257355461902,
      -0.0009069631453705465,
      0.0009069631453701558,
      0.038030219336452925,
      -1.4340929240996123,
      1.4340929240996119,
      0.1331523257707276
    ]
  ],
  "freqs": [
    -6075.5164102328945,
    8918.215140744556,
    8990.552380370376
  ],
  "hessian_metadata": {
    "max_asymmetry": 0.0,
    "symmetrized": false,
    "backend": "native_openqp",
    "native_openqp_kernel": true,
    "native_openqp_cphf_solver_exercised": true,
    "native_openqp_final_assembly": true,
    "no_external_hessian_backend": true,
    "no_numerical_fallback": true,
    "shape": [
      9,
      9
    ]
  },
  "vibrational_intensity_metadata": {
    "status": "computed",
    "backend": "native_openqp_finite_difference",
    "property_kernels": "electric_dipole_au,cphf_static_polarizability,vibrational_intensities_native",
    "displacement_bohr": 0.001,
    "ir_units": "km/mol",
    "raman_units": "a.u."
  }
}
