{
  "atoms": [
    8,
    1,
    1
  ],
  "coord": [
    0.0,
    0.0,
    -0.07759509131153179,
    -1.0075912537694989,
    1.007591253769498,
    -1.1611785434815987,
    1.007591253769498,
    -1.0075912537694989,
    -1.1611785434815987
  ],
  "energy": -76.36777084533423,
  "td_energies": [
    0
  ],
  "nac": [],
  "soc": [],
  "hess": []
}
