{
  "atoms": [
    8,
    1,
    1
  ],
  "coord": [
    -0.0,
    0.0,
    -0.07759509131153179,
    -1.0075912537694984,
    1.0075912537694984,
    -1.1611785434815982,
    1.0075912537694984,
    -1.0075912537694984,
    -1.1611785434815982
  ],
  "mass": [
    15.99491,
    1.007825,
    1.007825
  ],
  "energy": -76.36778169964677,
  "hessian": [
    [
      0.37810195672634495,
      -0.3907218855542575,
      1.5999949645069564e-13,
      -0.189224383515365,
      0.195495019273135,
      -0.210254910431285,
      -0.18922438351538498,
      0.195495019273355,
      0.2102549104312725
    ],
    [
      -0.3907218855542575,
      0.378101956726365,
      -1.2497270611469874e-13,
      0.19549501927324248,
      -0.1892243835154825,
      0.2102549104313525,
      0.19549501927314497,
      -0.189224383515395,
      -0.21025491043127997
    ],
    [
      1.5999949645069564e-13,
      -1.2497270611469874e-13,
      0.507082852291705,
      -0.1598936516048125,
      0.15989365160453,
      -0.2537363538049575,
      0.15989365160434996,
      -0.1598936516046475,
      -0.2537363538050525
    ],
    [
      -0.189224383515365,
      0.19549501927324248,
      -0.1598936516048125,
      0.20542294610781497,
      -0.21105467655467247,
      0.18520584058188,
      -0.0160251855073575,
      0.0154256129409075,
      -0.025196969724549996
    ],
    [
      0.195495019273135,
      -0.1892243835154825,
      0.15989365160453,
      -0.21105467655467247,
      0.20542294610798997,
      -0.18520584058182504,
      0.015425612940890001,
      -0.016025185507450006,
      0.025196969724612488
    ],
    [
      -0.210254910431285,
      0.2102549104313525,
      -0.2537363538049575,
      0.18520584058188,
      -0.18520584058182504,
      0.237577170942215,
      0.02519696972474001,
      -0.025196969724622483,
      0.016354115207872492
    ],
    [
      -0.18922438351538498,
      0.19549501927314497,
      0.15989365160434996,
      -0.0160251855073575,
      0.015425612940890001,
      0.02519696972474001,
      0.20542294610793999,
      -0.21105467655455748,
      -0.18520584058168252
    ],
    [
      0.195495019273355,
      -0.189224383515395,
      -0.1598936516046475,
      0.0154256129409075,
      -0.016025185507450006,
      -0.025196969724622483,
      -0.21105467655455748,
      0.20542294610786,
      0.18520584058175749
    ],
    [
      0.2102549104312725,
      -0.21025491043127997,
      -0.2537363538050525,
      -0.025196969724549996,
      0.025196969724612488,
      0.016354115207872492,
      -0.18520584058168252,
      0.18520584058175749,
      0.23757717094216005
    ]
  ],
  "hessian_metadata": {},
  "freqs": [
    1725.0860220332033,
    4032.8892640518875,
    4161.249957758947
  ],
  "modes": [
    [
      7.484515912997685e-15,
      -7.434390561515676e-15,
      -0.06794882057193043,
      -0.2904694987034329,
      0.29046949870343286,
      0.5391984072899796,
      0.2904694987033143,
      -0.2904694987033144,
      0.5391984072901072
    ],
    [
      -1.5730408863042648e-13,
      1.5732480663402878e-13,
      0.04878385849721844,
      -0.40458177062969697,
      0.4045817706296968,
      -0.38711751847445663,
      0.40458177063219347,
      -0.4045817706321931,
      -0.3871175184771415
    ],
    [
      -0.04807729681538761,
      0.04807729681538761,
      -1.7017014076906988e-13,
      0.3815106966030754,
      -0.38151069660307546,
      0.4102841068919337,
      0.38151069660051795,
      -0.3815106966005182,
      -0.41028410688923306
    ]
  ],
  "frequency_modes": {
    "frequencies_cm-1": [
      1725.0860220332033,
      4032.8892640518875,
      4161.249957758947
    ],
    "normal_mode_eigenvectors": [
      [
        7.484515912997685e-15,
        -7.434390561515676e-15,
        -0.06794882057193043,
        -0.2904694987034329,
        0.29046949870343286,
        0.5391984072899796,
        0.2904694987033143,
        -0.2904694987033144,
        0.5391984072901072
      ],
      [
        -1.5730408863042648e-13,
        1.5732480663402878e-13,
        0.04878385849721844,
        -0.40458177062969697,
        0.4045817706296968,
        -0.38711751847445663,
        0.40458177063219347,
        -0.4045817706321931,
        -0.3871175184771415
      ],
      [
        -0.04807729681538761,
        0.04807729681538761,
        -1.7017014076906988e-13,
        0.3815106966030754,
        -0.38151069660307546,
        0.4102841068919337,
        0.38151069660051795,
        -0.3815106966005182,
        -0.41028410688923306
      ]
    ],
    "normal_mode_eigenvectors_units": "Cartesian displacement, mass-unweighted, row-major by vibrational mode"
  },
  "inertia": [
    2.1018147495702832,
    4.092737554906417,
    6.194552304476701
  ],
  "infrared_intensities": [
    4.095223649438645,
    0.40009610482358393,
    1.855497948432938
  ],
  "raman_activities": [
    80.29927632508887,
    930.357373176211,
    459.43854335536616
  ],
  "vibrational_intensity_metadata": {
    "status": "computed",
    "backend": "native_openqp_finite_difference",
    "property_kernels": "electric_dipole_au,cphf_static_polarizability,vibrational_intensities_native",
    "displacement_bohr": 0.001,
    "ir_units": "km/mol",
    "raman_units": "a.u."
  },
  "infrared_mode_dipole_derivatives": [
    [
      -5.202074881971441e-12,
      4.608022297070136e-12,
      0.3113147939709604
    ],
    [
      5.309280792786808e-12,
      -3.221350269866363e-12,
      -0.0973067816041121
    ],
    [
      0.14817542733019223,
      -0.14817542733109493,
      -1.3968839973621527e-11
    ]
  ],
  "raman_mode_polarizability_derivatives": [
    [
      [
        0.42015999678184446,
        -0.3516578816239718,
        3.5193732372817976e-09
      ],
      [
        -0.3516578816248096,
        0.4201599968064431,
        -4.325194868926019e-09
      ],
      [
        -4.143607679196748e-11,
        3.9090619630144374e-11,
        -2.5726353054283932
      ]
    ],
    [
      [
        3.695204786890174,
        -4.003885391398557,
        -2.5120898694552807e-09
      ],
      [
        -4.0038853913987715,
        3.69520478691281,
        3.0923583693720502e-09
      ],
      [
        4.5417003491365904e-11,
        -4.1052716781564413e-11,
        3.5040714767464647
      ]
    ],
    [
      [
        -3.590394648256279e-11,
        5.216160836596373e-12,
        -3.3074178655021713
      ],
      [
        6.2518878962691815e-12,
        -4.3281933592709265e-11,
        3.3074178654990236
      ],
      [
        -3.3084440383746534,
        3.3084440383724982,
        -3.540723270134549e-11
      ]
    ]
  ]
}
