{
  "atoms": [
    8,
    1,
    1
  ],
  "coord": [
    0.0,
    0.0,
    -0.07759509131153179,
    -1.007591253013608,
    1.007591253013608,
    -1.1611785434815982,
    1.007591253013608,
    -1.007591253013608,
    -1.1611785434815982
  ],
  "energy": -76.3709412535529,
  "td_energies": [
    0.2981906656551601,
    0.3745681911177715,
    0.3879378491034441
  ],
  "grad": [
    1.6232864661833157e-14,
    -1.5355338528477702e-14,
    -0.018879612949477043,
    0.08249172941721772,
    -0.08249172941721983,
    0.00945106249993044,
    -0.08249172941724203,
    0.08249172941724248,
    0.009451062499943763
  ],
  "nac": [],
  "soc": [],
  "hess": []
}