system,func,method,noise,seed,iters,conv,E
t0_benzene,b3lyp5,diis,0e+00,1,11,True,-231.93883363
t0_benzene,b3lyp5,diis,1e-07,1,100,False,-231.93883363
t0_benzene,b3lyp5,diis,1e-07,10,-1,TIMEOUT,nan
t0_benzene,b3lyp5,diis,1e-07,11,-1,TIMEOUT,nan
t0_benzene,b3lyp5,diis,1e-07,12,-1,TIMEOUT,nan
t0_benzene,b3lyp5,diis,1e-07,13,-1,TIMEOUT,nan
t0_benzene,b3lyp5,diis,1e-07,14,-1,TIMEOUT,nan
t0_benzene,b3lyp5,diis,1e-07,15,100,False,-231.93883363
t0_benzene,b3lyp5,diis,1e-07,16,100,False,-231.93883363
t0_benzene,b3lyp5,diis,1e-07,17,100,False,-231.93883363
t0_benzene,b3lyp5,diis,1e-07,18,100,False,-231.93883363
t0_benzene,b3lyp5,diis,1e-07,19,100,False,-231.93883363
t0_benzene,b3lyp5,diis,1e-07,2,100,False,-231.93883363
t0_benzene,b3lyp5,diis,1e-07,20,100,False,-231.93883363
t0_benzene,b3lyp5,diis,1e-07,21,100,False,-231.93883363
t0_benzene,b3lyp5,diis,1e-07,22,100,False,-231.93883363
t0_benzene,b3lyp5,diis,1e-07,23,100,False,-231.93883363
t0_benzene,b3lyp5,diis,1e-07,24,100,False,-231.93883363
t0_benzene,b3lyp5,diis,1e-07,25,100,False,-231.93883363
t0_benzene,b3lyp5,diis,1e-07,26,100,False,-231.93883363
t0_benzene,b3lyp5,diis,1e-07,27,100,False,-231.93883363
t0_benzene,b3lyp5,diis,1e-07,28,100,False,-231.93883363
t0_benzene,b3lyp5,diis,1e-07,29,100,False,-231.93883363
t0_benzene,b3lyp5,diis,1e-07,3,100,False,-231.93883363
t0_benzene,b3lyp5,diis,1e-07,30,-1,TIMEOUT,nan
t0_benzene,b3lyp5,diis,1e-07,4,100,False,-231.93883363
t0_benzene,b3lyp5,diis,1e-07,5,100,False,-231.93883363
t0_benzene,b3lyp5,diis,1e-07,6,100,False,-231.93883363
t0_benzene,b3lyp5,diis,1e-07,7,100,False,-231.93883363
t0_benzene,b3lyp5,diis,1e-07,8,100,False,-231.93883363
t0_benzene,b3lyp5,diis,1e-07,9,100,False,-231.93883363
t0_benzene,b3lyp5,diis,1e-08,1,12,True,-231.93883363
t0_benzene,b3lyp5,diis,1e-08,10,12,True,-231.93883363
t0_benzene,b3lyp5,diis,1e-08,11,12,True,-231.93883363
t0_benzene,b3lyp5,diis,1e-08,12,12,True,-231.93883363
t0_benzene,b3lyp5,diis,1e-08,13,12,True,-231.93883363
t0_benzene,b3lyp5,diis,1e-08,14,12,True,-231.93883363
t0_benzene,b3lyp5,diis,1e-08,15,12,True,-231.93883363
t0_benzene,b3lyp5,diis,1e-08,16,12,True,-231.93883363
t0_benzene,b3lyp5,diis,1e-08,17,12,True,-231.93883363
t0_benzene,b3lyp5,diis,1e-08,18,12,True,-231.93883363
t0_benzene,b3lyp5,diis,1e-08,19,12,True,-231.93883363
t0_benzene,b3lyp5,diis,1e-08,2,12,True,-231.93883363
t0_benzene,b3lyp5,diis,1e-08,20,12,True,-231.93883363
t0_benzene,b3lyp5,diis,1e-08,21,12,True,-231.93883363
t0_benzene,b3lyp5,diis,1e-08,22,12,True,-231.93883363
t0_benzene,b3lyp5,diis,1e-08,23,12,True,-231.93883363
t0_benzene,b3lyp5,diis,1e-08,24,12,True,-231.93883363
t0_benzene,b3lyp5,diis,1e-08,25,12,True,-231.93883363
t0_benzene,b3lyp5,diis,1e-08,26,12,True,-231.93883363
t0_benzene,b3lyp5,diis,1e-08,27,12,True,-231.93883363
t0_benzene,b3lyp5,diis,1e-08,28,12,True,-231.93883363
t0_benzene,b3lyp5,diis,1e-08,29,12,True,-231.93883363
t0_benzene,b3lyp5,diis,1e-08,3,12,True,-231.93883363
t0_benzene,b3lyp5,diis,1e-08,30,12,True,-231.93883363
t0_benzene,b3lyp5,diis,1e-08,4,12,True,-231.93883363
t0_benzene,b3lyp5,diis,1e-08,5,12,True,-231.93883363
t0_benzene,b3lyp5,diis,1e-08,6,12,True,-231.93883363
t0_benzene,b3lyp5,diis,1e-08,7,12,True,-231.93883363
t0_benzene,b3lyp5,diis,1e-08,8,12,True,-231.93883363
t0_benzene,b3lyp5,diis,1e-08,9,12,True,-231.93883363
t0_benzene,b3lyp5,diis,1e-09,1,11,True,-231.93883363
t0_benzene,b3lyp5,diis,1e-09,10,12,True,-231.93883363
t0_benzene,b3lyp5,diis,1e-09,11,11,True,-231.93883363
t0_benzene,b3lyp5,diis,1e-09,12,12,True,-231.93883363
t0_benzene,b3lyp5,diis,1e-09,13,12,True,-231.93883363
t0_benzene,b3lyp5,diis,1e-09,14,11,True,-231.93883363
t0_benzene,b3lyp5,diis,1e-09,15,11,True,-231.93883363
t0_benzene,b3lyp5,diis,1e-09,16,11,True,-231.93883363
t0_benzene,b3lyp5,diis,1e-09,17,11,True,-231.93883363
t0_benzene,b3lyp5,diis,1e-09,18,12,True,-231.93883363
t0_benzene,b3lyp5,diis,1e-09,19,12,True,-231.93883363
t0_benzene,b3lyp5,diis,1e-09,2,12,True,-231.93883363
t0_benzene,b3lyp5,diis,1e-09,20,11,True,-231.93883363
t0_benzene,b3lyp5,diis,1e-09,21,12,True,-231.93883363
t0_benzene,b3lyp5,diis,1e-09,22,11,True,-231.93883363
t0_benzene,b3lyp5,diis,1e-09,23,12,True,-231.93883363
t0_benzene,b3lyp5,diis,1e-09,24,11,True,-231.93883363
t0_benzene,b3lyp5,diis,1e-09,25,11,True,-231.93883363
t0_benzene,b3lyp5,diis,1e-09,26,12,True,-231.93883363
t0_benzene,b3lyp5,diis,1e-09,27,12,True,-231.93883363
t0_benzene,b3lyp5,diis,1e-09,28,12,True,-231.93883363
t0_benzene,b3lyp5,diis,1e-09,29,11,True,-231.93883363
t0_benzene,b3lyp5,diis,1e-09,3,12,True,-231.93883363
t0_benzene,b3lyp5,diis,1e-09,30,11,True,-231.93883363
t0_benzene,b3lyp5,diis,1e-09,4,12,True,-231.93883363
t0_benzene,b3lyp5,diis,1e-09,5,12,True,-231.93883363
t0_benzene,b3lyp5,diis,1e-09,6,12,True,-231.93883363
t0_benzene,b3lyp5,diis,1e-09,7,12,True,-231.93883363
t0_benzene,b3lyp5,diis,1e-09,8,12,True,-231.93883363
t0_benzene,b3lyp5,diis,1e-09,9,11,True,-231.93883363
t0_benzene,b3lyp5,diis,3e-08,1,100,False,-231.93883363
t0_benzene,b3lyp5,diis,3e-08,10,100,False,-231.93883363
t0_benzene,b3lyp5,diis,3e-08,11,100,False,-231.93883363
t0_benzene,b3lyp5,diis,3e-08,12,100,False,-231.93883363
t0_benzene,b3lyp5,diis,3e-08,13,100,False,-231.93883363
t0_benzene,b3lyp5,diis,3e-08,14,100,False,-231.93883363
t0_benzene,b3lyp5,diis,3e-08,15,100,False,-231.93883363
t0_benzene,b3lyp5,diis,3e-08,16,100,False,-231.93883363
t0_benzene,b3lyp5,diis,3e-08,17,100,False,-231.93883363
t0_benzene,b3lyp5,diis,3e-08,18,100,False,-231.93883363
t0_benzene,b3lyp5,diis,3e-08,19,100,False,-231.93883363
t0_benzene,b3lyp5,diis,3e-08,2,100,False,-231.93883363
t0_benzene,b3lyp5,diis,3e-08,20,100,False,-231.93883363
t0_benzene,b3lyp5,diis,3e-08,21,100,False,-231.93883363
t0_benzene,b3lyp5,diis,3e-08,22,100,False,-231.93883363
t0_benzene,b3lyp5,diis,3e-08,23,100,False,-231.93883363
t0_benzene,b3lyp5,diis,3e-08,24,100,False,-231.93883363
t0_benzene,b3lyp5,diis,3e-08,25,100,False,-231.93883363
t0_benzene,b3lyp5,diis,3e-08,26,100,False,-231.93883363
t0_benzene,b3lyp5,diis,3e-08,27,100,False,-231.93883363
t0_benzene,b3lyp5,diis,3e-08,28,100,False,-231.93883363
t0_benzene,b3lyp5,diis,3e-08,29,100,False,-231.93883363
t0_benzene,b3lyp5,diis,3e-08,3,100,False,-231.93883363
t0_benzene,b3lyp5,diis,3e-08,30,100,False,-231.93883363
t0_benzene,b3lyp5,diis,3e-08,4,100,False,-231.93883363
t0_benzene,b3lyp5,diis,3e-08,5,100,False,-231.93883363
t0_benzene,b3lyp5,diis,3e-08,6,100,False,-231.93883363
t0_benzene,b3lyp5,diis,3e-08,7,100,False,-231.93883363
t0_benzene,b3lyp5,diis,3e-08,8,100,False,-231.93883363
t0_benzene,b3lyp5,diis,3e-08,9,100,False,-231.93883363
t0_benzene,b3lyp5,ensemble,0e+00,1,39,True,-231.93883363
t0_benzene,b3lyp5,ensemble,1e-07,1,100,False,-231.93883363
t0_benzene,b3lyp5,ensemble,1e-07,10,100,False,-231.93883363
t0_benzene,b3lyp5,ensemble,1e-07,11,100,False,-231.93883363
t0_benzene,b3lyp5,ensemble,1e-07,12,100,False,-231.93883363
t0_benzene,b3lyp5,ensemble,1e-07,13,100,False,-231.93883363
t0_benzene,b3lyp5,ensemble,1e-07,14,100,False,-231.93883363
t0_benzene,b3lyp5,ensemble,1e-07,15,100,False,-231.93883363
t0_benzene,b3lyp5,ensemble,1e-07,16,100,False,-231.93883363
t0_benzene,b3lyp5,ensemble,1e-07,17,100,False,-231.93883363
t0_benzene,b3lyp5,ensemble,1e-07,18,100,False,-231.93883363
t0_benzene,b3lyp5,ensemble,1e-07,19,100,False,-231.93883363
t0_benzene,b3lyp5,ensemble,1e-07,2,100,False,-231.93883363
t0_benzene,b3lyp5,ensemble,1e-07,20,100,False,-231.93883363
t0_benzene,b3lyp5,ensemble,1e-07,21,100,False,-231.93883363
t0_benzene,b3lyp5,ensemble,1e-07,22,100,False,-231.93883363
t0_benzene,b3lyp5,ensemble,1e-07,23,100,False,-231.93883363
t0_benzene,b3lyp5,ensemble,1e-07,24,100,False,-231.93883363
t0_benzene,b3lyp5,ensemble,1e-07,25,100,False,-231.93883363
t0_benzene,b3lyp5,ensemble,1e-07,26,100,False,-231.93883363
t0_benzene,b3lyp5,ensemble,1e-07,27,100,False,-231.93883363
t0_benzene,b3lyp5,ensemble,1e-07,28,100,False,-231.93883363
t0_benzene,b3lyp5,ensemble,1e-07,29,100,False,-231.93883363
t0_benzene,b3lyp5,ensemble,1e-07,3,100,False,-231.93883363
t0_benzene,b3lyp5,ensemble,1e-07,30,100,False,-231.93883363
t0_benzene,b3lyp5,ensemble,1e-07,4,100,False,-231.93883363
t0_benzene,b3lyp5,ensemble,1e-07,5,100,False,-231.93883363
t0_benzene,b3lyp5,ensemble,1e-07,6,100,False,-231.93883363
t0_benzene,b3lyp5,ensemble,1e-07,7,100,False,-231.93883363
t0_benzene,b3lyp5,ensemble,1e-07,8,100,False,-231.93883363
t0_benzene,b3lyp5,ensemble,1e-07,9,100,False,-231.93883363
t0_benzene,b3lyp5,ensemble,1e-08,1,35,True,-231.93883363
t0_benzene,b3lyp5,ensemble,1e-08,10,32,True,-231.93883363
t0_benzene,b3lyp5,ensemble,1e-08,11,30,True,-231.93883363
t0_benzene,b3lyp5,ensemble,1e-08,12,35,True,-231.93883363
t0_benzene,b3lyp5,ensemble,1e-08,13,33,True,-231.93883363
t0_benzene,b3lyp5,ensemble,1e-08,14,36,True,-231.93883363
t0_benzene,b3lyp5,ensemble,1e-08,15,29,True,-231.93883363
t0_benzene,b3lyp5,ensemble,1e-08,16,29,True,-231.93883363
t0_benzene,b3lyp5,ensemble,1e-08,17,34,True,-231.93883363
t0_benzene,b3lyp5,ensemble,1e-08,18,35,True,-231.93883363
t0_benzene,b3lyp5,ensemble,1e-08,19,58,True,-231.93883363
t0_benzene,b3lyp5,ensemble,1e-08,2,63,True,-231.93883363
t0_benzene,b3lyp5,ensemble,1e-08,20,34,True,-231.93883363
t0_benzene,b3lyp5,ensemble,1e-08,21,26,True,-231.93883363
t0_benzene,b3lyp5,ensemble,1e-08,22,27,True,-231.93883363
t0_benzene,b3lyp5,ensemble,1e-08,23,29,True,-231.93883363
t0_benzene,b3lyp5,ensemble,1e-08,24,54,True,-231.93883363
t0_benzene,b3lyp5,ensemble,1e-08,25,36,True,-231.93883363
t0_benzene,b3lyp5,ensemble,1e-08,26,28,True,-231.93883363
t0_benzene,b3lyp5,ensemble,1e-08,27,51,True,-231.93883363
t0_benzene,b3lyp5,ensemble,1e-08,28,28,True,-231.93883363
t0_benzene,b3lyp5,ensemble,1e-08,29,36,True,-231.93883363
t0_benzene,b3lyp5,ensemble,1e-08,3,39,True,-231.93883363
t0_benzene,b3lyp5,ensemble,1e-08,30,35,True,-231.93883363
t0_benzene,b3lyp5,ensemble,1e-08,4,24,True,-231.93883363
t0_benzene,b3lyp5,ensemble,1e-08,5,36,True,-231.93883363
t0_benzene,b3lyp5,ensemble,1e-08,6,26,True,-231.93883363
t0_benzene,b3lyp5,ensemble,1e-08,7,44,True,-231.93883363
t0_benzene,b3lyp5,ensemble,1e-08,8,27,True,-231.93883363
t0_benzene,b3lyp5,ensemble,1e-08,9,39,True,-231.93883363
t0_benzene,b3lyp5,ensemble,1e-09,1,27,True,-231.93883363
t0_benzene,b3lyp5,ensemble,1e-09,10,37,True,-231.93883363
t0_benzene,b3lyp5,ensemble,1e-09,11,57,True,-231.93883363
t0_benzene,b3lyp5,ensemble,1e-09,12,32,True,-231.93883363
t0_benzene,b3lyp5,ensemble,1e-09,13,29,True,-231.93883363
t0_benzene,b3lyp5,ensemble,1e-09,14,35,True,-231.93883363
t0_benzene,b3lyp5,ensemble,1e-09,15,26,True,-231.93883363
t0_benzene,b3lyp5,ensemble,1e-09,16,29,True,-231.93883363
t0_benzene,b3lyp5,ensemble,1e-09,17,24,True,-231.93883363
t0_benzene,b3lyp5,ensemble,1e-09,18,27,True,-231.93883363
t0_benzene,b3lyp5,ensemble,1e-09,19,34,True,-231.93883363
t0_benzene,b3lyp5,ensemble,1e-09,2,26,True,-231.93883363
t0_benzene,b3lyp5,ensemble,1e-09,20,32,True,-231.93883363
t0_benzene,b3lyp5,ensemble,1e-09,21,33,True,-231.93883363
t0_benzene,b3lyp5,ensemble,1e-09,22,33,True,-231.93883363
t0_benzene,b3lyp5,ensemble,1e-09,23,26,True,-231.93883363
t0_benzene,b3lyp5,ensemble,1e-09,24,32,True,-231.93883363
t0_benzene,b3lyp5,ensemble,1e-09,25,34,True,-231.93883363
t0_benzene,b3lyp5,ensemble,1e-09,26,37,True,-231.93883363
t0_benzene,b3lyp5,ensemble,1e-09,27,49,True,-231.93883363
t0_benzene,b3lyp5,ensemble,1e-09,28,36,True,-231.93883363
t0_benzene,b3lyp5,ensemble,1e-09,29,32,True,-231.93883363
t0_benzene,b3lyp5,ensemble,1e-09,3,36,True,-231.93883363
t0_benzene,b3lyp5,ensemble,1e-09,30,29,True,-231.93883363
t0_benzene,b3lyp5,ensemble,1e-09,4,49,True,-231.93883363
t0_benzene,b3lyp5,ensemble,1e-09,5,29,True,-231.93883363
t0_benzene,b3lyp5,ensemble,1e-09,6,31,True,-231.93883363
t0_benzene,b3lyp5,ensemble,1e-09,7,28,True,-231.93883363
t0_benzene,b3lyp5,ensemble,1e-09,8,29,True,-231.93883363
t0_benzene,b3lyp5,ensemble,1e-09,9,82,True,-231.93883363
t0_benzene,b3lyp5,ensemble,3e-08,1,100,False,-231.93883363
t0_benzene,b3lyp5,ensemble,3e-08,10,100,False,-231.93883363
t0_benzene,b3lyp5,ensemble,3e-08,11,100,False,-231.93883363
t0_benzene,b3lyp5,ensemble,3e-08,12,100,False,-231.93883363
t0_benzene,b3lyp5,ensemble,3e-08,13,100,False,-231.93883363
t0_benzene,b3lyp5,ensemble,3e-08,14,100,False,-231.93883363
t0_benzene,b3lyp5,ensemble,3e-08,15,100,False,-231.93883363
t0_benzene,b3lyp5,ensemble,3e-08,16,100,False,-231.93883363
t0_benzene,b3lyp5,ensemble,3e-08,17,100,False,-231.93883363
t0_benzene,b3lyp5,ensemble,3e-08,18,100,False,-231.93883363
t0_benzene,b3lyp5,ensemble,3e-08,19,100,False,-231.93883363
t0_benzene,b3lyp5,ensemble,3e-08,2,100,False,-231.93883363
t0_benzene,b3lyp5,ensemble,3e-08,20,100,False,-231.93883363
t0_benzene,b3lyp5,ensemble,3e-08,21,100,False,-231.93883363
t0_benzene,b3lyp5,ensemble,3e-08,22,100,False,-231.93883363
t0_benzene,b3lyp5,ensemble,3e-08,23,100,False,-231.93883363
t0_benzene,b3lyp5,ensemble,3e-08,24,100,False,-231.93883363
t0_benzene,b3lyp5,ensemble,3e-08,25,100,False,-231.93883363
t0_benzene,b3lyp5,ensemble,3e-08,26,100,False,-231.93883363
t0_benzene,b3lyp5,ensemble,3e-08,27,100,False,-231.93883363
t0_benzene,b3lyp5,ensemble,3e-08,28,100,False,-231.93883363
t0_benzene,b3lyp5,ensemble,3e-08,29,100,False,-231.93883363
t0_benzene,b3lyp5,ensemble,3e-08,3,100,False,-231.93883363
t0_benzene,b3lyp5,ensemble,3e-08,30,100,False,-231.93883363
t0_benzene,b3lyp5,ensemble,3e-08,4,100,False,-231.93883363
t0_benzene,b3lyp5,ensemble,3e-08,5,100,False,-231.93883363
t0_benzene,b3lyp5,ensemble,3e-08,6,100,False,-231.93883363
t0_benzene,b3lyp5,ensemble,3e-08,7,100,False,-231.93883363
t0_benzene,b3lyp5,ensemble,3e-08,8,100,False,-231.93883363
t0_benzene,b3lyp5,ensemble,3e-08,9,100,False,-231.93883363
t0_benzene,b3lyp5,histqn,0e+00,1,30,True,-231.93883363
t0_benzene,b3lyp5,histqn,1e-07,1,100,False,-231.93883363
t0_benzene,b3lyp5,histqn,1e-07,10,100,False,-231.93883363
t0_benzene,b3lyp5,histqn,1e-07,11,100,False,-231.93883363
t0_benzene,b3lyp5,histqn,1e-07,12,100,False,-231.93883363
t0_benzene,b3lyp5,histqn,1e-07,13,100,False,-231.93883363
t0_benzene,b3lyp5,histqn,1e-07,14,100,False,-231.93883363
t0_benzene,b3lyp5,histqn,1e-07,15,100,False,-231.93883363
t0_benzene,b3lyp5,histqn,1e-07,16,100,False,-231.93883363
t0_benzene,b3lyp5,histqn,1e-07,17,100,False,-231.93883363
t0_benzene,b3lyp5,histqn,1e-07,18,100,False,-231.93883363
t0_benzene,b3lyp5,histqn,1e-07,19,100,False,-231.93883363
t0_benzene,b3lyp5,histqn,1e-07,2,100,False,-231.93883363
t0_benzene,b3lyp5,histqn,1e-07,20,100,False,-231.93883363
t0_benzene,b3lyp5,histqn,1e-07,21,100,False,-231.93883363
t0_benzene,b3lyp5,histqn,1e-07,22,100,False,-231.93883363
t0_benzene,b3lyp5,histqn,1e-07,23,100,False,-231.93883363
t0_benzene,b3lyp5,histqn,1e-07,24,100,False,-231.93883363
t0_benzene,b3lyp5,histqn,1e-07,25,100,False,-231.93883363
t0_benzene,b3lyp5,histqn,1e-07,26,-1,TIMEOUT,nan
t0_benzene,b3lyp5,histqn,1e-07,27,-1,TIMEOUT,nan
t0_benzene,b3lyp5,histqn,1e-07,28,-1,TIMEOUT,nan
t0_benzene,b3lyp5,histqn,1e-07,29,-1,TIMEOUT,nan
t0_benzene,b3lyp5,histqn,1e-07,3,100,False,-231.93883363
t0_benzene,b3lyp5,histqn,1e-07,30,-1,TIMEOUT,nan
t0_benzene,b3lyp5,histqn,1e-07,4,100,False,-231.93740487
t0_benzene,b3lyp5,histqn,1e-07,5,100,False,-231.93883363
t0_benzene,b3lyp5,histqn,1e-07,6,100,False,-231.93820464
t0_benzene,b3lyp5,histqn,1e-07,7,100,False,-231.93883363
t0_benzene,b3lyp5,histqn,1e-07,8,100,False,-231.93883363
t0_benzene,b3lyp5,histqn,1e-07,9,100,False,-231.93883363
t0_benzene,b3lyp5,histqn,1e-08,1,31,True,-231.93883363
t0_benzene,b3lyp5,histqn,1e-08,10,32,True,-231.93883363
t0_benzene,b3lyp5,histqn,1e-08,11,33,True,-231.93883363
t0_benzene,b3lyp5,histqn,1e-08,12,32,True,-231.93883363
t0_benzene,b3lyp5,histqn,1e-08,13,34,True,-231.93883363
t0_benzene,b3lyp5,histqn,1e-08,14,32,True,-231.93883363
t0_benzene,b3lyp5,histqn,1e-08,15,32,True,-231.93883363
t0_benzene,b3lyp5,histqn,1e-08,16,30,True,-231.93883363
t0_benzene,b3lyp5,histqn,1e-08,17,30,True,-231.93883363
t0_benzene,b3lyp5,histqn,1e-08,18,33,True,-231.93883363
t0_benzene,b3lyp5,histqn,1e-08,19,36,True,-231.93883363
t0_benzene,b3lyp5,histqn,1e-08,2,34,True,-231.93883363
t0_benzene,b3lyp5,histqn,1e-08,20,32,True,-231.93883363
t0_benzene,b3lyp5,histqn,1e-08,21,35,True,-231.93883363
t0_benzene,b3lyp5,histqn,1e-08,22,33,True,-231.93883363
t0_benzene,b3lyp5,histqn,1e-08,23,33,True,-231.93883363
t0_benzene,b3lyp5,histqn,1e-08,24,32,True,-231.93883363
t0_benzene,b3lyp5,histqn,1e-08,25,34,True,-231.93883363
t0_benzene,b3lyp5,histqn,1e-08,26,35,True,-231.93883363
t0_benzene,b3lyp5,histqn,1e-08,27,34,True,-231.93883363
t0_benzene,b3lyp5,histqn,1e-08,28,33,True,-231.93883363
t0_benzene,b3lyp5,histqn,1e-08,29,30,True,-231.93883363
t0_benzene,b3lyp5,histqn,1e-08,3,33,True,-231.93883363
t0_benzene,b3lyp5,histqn,1e-08,30,31,True,-231.93883363
t0_benzene,b3lyp5,histqn,1e-08,4,32,True,-231.93883363
t0_benzene,b3lyp5,histqn,1e-08,5,37,True,-231.93883363
t0_benzene,b3lyp5,histqn,1e-08,6,33,True,-231.93883363
t0_benzene,b3lyp5,histqn,1e-08,7,32,True,-231.93883363
t0_benzene,b3lyp5,histqn,1e-08,8,31,True,-231.93883363
t0_benzene,b3lyp5,histqn,1e-08,9,30,True,-231.93883363
t0_benzene,b3lyp5,histqn,1e-09,1,30,True,-231.93883363
t0_benzene,b3lyp5,histqn,1e-09,10,30,True,-231.93883363
t0_benzene,b3lyp5,histqn,1e-09,11,30,True,-231.93883363
t0_benzene,b3lyp5,histqn,1e-09,12,30,True,-231.93883363
t0_benzene,b3lyp5,histqn,1e-09,13,30,True,-231.93883363
t0_benzene,b3lyp5,histqn,1e-09,14,30,True,-231.93883363
t0_benzene,b3lyp5,histqn,1e-09,15,30,True,-231.93883363
t0_benzene,b3lyp5,histqn,1e-09,16,30,True,-231.93883363
t0_benzene,b3lyp5,histqn,1e-09,17,30,True,-231.93883363
t0_benzene,b3lyp5,histqn,1e-09,18,30,True,-231.93883363
t0_benzene,b3lyp5,histqn,1e-09,19,30,True,-231.93883363
t0_benzene,b3lyp5,histqn,1e-09,2,30,True,-231.93883363
t0_benzene,b3lyp5,histqn,1e-09,20,30,True,-231.93883363
t0_benzene,b3lyp5,histqn,1e-09,21,30,True,-231.93883363
t0_benzene,b3lyp5,histqn,1e-09,22,30,True,-231.93883363
t0_benzene,b3lyp5,histqn,1e-09,23,30,True,-231.93883363
t0_benzene,b3lyp5,histqn,1e-09,24,30,True,-231.93883363
t0_benzene,b3lyp5,histqn,1e-09,25,30,True,-231.93883363
t0_benzene,b3lyp5,histqn,1e-09,26,30,True,-231.93883363
t0_benzene,b3lyp5,histqn,1e-09,27,30,True,-231.93883363
t0_benzene,b3lyp5,histqn,1e-09,28,30,True,-231.93883363
t0_benzene,b3lyp5,histqn,1e-09,29,30,True,-231.93883363
t0_benzene,b3lyp5,histqn,1e-09,3,30,True,-231.93883363
t0_benzene,b3lyp5,histqn,1e-09,30,30,True,-231.93883363
t0_benzene,b3lyp5,histqn,1e-09,4,30,True,-231.93883363
t0_benzene,b3lyp5,histqn,1e-09,5,30,True,-231.93883363
t0_benzene,b3lyp5,histqn,1e-09,6,30,True,-231.93883363
t0_benzene,b3lyp5,histqn,1e-09,7,30,True,-231.93883363
t0_benzene,b3lyp5,histqn,1e-09,8,30,True,-231.93883363
t0_benzene,b3lyp5,histqn,1e-09,9,30,True,-231.93883363
t0_benzene,b3lyp5,histqn,3e-08,1,100,False,-231.93883363
t0_benzene,b3lyp5,histqn,3e-08,10,100,False,-231.93883363
t0_benzene,b3lyp5,histqn,3e-08,11,100,False,-231.93883363
t0_benzene,b3lyp5,histqn,3e-08,12,100,False,-231.93883363
t0_benzene,b3lyp5,histqn,3e-08,13,100,False,-231.93883363
t0_benzene,b3lyp5,histqn,3e-08,14,100,False,-231.93883363
t0_benzene,b3lyp5,histqn,3e-08,15,100,False,-231.93883363
t0_benzene,b3lyp5,histqn,3e-08,16,-1,TIMEOUT,nan
t0_benzene,b3lyp5,histqn,3e-08,17,-1,TIMEOUT,nan
t0_benzene,b3lyp5,histqn,3e-08,18,-1,TIMEOUT,nan
t0_benzene,b3lyp5,histqn,3e-08,19,-1,TIMEOUT,nan
t0_benzene,b3lyp5,histqn,3e-08,2,100,False,-231.93883363
t0_benzene,b3lyp5,histqn,3e-08,20,-1,TIMEOUT,nan
t0_benzene,b3lyp5,histqn,3e-08,21,100,False,-231.93883363
t0_benzene,b3lyp5,histqn,3e-08,22,100,False,-231.93883363
t0_benzene,b3lyp5,histqn,3e-08,23,100,False,-231.93883363
t0_benzene,b3lyp5,histqn,3e-08,24,100,False,-231.93883363
t0_benzene,b3lyp5,histqn,3e-08,25,100,False,-231.93883363
t0_benzene,b3lyp5,histqn,3e-08,26,100,False,-231.93883363
t0_benzene,b3lyp5,histqn,3e-08,27,100,False,-231.93883363
t0_benzene,b3lyp5,histqn,3e-08,28,100,False,-231.93883363
t0_benzene,b3lyp5,histqn,3e-08,29,100,False,-231.93883363
t0_benzene,b3lyp5,histqn,3e-08,3,100,False,-231.93883363
t0_benzene,b3lyp5,histqn,3e-08,30,100,False,-231.93883363
t0_benzene,b3lyp5,histqn,3e-08,4,100,False,-231.93883363
t0_benzene,b3lyp5,histqn,3e-08,5,100,False,-231.93883363
t0_benzene,b3lyp5,histqn,3e-08,6,100,False,-231.93883363
t0_benzene,b3lyp5,histqn,3e-08,7,100,False,-231.93883363
t0_benzene,b3lyp5,histqn,3e-08,8,100,False,-231.93883363
t0_benzene,b3lyp5,histqn,3e-08,9,100,False,-231.93883363
t0_benzene,b3lyp5,soscf,0e+00,1,51,True,-231.93883363
t0_benzene,b3lyp5,soscf,1e-07,1,100,False,-231.93883363
t0_benzene,b3lyp5,soscf,1e-07,10,100,False,-231.93883363
t0_benzene,b3lyp5,soscf,1e-07,11,100,False,-231.93883363
t0_benzene,b3lyp5,soscf,1e-07,12,100,False,-231.93883363
t0_benzene,b3lyp5,soscf,1e-07,13,100,False,-231.93883363
t0_benzene,b3lyp5,soscf,1e-07,14,100,False,-231.93883363
t0_benzene,b3lyp5,soscf,1e-07,15,100,False,-231.93883363
t0_benzene,b3lyp5,soscf,1e-07,16,100,False,-231.93883363
t0_benzene,b3lyp5,soscf,1e-07,17,100,False,-231.93883363
t0_benzene,b3lyp5,soscf,1e-07,18,100,False,-231.93883363
t0_benzene,b3lyp5,soscf,1e-07,19,100,False,-231.93883363
t0_benzene,b3lyp5,soscf,1e-07,2,100,False,-231.93883363
t0_benzene,b3lyp5,soscf,1e-07,20,100,False,-231.93883363
t0_benzene,b3lyp5,soscf,1e-07,21,100,False,-231.93883363
t0_benzene,b3lyp5,soscf,1e-07,22,100,False,-231.93883363
t0_benzene,b3lyp5,soscf,1e-07,23,100,False,-231.93883363
t0_benzene,b3lyp5,soscf,1e-07,24,100,False,-231.93883363
t0_benzene,b3lyp5,soscf,1e-07,25,100,False,-231.93883363
t0_benzene,b3lyp5,soscf,1e-07,26,100,False,-231.93883363
t0_benzene,b3lyp5,soscf,1e-07,27,100,False,-231.93883363
t0_benzene,b3lyp5,soscf,1e-07,28,100,False,-231.93883363
t0_benzene,b3lyp5,soscf,1e-07,29,100,False,-231.93883363
t0_benzene,b3lyp5,soscf,1e-07,3,100,False,-231.93883363
t0_benzene,b3lyp5,soscf,1e-07,30,100,False,-231.93883363
t0_benzene,b3lyp5,soscf,1e-07,4,100,False,-231.93883363
t0_benzene,b3lyp5,soscf,1e-07,5,100,False,-231.93883363
t0_benzene,b3lyp5,soscf,1e-07,6,100,False,-231.93883363
t0_benzene,b3lyp5,soscf,1e-07,7,100,False,-231.93883363
t0_benzene,b3lyp5,soscf,1e-07,8,100,False,-231.93883363
t0_benzene,b3lyp5,soscf,1e-07,9,100,False,-231.93883363
t0_benzene,b3lyp5,soscf,1e-08,1,35,True,-231.93883363
t0_benzene,b3lyp5,soscf,1e-08,10,32,True,-231.93883363
t0_benzene,b3lyp5,soscf,1e-08,11,30,True,-231.93883363
t0_benzene,b3lyp5,soscf,1e-08,12,35,True,-231.93883363
t0_benzene,b3lyp5,soscf,1e-08,13,33,True,-231.93883363
t0_benzene,b3lyp5,soscf,1e-08,14,36,True,-231.93883363
t0_benzene,b3lyp5,soscf,1e-08,15,29,True,-231.93883363
t0_benzene,b3lyp5,soscf,1e-08,16,29,True,-231.93883363
t0_benzene,b3lyp5,soscf,1e-08,17,34,True,-231.93883363
t0_benzene,b3lyp5,soscf,1e-08,18,35,True,-231.93883363
t0_benzene,b3lyp5,soscf,1e-08,19,58,True,-231.93883363
t0_benzene,b3lyp5,soscf,1e-08,2,63,True,-231.93883363
t0_benzene,b3lyp5,soscf,1e-08,20,34,True,-231.93883363
t0_benzene,b3lyp5,soscf,1e-08,21,26,True,-231.93883363
t0_benzene,b3lyp5,soscf,1e-08,22,27,True,-231.93883363
t0_benzene,b3lyp5,soscf,1e-08,23,29,True,-231.93883363
t0_benzene,b3lyp5,soscf,1e-08,24,54,True,-231.93883363
t0_benzene,b3lyp5,soscf,1e-08,25,36,True,-231.93883363
t0_benzene,b3lyp5,soscf,1e-08,26,28,True,-231.93883363
t0_benzene,b3lyp5,soscf,1e-08,27,51,True,-231.93883363
t0_benzene,b3lyp5,soscf,1e-08,28,28,True,-231.93883363
t0_benzene,b3lyp5,soscf,1e-08,29,36,True,-231.93883363
t0_benzene,b3lyp5,soscf,1e-08,3,39,True,-231.93883363
t0_benzene,b3lyp5,soscf,1e-08,30,35,True,-231.93883363
t0_benzene,b3lyp5,soscf,1e-08,4,24,True,-231.93883363
t0_benzene,b3lyp5,soscf,1e-08,5,36,True,-231.93883363
t0_benzene,b3lyp5,soscf,1e-08,6,26,True,-231.93883363
t0_benzene,b3lyp5,soscf,1e-08,7,44,True,-231.93883363
t0_benzene,b3lyp5,soscf,1e-08,8,27,True,-231.93883363
t0_benzene,b3lyp5,soscf,1e-08,9,39,True,-231.93883363
t0_benzene,b3lyp5,soscf,1e-09,1,27,True,-231.93883363
t0_benzene,b3lyp5,soscf,1e-09,10,37,True,-231.93883363
t0_benzene,b3lyp5,soscf,1e-09,11,57,True,-231.93883363
t0_benzene,b3lyp5,soscf,1e-09,12,32,True,-231.93883363
t0_benzene,b3lyp5,soscf,1e-09,13,29,True,-231.93883363
t0_benzene,b3lyp5,soscf,1e-09,14,35,True,-231.93883363
t0_benzene,b3lyp5,soscf,1e-09,15,26,True,-231.93883363
t0_benzene,b3lyp5,soscf,1e-09,16,29,True,-231.93883363
t0_benzene,b3lyp5,soscf,1e-09,17,24,True,-231.93883363
t0_benzene,b3lyp5,soscf,1e-09,18,27,True,-231.93883363
t0_benzene,b3lyp5,soscf,1e-09,19,34,True,-231.93883363
t0_benzene,b3lyp5,soscf,1e-09,2,26,True,-231.93883363
t0_benzene,b3lyp5,soscf,1e-09,20,32,True,-231.93883363
t0_benzene,b3lyp5,soscf,1e-09,21,33,True,-231.93883363
t0_benzene,b3lyp5,soscf,1e-09,22,33,True,-231.93883363
t0_benzene,b3lyp5,soscf,1e-09,23,26,True,-231.93883363
t0_benzene,b3lyp5,soscf,1e-09,24,32,True,-231.93883363
t0_benzene,b3lyp5,soscf,1e-09,25,34,True,-231.93883363
t0_benzene,b3lyp5,soscf,1e-09,26,37,True,-231.93883363
t0_benzene,b3lyp5,soscf,1e-09,27,48,True,-231.93883363
t0_benzene,b3lyp5,soscf,1e-09,28,36,True,-231.93883363
t0_benzene,b3lyp5,soscf,1e-09,29,32,True,-231.93883363
t0_benzene,b3lyp5,soscf,1e-09,3,-1,TIMEOUT,nan
t0_benzene,b3lyp5,soscf,1e-09,30,29,True,-231.93883363
t0_benzene,b3lyp5,soscf,1e-09,4,58,True,-231.93883363
t0_benzene,b3lyp5,soscf,1e-09,5,29,True,-231.93883363
t0_benzene,b3lyp5,soscf,1e-09,6,31,True,-231.93883363
t0_benzene,b3lyp5,soscf,1e-09,7,28,True,-231.93883363
t0_benzene,b3lyp5,soscf,1e-09,8,29,True,-231.93883363
t0_benzene,b3lyp5,soscf,1e-09,9,78,True,-231.93883363
t0_benzene,b3lyp5,soscf,3e-08,1,100,False,-231.93883363
t0_benzene,b3lyp5,soscf,3e-08,10,100,False,-231.93883363
t0_benzene,b3lyp5,soscf,3e-08,11,100,False,-231.93883363
t0_benzene,b3lyp5,soscf,3e-08,12,100,False,-231.93883363
t0_benzene,b3lyp5,soscf,3e-08,13,100,False,-231.93883363
t0_benzene,b3lyp5,soscf,3e-08,14,100,False,-231.93883363
t0_benzene,b3lyp5,soscf,3e-08,15,100,False,-231.93883363
t0_benzene,b3lyp5,soscf,3e-08,16,100,False,-231.93883363
t0_benzene,b3lyp5,soscf,3e-08,17,100,False,-231.93883363
t0_benzene,b3lyp5,soscf,3e-08,18,100,False,-231.93883363
t0_benzene,b3lyp5,soscf,3e-08,19,-1,TIMEOUT,nan
t0_benzene,b3lyp5,soscf,3e-08,2,100,False,-231.93883363
t0_benzene,b3lyp5,soscf,3e-08,20,-1,TIMEOUT,nan
t0_benzene,b3lyp5,soscf,3e-08,21,100,False,-231.93883363
t0_benzene,b3lyp5,soscf,3e-08,22,100,False,-231.93883363
t0_benzene,b3lyp5,soscf,3e-08,23,100,False,-231.93883363
t0_benzene,b3lyp5,soscf,3e-08,24,100,False,-231.93883363
t0_benzene,b3lyp5,soscf,3e-08,25,100,False,-231.93883363
t0_benzene,b3lyp5,soscf,3e-08,26,100,False,-231.93883363
t0_benzene,b3lyp5,soscf,3e-08,27,100,False,-231.93883363
t0_benzene,b3lyp5,soscf,3e-08,28,100,False,-231.93883363
t0_benzene,b3lyp5,soscf,3e-08,29,100,False,-231.93883363
t0_benzene,b3lyp5,soscf,3e-08,3,100,False,-231.93883363
t0_benzene,b3lyp5,soscf,3e-08,30,100,False,-231.93883363
t0_benzene,b3lyp5,soscf,3e-08,4,100,False,-231.93883363
t0_benzene,b3lyp5,soscf,3e-08,5,100,False,-231.93883363
t0_benzene,b3lyp5,soscf,3e-08,6,100,False,-231.93883363
t0_benzene,b3lyp5,soscf,3e-08,7,100,False,-231.93883363
t0_benzene,b3lyp5,soscf,3e-08,8,100,False,-231.93883363
t0_benzene,b3lyp5,soscf,3e-08,9,100,False,-231.93883363
t0_benzene,b3lyp5,switch,0e+00,1,12,True,-231.93883363
t0_benzene,b3lyp5,switch,1e-07,1,100,False,-231.93883363
t0_benzene,b3lyp5,switch,1e-07,10,-1,TIMEOUT,nan
t0_benzene,b3lyp5,switch,1e-07,11,-1,TIMEOUT,nan
t0_benzene,b3lyp5,switch,1e-07,12,100,False,-231.93883363
t0_benzene,b3lyp5,switch,1e-07,13,100,False,-231.93883363
t0_benzene,b3lyp5,switch,1e-07,14,100,False,-231.93883363
t0_benzene,b3lyp5,switch,1e-07,15,100,False,-231.93883363
t0_benzene,b3lyp5,switch,1e-07,16,100,False,-231.93883363
t0_benzene,b3lyp5,switch,1e-07,17,100,False,-231.93883363
t0_benzene,b3lyp5,switch,1e-07,18,100,False,-231.93883363
t0_benzene,b3lyp5,switch,1e-07,19,100,False,-231.93883363
t0_benzene,b3lyp5,switch,1e-07,2,100,False,-231.93883363
t0_benzene,b3lyp5,switch,1e-07,20,100,False,-231.93883363
t0_benzene,b3lyp5,switch,1e-07,21,100,False,-231.93883363
t0_benzene,b3lyp5,switch,1e-07,22,100,False,-231.93883363
t0_benzene,b3lyp5,switch,1e-07,23,100,False,-231.93883363
t0_benzene,b3lyp5,switch,1e-07,24,100,False,-231.93883363
t0_benzene,b3lyp5,switch,1e-07,25,100,False,-231.93883363
t0_benzene,b3lyp5,switch,1e-07,26,100,False,-231.93883363
t0_benzene,b3lyp5,switch,1e-07,27,100,False,-231.93883363
t0_benzene,b3lyp5,switch,1e-07,28,100,False,-231.93883363
t0_benzene,b3lyp5,switch,1e-07,29,100,False,-231.93883363
t0_benzene,b3lyp5,switch,1e-07,3,100,False,-231.93883363
t0_benzene,b3lyp5,switch,1e-07,30,100,False,-231.93883363
t0_benzene,b3lyp5,switch,1e-07,4,100,False,-231.93883363
t0_benzene,b3lyp5,switch,1e-07,5,100,False,-231.93883363
t0_benzene,b3lyp5,switch,1e-07,6,100,False,-231.93883363
t0_benzene,b3lyp5,switch,1e-07,7,100,False,-231.93883363
t0_benzene,b3lyp5,switch,1e-07,8,-1,TIMEOUT,nan
t0_benzene,b3lyp5,switch,1e-07,9,-1,TIMEOUT,nan
t0_benzene,b3lyp5,switch,1e-08,1,14,True,-231.93883363
t0_benzene,b3lyp5,switch,1e-08,10,14,True,-231.93883363
t0_benzene,b3lyp5,switch,1e-08,11,14,True,-231.93883363
t0_benzene,b3lyp5,switch,1e-08,12,14,True,-231.93883363
t0_benzene,b3lyp5,switch,1e-08,13,14,True,-231.93883363
t0_benzene,b3lyp5,switch,1e-08,14,14,True,-231.93883363
t0_benzene,b3lyp5,switch,1e-08,15,14,True,-231.93883363
t0_benzene,b3lyp5,switch,1e-08,16,14,True,-231.93883363
t0_benzene,b3lyp5,switch,1e-08,17,14,True,-231.93883363
t0_benzene,b3lyp5,switch,1e-08,18,14,True,-231.93883363
t0_benzene,b3lyp5,switch,1e-08,19,14,True,-231.93883363
t0_benzene,b3lyp5,switch,1e-08,2,14,True,-231.93883363
t0_benzene,b3lyp5,switch,1e-08,20,14,True,-231.93883363
t0_benzene,b3lyp5,switch,1e-08,21,14,True,-231.93883363
t0_benzene,b3lyp5,switch,1e-08,22,14,True,-231.93883363
t0_benzene,b3lyp5,switch,1e-08,23,14,True,-231.93883363
t0_benzene,b3lyp5,switch,1e-08,24,14,True,-231.93883363
t0_benzene,b3lyp5,switch,1e-08,25,14,True,-231.93883363
t0_benzene,b3lyp5,switch,1e-08,26,14,True,-231.93883363
t0_benzene,b3lyp5,switch,1e-08,27,14,True,-231.93883363
t0_benzene,b3lyp5,switch,1e-08,28,14,True,-231.93883363
t0_benzene,b3lyp5,switch,1e-08,29,14,True,-231.93883363
t0_benzene,b3lyp5,switch,1e-08,3,14,True,-231.93883363
t0_benzene,b3lyp5,switch,1e-08,30,14,True,-231.93883363
t0_benzene,b3lyp5,switch,1e-08,4,14,True,-231.93883363
t0_benzene,b3lyp5,switch,1e-08,5,14,True,-231.93883363
t0_benzene,b3lyp5,switch,1e-08,6,14,True,-231.93883363
t0_benzene,b3lyp5,switch,1e-08,7,14,True,-231.93883363
t0_benzene,b3lyp5,switch,1e-08,8,14,True,-231.93883363
t0_benzene,b3lyp5,switch,1e-08,9,14,True,-231.93883363
t0_benzene,b3lyp5,switch,1e-09,1,12,True,-231.93883363
t0_benzene,b3lyp5,switch,1e-09,10,12,True,-231.93883363
t0_benzene,b3lyp5,switch,1e-09,11,12,True,-231.93883363
t0_benzene,b3lyp5,switch,1e-09,12,14,True,-231.93883363
t0_benzene,b3lyp5,switch,1e-09,13,14,True,-231.93883363
t0_benzene,b3lyp5,switch,1e-09,14,12,True,-231.93883363
t0_benzene,b3lyp5,switch,1e-09,15,12,True,-231.93883363
t0_benzene,b3lyp5,switch,1e-09,16,12,True,-231.93883363
t0_benzene,b3lyp5,switch,1e-09,17,12,True,-231.93883363
t0_benzene,b3lyp5,switch,1e-09,18,12,True,-231.93883363
t0_benzene,b3lyp5,switch,1e-09,19,14,True,-231.93883363
t0_benzene,b3lyp5,switch,1e-09,2,14,True,-231.93883363
t0_benzene,b3lyp5,switch,1e-09,20,12,True,-231.93883363
t0_benzene,b3lyp5,switch,1e-09,21,12,True,-231.93883363
t0_benzene,b3lyp5,switch,1e-09,22,12,True,-231.93883363
t0_benzene,b3lyp5,switch,1e-09,23,14,True,-231.93883363
t0_benzene,b3lyp5,switch,1e-09,24,12,True,-231.93883363
t0_benzene,b3lyp5,switch,1e-09,25,12,True,-231.93883363
t0_benzene,b3lyp5,switch,1e-09,26,14,True,-231.93883363
t0_benzene,b3lyp5,switch,1e-09,27,14,True,-231.93883363
t0_benzene,b3lyp5,switch,1e-09,28,12,True,-231.93883363
t0_benzene,b3lyp5,switch,1e-09,29,12,True,-231.93883363
t0_benzene,b3lyp5,switch,1e-09,3,12,True,-231.93883363
t0_benzene,b3lyp5,switch,1e-09,30,12,True,-231.93883363
t0_benzene,b3lyp5,switch,1e-09,4,12,True,-231.93883363
t0_benzene,b3lyp5,switch,1e-09,5,14,True,-231.93883363
t0_benzene,b3lyp5,switch,1e-09,6,12,True,-231.93883363
t0_benzene,b3lyp5,switch,1e-09,7,12,True,-231.93883363
t0_benzene,b3lyp5,switch,1e-09,8,12,True,-231.93883363
t0_benzene,b3lyp5,switch,1e-09,9,12,True,-231.93883363
t0_benzene,b3lyp5,switch,3e-08,1,100,False,-231.93883363
t0_benzene,b3lyp5,switch,3e-08,10,100,False,-231.93883363
t0_benzene,b3lyp5,switch,3e-08,11,100,False,-231.93883363
t0_benzene,b3lyp5,switch,3e-08,12,100,False,-231.93883363
t0_benzene,b3lyp5,switch,3e-08,13,100,False,-231.93883363
t0_benzene,b3lyp5,switch,3e-08,14,100,False,-231.93883363
t0_benzene,b3lyp5,switch,3e-08,15,100,False,-231.93883363
t0_benzene,b3lyp5,switch,3e-08,16,100,False,-231.93883363
t0_benzene,b3lyp5,switch,3e-08,17,100,False,-231.93883363
t0_benzene,b3lyp5,switch,3e-08,18,-1,TIMEOUT,nan
t0_benzene,b3lyp5,switch,3e-08,19,-1,TIMEOUT,nan
t0_benzene,b3lyp5,switch,3e-08,2,100,False,-231.93883363
t0_benzene,b3lyp5,switch,3e-08,20,-1,TIMEOUT,nan
t0_benzene,b3lyp5,switch,3e-08,21,100,False,-231.93883363
t0_benzene,b3lyp5,switch,3e-08,22,100,False,-231.93883363
t0_benzene,b3lyp5,switch,3e-08,23,100,False,-231.93883363
t0_benzene,b3lyp5,switch,3e-08,24,100,False,-231.93883363
t0_benzene,b3lyp5,switch,3e-08,25,100,False,-231.93883363
t0_benzene,b3lyp5,switch,3e-08,26,100,False,-231.93883363
t0_benzene,b3lyp5,switch,3e-08,27,100,False,-231.93883363
t0_benzene,b3lyp5,switch,3e-08,28,100,False,-231.93883363
t0_benzene,b3lyp5,switch,3e-08,29,100,False,-231.93883363
t0_benzene,b3lyp5,switch,3e-08,3,100,False,-231.93883363
t0_benzene,b3lyp5,switch,3e-08,30,100,False,-231.93883363
t0_benzene,b3lyp5,switch,3e-08,4,100,False,-231.93883363
t0_benzene,b3lyp5,switch,3e-08,5,100,False,-231.93883363
t0_benzene,b3lyp5,switch,3e-08,6,100,False,-231.93883363
t0_benzene,b3lyp5,switch,3e-08,7,100,False,-231.93883363
t0_benzene,b3lyp5,switch,3e-08,8,100,False,-231.93883363
t0_benzene,b3lyp5,switch,3e-08,9,100,False,-231.93883363
t0_benzene,hf,diis,0e+00,1,11,True,-230.55406437
t0_benzene,hf,diis,1e-07,1,100,False,-230.55406437
t0_benzene,hf,diis,1e-07,10,100,False,-230.55406437
t0_benzene,hf,diis,1e-07,11,100,False,-230.55406437
t0_benzene,hf,diis,1e-07,12,100,False,-230.55406437
t0_benzene,hf,diis,1e-07,13,100,False,-230.55406437
t0_benzene,hf,diis,1e-07,14,100,False,-230.55406437
t0_benzene,hf,diis,1e-07,15,100,False,-230.55406437
t0_benzene,hf,diis,1e-07,16,100,False,-230.55406437
t0_benzene,hf,diis,1e-07,17,100,False,-230.55406437
t0_benzene,hf,diis,1e-07,18,100,False,-230.55406437
t0_benzene,hf,diis,1e-07,19,100,False,-230.55406437
t0_benzene,hf,diis,1e-07,2,100,False,-230.55406437
t0_benzene,hf,diis,1e-07,20,100,False,-230.55406437
t0_benzene,hf,diis,1e-07,21,100,False,-230.55406437
t0_benzene,hf,diis,1e-07,22,100,False,-230.55406437
t0_benzene,hf,diis,1e-07,23,100,False,-230.55406437
t0_benzene,hf,diis,1e-07,24,100,False,-230.55406437
t0_benzene,hf,diis,1e-07,25,100,False,-230.55406437
t0_benzene,hf,diis,1e-07,26,100,False,-230.55406437
t0_benzene,hf,diis,1e-07,27,100,False,-230.55406437
t0_benzene,hf,diis,1e-07,28,100,False,-230.55406437
t0_benzene,hf,diis,1e-07,29,100,False,-230.55406437
t0_benzene,hf,diis,1e-07,3,100,False,-230.55406437
t0_benzene,hf,diis,1e-07,30,100,False,-230.55406437
t0_benzene,hf,diis,1e-07,4,100,False,-230.55406437
t0_benzene,hf,diis,1e-07,5,100,False,-230.55406437
t0_benzene,hf,diis,1e-07,6,100,False,-230.55406437
t0_benzene,hf,diis,1e-07,7,100,False,-230.55406437
t0_benzene,hf,diis,1e-07,8,100,False,-230.55406437
t0_benzene,hf,diis,1e-07,9,100,False,-230.55406437
t0_benzene,hf,diis,1e-08,1,11,True,-230.55406437
t0_benzene,hf,diis,1e-08,10,11,True,-230.55406437
t0_benzene,hf,diis,1e-08,11,11,True,-230.55406437
t0_benzene,hf,diis,1e-08,12,11,True,-230.55406437
t0_benzene,hf,diis,1e-08,13,11,True,-230.55406437
t0_benzene,hf,diis,1e-08,14,11,True,-230.55406437
t0_benzene,hf,diis,1e-08,15,11,True,-230.55406437
t0_benzene,hf,diis,1e-08,16,11,True,-230.55406437
t0_benzene,hf,diis,1e-08,17,11,True,-230.55406437
t0_benzene,hf,diis,1e-08,18,11,True,-230.55406437
t0_benzene,hf,diis,1e-08,19,11,True,-230.55406437
t0_benzene,hf,diis,1e-08,2,11,True,-230.55406437
t0_benzene,hf,diis,1e-08,20,11,True,-230.55406437
t0_benzene,hf,diis,1e-08,21,11,True,-230.55406437
t0_benzene,hf,diis,1e-08,22,11,True,-230.55406437
t0_benzene,hf,diis,1e-08,23,11,True,-230.55406437
t0_benzene,hf,diis,1e-08,24,11,True,-230.55406437
t0_benzene,hf,diis,1e-08,25,11,True,-230.55406437
t0_benzene,hf,diis,1e-08,26,11,True,-230.55406437
t0_benzene,hf,diis,1e-08,27,11,True,-230.55406437
t0_benzene,hf,diis,1e-08,28,11,True,-230.55406437
t0_benzene,hf,diis,1e-08,29,11,True,-230.55406437
t0_benzene,hf,diis,1e-08,3,11,True,-230.55406437
t0_benzene,hf,diis,1e-08,30,11,True,-230.55406437
t0_benzene,hf,diis,1e-08,4,11,True,-230.55406437
t0_benzene,hf,diis,1e-08,5,11,True,-230.55406437
t0_benzene,hf,diis,1e-08,6,11,True,-230.55406437
t0_benzene,hf,diis,1e-08,7,11,True,-230.55406437
t0_benzene,hf,diis,1e-08,8,11,True,-230.55406437
t0_benzene,hf,diis,1e-08,9,11,True,-230.55406437
t0_benzene,hf,diis,1e-09,1,11,True,-230.55406437
t0_benzene,hf,diis,1e-09,10,11,True,-230.55406437
t0_benzene,hf,diis,1e-09,11,11,True,-230.55406437
t0_benzene,hf,diis,1e-09,12,11,True,-230.55406437
t0_benzene,hf,diis,1e-09,13,11,True,-230.55406437
t0_benzene,hf,diis,1e-09,14,11,True,-230.55406437
t0_benzene,hf,diis,1e-09,15,11,True,-230.55406437
t0_benzene,hf,diis,1e-09,16,11,True,-230.55406437
t0_benzene,hf,diis,1e-09,17,11,True,-230.55406437
t0_benzene,hf,diis,1e-09,18,11,True,-230.55406437
t0_benzene,hf,diis,1e-09,19,11,True,-230.55406437
t0_benzene,hf,diis,1e-09,2,11,True,-230.55406437
t0_benzene,hf,diis,1e-09,20,11,True,-230.55406437
t0_benzene,hf,diis,1e-09,21,11,True,-230.55406437
t0_benzene,hf,diis,1e-09,22,11,True,-230.55406437
t0_benzene,hf,diis,1e-09,23,11,True,-230.55406437
t0_benzene,hf,diis,1e-09,24,11,True,-230.55406437
t0_benzene,hf,diis,1e-09,25,11,True,-230.55406437
t0_benzene,hf,diis,1e-09,26,11,True,-230.55406437
t0_benzene,hf,diis,1e-09,27,11,True,-230.55406437
t0_benzene,hf,diis,1e-09,28,11,True,-230.55406437
t0_benzene,hf,diis,1e-09,29,11,True,-230.55406437
t0_benzene,hf,diis,1e-09,3,11,True,-230.55406437
t0_benzene,hf,diis,1e-09,30,11,True,-230.55406437
t0_benzene,hf,diis,1e-09,4,11,True,-230.55406437
t0_benzene,hf,diis,1e-09,5,11,True,-230.55406437
t0_benzene,hf,diis,1e-09,6,11,True,-230.55406437
t0_benzene,hf,diis,1e-09,7,11,True,-230.55406437
t0_benzene,hf,diis,1e-09,8,11,True,-230.55406437
t0_benzene,hf,diis,1e-09,9,11,True,-230.55406437
t0_benzene,hf,diis,3e-08,1,100,False,-230.55406437
t0_benzene,hf,diis,3e-08,10,100,False,-230.55406437
t0_benzene,hf,diis,3e-08,11,100,False,-230.55406437
t0_benzene,hf,diis,3e-08,12,100,False,-230.55406437
t0_benzene,hf,diis,3e-08,13,100,False,-230.55406437
t0_benzene,hf,diis,3e-08,14,100,False,-230.55406437
t0_benzene,hf,diis,3e-08,15,100,False,-230.55406437
t0_benzene,hf,diis,3e-08,16,100,False,-230.55406437
t0_benzene,hf,diis,3e-08,17,100,False,-230.55406437
t0_benzene,hf,diis,3e-08,18,100,False,-230.55406437
t0_benzene,hf,diis,3e-08,19,100,False,-230.55406437
t0_benzene,hf,diis,3e-08,2,100,False,-230.55406437
t0_benzene,hf,diis,3e-08,20,100,False,-230.55406437
t0_benzene,hf,diis,3e-08,21,100,False,-230.55406437
t0_benzene,hf,diis,3e-08,22,100,False,-230.55406437
t0_benzene,hf,diis,3e-08,23,100,False,-230.55406437
t0_benzene,hf,diis,3e-08,24,100,False,-230.55406437
t0_benzene,hf,diis,3e-08,25,100,False,-230.55406437
t0_benzene,hf,diis,3e-08,26,100,False,-230.55406437
t0_benzene,hf,diis,3e-08,27,100,False,-230.55406437
t0_benzene,hf,diis,3e-08,28,100,False,-230.55406437
t0_benzene,hf,diis,3e-08,29,100,False,-230.55406437
t0_benzene,hf,diis,3e-08,3,100,False,-230.55406437
t0_benzene,hf,diis,3e-08,30,100,False,-230.55406437
t0_benzene,hf,diis,3e-08,4,100,False,-230.55406437
t0_benzene,hf,diis,3e-08,5,100,False,-230.55406437
t0_benzene,hf,diis,3e-08,6,100,False,-230.55406437
t0_benzene,hf,diis,3e-08,7,100,False,-230.55406437
t0_benzene,hf,diis,3e-08,8,100,False,-230.55406437
t0_benzene,hf,diis,3e-08,9,100,False,-230.55406437
t0_benzene,hf,ensemble,0e+00,1,23,True,-230.55406437
t0_benzene,hf,ensemble,1e-07,1,100,False,-230.55406437
t0_benzene,hf,ensemble,1e-07,10,100,False,-230.55406437
t0_benzene,hf,ensemble,1e-07,11,100,False,-230.55406437
t0_benzene,hf,ensemble,1e-07,12,100,False,-230.55406437
t0_benzene,hf,ensemble,1e-07,13,100,False,-230.55406437
t0_benzene,hf,ensemble,1e-07,14,100,False,-230.55406437
t0_benzene,hf,ensemble,1e-07,15,100,False,-230.55406437
t0_benzene,hf,ensemble,1e-07,16,100,False,-230.55406437
t0_benzene,hf,ensemble,1e-07,17,100,False,-230.55406437
t0_benzene,hf,ensemble,1e-07,18,100,False,-230.55406437
t0_benzene,hf,ensemble,1e-07,19,100,False,-230.55406437
t0_benzene,hf,ensemble,1e-07,2,100,False,-230.55406437
t0_benzene,hf,ensemble,1e-07,20,100,False,-230.55406437
t0_benzene,hf,ensemble,1e-07,21,100,False,-230.55406437
t0_benzene,hf,ensemble,1e-07,22,100,False,-230.55406437
t0_benzene,hf,ensemble,1e-07,23,100,False,-230.55406437
t0_benzene,hf,ensemble,1e-07,24,100,False,-230.55406437
t0_benzene,hf,ensemble,1e-07,25,100,False,-230.55406437
t0_benzene,hf,ensemble,1e-07,26,100,False,-230.55406437
t0_benzene,hf,ensemble,1e-07,27,100,False,-230.55406437
t0_benzene,hf,ensemble,1e-07,28,100,False,-230.55406437
t0_benzene,hf,ensemble,1e-07,29,100,False,-230.55406437
t0_benzene,hf,ensemble,1e-07,3,100,False,-230.55406437
t0_benzene,hf,ensemble,1e-07,30,100,False,-230.55406437
t0_benzene,hf,ensemble,1e-07,4,100,False,-230.55406437
t0_benzene,hf,ensemble,1e-07,5,100,False,-230.55406437
t0_benzene,hf,ensemble,1e-07,6,100,False,-230.55406437
t0_benzene,hf,ensemble,1e-07,7,100,False,-230.55406437
t0_benzene,hf,ensemble,1e-07,8,100,False,-230.55406437
t0_benzene,hf,ensemble,1e-07,9,100,False,-230.55406437
t0_benzene,hf,ensemble,1e-08,1,26,True,-230.55406437
t0_benzene,hf,ensemble,1e-08,10,30,True,-230.55406437
t0_benzene,hf,ensemble,1e-08,11,26,True,-230.55406437
t0_benzene,hf,ensemble,1e-08,12,38,True,-230.55406437
t0_benzene,hf,ensemble,1e-08,13,35,True,-230.55406437
t0_benzene,hf,ensemble,1e-08,14,22,True,-230.55406437
t0_benzene,hf,ensemble,1e-08,15,26,True,-230.55406437
t0_benzene,hf,ensemble,1e-08,16,19,True,-230.55406437
t0_benzene,hf,ensemble,1e-08,17,31,True,-230.55406437
t0_benzene,hf,ensemble,1e-08,18,21,True,-230.55406437
t0_benzene,hf,ensemble,1e-08,19,24,True,-230.55406437
t0_benzene,hf,ensemble,1e-08,2,50,True,-230.55406437
t0_benzene,hf,ensemble,1e-08,20,21,True,-230.55406437
t0_benzene,hf,ensemble,1e-08,21,35,True,-230.55406437
t0_benzene,hf,ensemble,1e-08,22,29,True,-230.55406437
t0_benzene,hf,ensemble,1e-08,23,23,True,-230.55406437
t0_benzene,hf,ensemble,1e-08,24,25,True,-230.55406437
t0_benzene,hf,ensemble,1e-08,25,27,True,-230.55406437
t0_benzene,hf,ensemble,1e-08,26,27,True,-230.55406437
t0_benzene,hf,ensemble,1e-08,27,31,True,-230.55406437
t0_benzene,hf,ensemble,1e-08,28,37,True,-230.55406437
t0_benzene,hf,ensemble,1e-08,29,34,True,-230.55406437
t0_benzene,hf,ensemble,1e-08,3,29,True,-230.55406437
t0_benzene,hf,ensemble,1e-08,30,38,True,-230.55406437
t0_benzene,hf,ensemble,1e-08,4,21,True,-230.55406437
t0_benzene,hf,ensemble,1e-08,5,26,True,-230.55406437
t0_benzene,hf,ensemble,1e-08,6,33,True,-230.55406437
t0_benzene,hf,ensemble,1e-08,7,35,True,-230.55406437
t0_benzene,hf,ensemble,1e-08,8,22,True,-230.55406437
t0_benzene,hf,ensemble,1e-08,9,31,True,-230.55406437
t0_benzene,hf,ensemble,1e-09,1,48,True,-230.55406437
t0_benzene,hf,ensemble,1e-09,10,28,True,-230.55406437
t0_benzene,hf,ensemble,1e-09,11,21,True,-230.55406437
t0_benzene,hf,ensemble,1e-09,12,32,True,-230.55406437
t0_benzene,hf,ensemble,1e-09,13,28,True,-230.55406437
t0_benzene,hf,ensemble,1e-09,14,35,True,-230.55406437
t0_benzene,hf,ensemble,1e-09,15,37,True,-230.55406437
t0_benzene,hf,ensemble,1e-09,16,35,True,-230.55406437
t0_benzene,hf,ensemble,1e-09,17,30,True,-230.55406437
t0_benzene,hf,ensemble,1e-09,18,32,True,-230.55406437
t0_benzene,hf,ensemble,1e-09,19,38,True,-230.55406437
t0_benzene,hf,ensemble,1e-09,2,33,True,-230.55406437
t0_benzene,hf,ensemble,1e-09,20,27,True,-230.55406437
t0_benzene,hf,ensemble,1e-09,21,26,True,-230.55406437
t0_benzene,hf,ensemble,1e-09,22,30,True,-230.55406437
t0_benzene,hf,ensemble,1e-09,23,23,True,-230.55406437
t0_benzene,hf,ensemble,1e-09,24,23,True,-230.55406437
t0_benzene,hf,ensemble,1e-09,25,39,True,-230.55406437
t0_benzene,hf,ensemble,1e-09,26,20,True,-230.55406437
t0_benzene,hf,ensemble,1e-09,27,22,True,-230.55406437
t0_benzene,hf,ensemble,1e-09,28,23,True,-230.55406437
t0_benzene,hf,ensemble,1e-09,29,33,True,-230.55406437
t0_benzene,hf,ensemble,1e-09,3,32,True,-230.55406437
t0_benzene,hf,ensemble,1e-09,30,26,True,-230.55406437
t0_benzene,hf,ensemble,1e-09,4,37,True,-230.55406437
t0_benzene,hf,ensemble,1e-09,5,54,True,-230.55406437
t0_benzene,hf,ensemble,1e-09,6,35,True,-230.55406437
t0_benzene,hf,ensemble,1e-09,7,35,True,-230.55406437
t0_benzene,hf,ensemble,1e-09,8,29,True,-230.55406437
t0_benzene,hf,ensemble,1e-09,9,23,True,-230.55406437
t0_benzene,hf,ensemble,3e-08,1,100,False,-230.55406437
t0_benzene,hf,ensemble,3e-08,10,100,False,-230.55406437
t0_benzene,hf,ensemble,3e-08,11,100,False,-230.55406437
t0_benzene,hf,ensemble,3e-08,12,100,False,-230.55406437
t0_benzene,hf,ensemble,3e-08,13,100,False,-230.55406437
t0_benzene,hf,ensemble,3e-08,14,100,False,-230.55406437
t0_benzene,hf,ensemble,3e-08,15,100,False,-230.55406437
t0_benzene,hf,ensemble,3e-08,16,100,False,-230.55406437
t0_benzene,hf,ensemble,3e-08,17,100,False,-230.55406437
t0_benzene,hf,ensemble,3e-08,18,100,False,-230.55406437
t0_benzene,hf,ensemble,3e-08,19,100,False,-230.55406437
t0_benzene,hf,ensemble,3e-08,2,100,False,-230.55406437
t0_benzene,hf,ensemble,3e-08,20,100,False,-230.55406437
t0_benzene,hf,ensemble,3e-08,21,100,False,-230.55406437
t0_benzene,hf,ensemble,3e-08,22,100,False,-230.55406437
t0_benzene,hf,ensemble,3e-08,23,100,False,-230.55406437
t0_benzene,hf,ensemble,3e-08,24,100,False,-230.55406437
t0_benzene,hf,ensemble,3e-08,25,100,False,-230.55406437
t0_benzene,hf,ensemble,3e-08,26,100,False,-230.55406437
t0_benzene,hf,ensemble,3e-08,27,100,False,-230.55406437
t0_benzene,hf,ensemble,3e-08,28,100,False,-230.55406437
t0_benzene,hf,ensemble,3e-08,29,100,False,-230.55406437
t0_benzene,hf,ensemble,3e-08,3,100,False,-230.55406437
t0_benzene,hf,ensemble,3e-08,30,100,False,-230.55406437
t0_benzene,hf,ensemble,3e-08,4,100,False,-230.55406437
t0_benzene,hf,ensemble,3e-08,5,100,False,-230.55406437
t0_benzene,hf,ensemble,3e-08,6,100,False,-230.55406437
t0_benzene,hf,ensemble,3e-08,7,100,False,-230.55406437
t0_benzene,hf,ensemble,3e-08,8,100,False,-230.55406437
t0_benzene,hf,ensemble,3e-08,9,100,False,-230.55406437
t0_benzene,hf,histqn,0e+00,1,23,True,-230.55406437
t0_benzene,hf,histqn,1e-07,1,100,False,-230.55406437
t0_benzene,hf,histqn,1e-07,10,100,False,-230.29928867
t0_benzene,hf,histqn,1e-07,11,100,False,-230.55406437
t0_benzene,hf,histqn,1e-07,12,100,False,-230.55406437
t0_benzene,hf,histqn,1e-07,13,100,False,-230.55406437
t0_benzene,hf,histqn,1e-07,14,100,False,-230.55406437
t0_benzene,hf,histqn,1e-07,15,100,False,-230.55406437
t0_benzene,hf,histqn,1e-07,16,100,False,-230.55406437
t0_benzene,hf,histqn,1e-07,17,100,False,-230.55406437
t0_benzene,hf,histqn,1e-07,18,100,False,-230.55406437
t0_benzene,hf,histqn,1e-07,19,100,False,-230.55406437
t0_benzene,hf,histqn,1e-07,2,100,False,-230.55406437
t0_benzene,hf,histqn,1e-07,20,100,False,-230.55406437
t0_benzene,hf,histqn,1e-07,21,100,False,-230.55406437
t0_benzene,hf,histqn,1e-07,22,100,False,-230.55406437
t0_benzene,hf,histqn,1e-07,23,100,False,-230.55406437
t0_benzene,hf,histqn,1e-07,24,100,False,-230.55406437
t0_benzene,hf,histqn,1e-07,25,100,False,-230.55406437
t0_benzene,hf,histqn,1e-07,26,100,False,-230.55406437
t0_benzene,hf,histqn,1e-07,27,100,False,-230.55406437
t0_benzene,hf,histqn,1e-07,28,100,False,-230.55406437
t0_benzene,hf,histqn,1e-07,29,100,False,-230.55406437
t0_benzene,hf,histqn,1e-07,3,100,False,-230.55406437
t0_benzene,hf,histqn,1e-07,30,100,False,-230.55406437
t0_benzene,hf,histqn,1e-07,4,100,False,-230.55406434
t0_benzene,hf,histqn,1e-07,5,100,False,-230.55406437
t0_benzene,hf,histqn,1e-07,6,100,False,-230.55406437
t0_benzene,hf,histqn,1e-07,7,100,False,-230.55406437
t0_benzene,hf,histqn,1e-07,8,100,False,-230.55405629
t0_benzene,hf,histqn,1e-07,9,100,False,-230.55406437
t0_benzene,hf,histqn,1e-08,1,26,True,-230.55406437
t0_benzene,hf,histqn,1e-08,10,25,True,-230.55406437
t0_benzene,hf,histqn,1e-08,11,25,True,-230.55406437
t0_benzene,hf,histqn,1e-08,12,24,True,-230.55406437
t0_benzene,hf,histqn,1e-08,13,25,True,-230.55406437
t0_benzene,hf,histqn,1e-08,14,25,True,-230.55406437
t0_benzene,hf,histqn,1e-08,15,26,True,-230.55406437
t0_benzene,hf,histqn,1e-08,16,25,True,-230.55406437
t0_benzene,hf,histqn,1e-08,17,24,True,-230.55406437
t0_benzene,hf,histqn,1e-08,18,26,True,-230.55406437
t0_benzene,hf,histqn,1e-08,19,25,True,-230.55406437
t0_benzene,hf,histqn,1e-08,2,25,True,-230.55406437
t0_benzene,hf,histqn,1e-08,20,25,True,-230.55406437
t0_benzene,hf,histqn,1e-08,21,23,True,-230.55406437
t0_benzene,hf,histqn,1e-08,22,25,True,-230.55406437
t0_benzene,hf,histqn,1e-08,23,23,True,-230.55406437
t0_benzene,hf,histqn,1e-08,24,25,True,-230.55406437
t0_benzene,hf,histqn,1e-08,25,26,True,-230.55406437
t0_benzene,hf,histqn,1e-08,26,25,True,-230.55406437
t0_benzene,hf,histqn,1e-08,27,24,True,-230.55406437
t0_benzene,hf,histqn,1e-08,28,25,True,-230.55406437
t0_benzene,hf,histqn,1e-08,29,25,True,-230.55406437
t0_benzene,hf,histqn,1e-08,3,24,True,-230.55406437
t0_benzene,hf,histqn,1e-08,30,25,True,-230.55406437
t0_benzene,hf,histqn,1e-08,4,23,True,-230.55406437
t0_benzene,hf,histqn,1e-08,5,24,True,-230.55406437
t0_benzene,hf,histqn,1e-08,6,24,True,-230.55406437
t0_benzene,hf,histqn,1e-08,7,25,True,-230.55406437
t0_benzene,hf,histqn,1e-08,8,24,True,-230.55406437
t0_benzene,hf,histqn,1e-08,9,25,True,-230.55406437
t0_benzene,hf,histqn,1e-09,1,23,True,-230.55406437
t0_benzene,hf,histqn,1e-09,10,23,True,-230.55406437
t0_benzene,hf,histqn,1e-09,11,23,True,-230.55406437
t0_benzene,hf,histqn,1e-09,12,23,True,-230.55406437
t0_benzene,hf,histqn,1e-09,13,23,True,-230.55406437
t0_benzene,hf,histqn,1e-09,14,23,True,-230.55406437
t0_benzene,hf,histqn,1e-09,15,23,True,-230.55406437
t0_benzene,hf,histqn,1e-09,16,23,True,-230.55406437
t0_benzene,hf,histqn,1e-09,17,23,True,-230.55406437
t0_benzene,hf,histqn,1e-09,18,23,True,-230.55406437
t0_benzene,hf,histqn,1e-09,19,23,True,-230.55406437
t0_benzene,hf,histqn,1e-09,2,23,True,-230.55406437
t0_benzene,hf,histqn,1e-09,20,23,True,-230.55406437
t0_benzene,hf,histqn,1e-09,21,23,True,-230.55406437
t0_benzene,hf,histqn,1e-09,22,23,True,-230.55406437
t0_benzene,hf,histqn,1e-09,23,23,True,-230.55406437
t0_benzene,hf,histqn,1e-09,24,23,True,-230.55406437
t0_benzene,hf,histqn,1e-09,25,23,True,-230.55406437
t0_benzene,hf,histqn,1e-09,26,23,True,-230.55406437
t0_benzene,hf,histqn,1e-09,27,23,True,-230.55406437
t0_benzene,hf,histqn,1e-09,28,23,True,-230.55406437
t0_benzene,hf,histqn,1e-09,29,23,True,-230.55406437
t0_benzene,hf,histqn,1e-09,3,23,True,-230.55406437
t0_benzene,hf,histqn,1e-09,30,23,True,-230.55406437
t0_benzene,hf,histqn,1e-09,4,23,True,-230.55406437
t0_benzene,hf,histqn,1e-09,5,23,True,-230.55406437
t0_benzene,hf,histqn,1e-09,6,23,True,-230.55406437
t0_benzene,hf,histqn,1e-09,7,23,True,-230.55406437
t0_benzene,hf,histqn,1e-09,8,23,True,-230.55406437
t0_benzene,hf,histqn,1e-09,9,23,True,-230.55406437
t0_benzene,hf,histqn,3e-08,1,100,False,-230.55406437
t0_benzene,hf,histqn,3e-08,10,100,False,-230.55406437
t0_benzene,hf,histqn,3e-08,11,100,False,-230.55406437
t0_benzene,hf,histqn,3e-08,12,100,False,-230.55406437
t0_benzene,hf,histqn,3e-08,13,100,False,-230.55406437
t0_benzene,hf,histqn,3e-08,14,100,False,-230.55406437
t0_benzene,hf,histqn,3e-08,15,100,False,-230.55406437
t0_benzene,hf,histqn,3e-08,16,100,False,-230.55406437
t0_benzene,hf,histqn,3e-08,17,100,False,-230.55406437
t0_benzene,hf,histqn,3e-08,18,100,False,-230.55406437
t0_benzene,hf,histqn,3e-08,19,100,False,-230.55406437
t0_benzene,hf,histqn,3e-08,2,100,False,-230.55406437
t0_benzene,hf,histqn,3e-08,20,100,False,-230.55406437
t0_benzene,hf,histqn,3e-08,21,100,False,-230.55406437
t0_benzene,hf,histqn,3e-08,22,100,False,-230.55406437
t0_benzene,hf,histqn,3e-08,23,100,False,-230.55406437
t0_benzene,hf,histqn,3e-08,24,100,False,-230.55406437
t0_benzene,hf,histqn,3e-08,25,100,False,-230.55406437
t0_benzene,hf,histqn,3e-08,26,100,False,-230.55406437
t0_benzene,hf,histqn,3e-08,27,100,False,-230.55406437
t0_benzene,hf,histqn,3e-08,28,100,False,-230.55406437
t0_benzene,hf,histqn,3e-08,29,100,False,-230.55406437
t0_benzene,hf,histqn,3e-08,3,100,False,-230.55406437
t0_benzene,hf,histqn,3e-08,30,100,False,-230.55406437
t0_benzene,hf,histqn,3e-08,4,100,False,-230.55406437
t0_benzene,hf,histqn,3e-08,5,100,False,-230.55406437
t0_benzene,hf,histqn,3e-08,6,100,False,-230.55406437
t0_benzene,hf,histqn,3e-08,7,100,False,-230.55406437
t0_benzene,hf,histqn,3e-08,8,100,False,-230.55406437
t0_benzene,hf,histqn,3e-08,9,100,False,-230.55406437
t0_benzene,hf,soscf,0e+00,1,23,True,-230.55406437
t0_benzene,hf,soscf,1e-07,1,100,False,-230.55406437
t0_benzene,hf,soscf,1e-07,10,100,False,-230.55406437
t0_benzene,hf,soscf,1e-07,11,100,False,-230.55406437
t0_benzene,hf,soscf,1e-07,12,100,False,-230.55406437
t0_benzene,hf,soscf,1e-07,13,100,False,-230.55406437
t0_benzene,hf,soscf,1e-07,14,100,False,-230.55406437
t0_benzene,hf,soscf,1e-07,15,100,False,-230.55406437
t0_benzene,hf,soscf,1e-07,16,100,False,-230.55406437
t0_benzene,hf,soscf,1e-07,17,100,False,-230.55406437
t0_benzene,hf,soscf,1e-07,18,100,False,-230.55406437
t0_benzene,hf,soscf,1e-07,19,100,False,-230.55406437
t0_benzene,hf,soscf,1e-07,2,100,False,-230.55406437
t0_benzene,hf,soscf,1e-07,20,100,False,-230.55406437
t0_benzene,hf,soscf,1e-07,21,100,False,-230.55406437
t0_benzene,hf,soscf,1e-07,22,100,False,-230.55406437
t0_benzene,hf,soscf,1e-07,23,100,False,-230.55406437
t0_benzene,hf,soscf,1e-07,24,100,False,-230.55406437
t0_benzene,hf,soscf,1e-07,25,100,False,-230.55406437
t0_benzene,hf,soscf,1e-07,26,100,False,-230.55406437
t0_benzene,hf,soscf,1e-07,27,100,False,-230.55406437
t0_benzene,hf,soscf,1e-07,28,100,False,-230.55406437
t0_benzene,hf,soscf,1e-07,29,100,False,-230.55406437
t0_benzene,hf,soscf,1e-07,3,100,False,-230.55406437
t0_benzene,hf,soscf,1e-07,30,100,False,-230.55406437
t0_benzene,hf,soscf,1e-07,4,100,False,-230.55406437
t0_benzene,hf,soscf,1e-07,5,100,False,-230.55406437
t0_benzene,hf,soscf,1e-07,6,100,False,-230.55406437
t0_benzene,hf,soscf,1e-07,7,100,False,-230.55406437
t0_benzene,hf,soscf,1e-07,8,100,False,-230.55406437
t0_benzene,hf,soscf,1e-07,9,100,False,-230.55406437
t0_benzene,hf,soscf,1e-08,1,26,True,-230.55406437
t0_benzene,hf,soscf,1e-08,10,30,True,-230.55406437
t0_benzene,hf,soscf,1e-08,11,26,True,-230.55406437
t0_benzene,hf,soscf,1e-08,12,38,True,-230.55406437
t0_benzene,hf,soscf,1e-08,13,35,True,-230.55406437
t0_benzene,hf,soscf,1e-08,14,22,True,-230.55406437
t0_benzene,hf,soscf,1e-08,15,26,True,-230.55406437
t0_benzene,hf,soscf,1e-08,16,19,True,-230.55406437
t0_benzene,hf,soscf,1e-08,17,31,True,-230.55406437
t0_benzene,hf,soscf,1e-08,18,21,True,-230.55406437
t0_benzene,hf,soscf,1e-08,19,24,True,-230.55406437
t0_benzene,hf,soscf,1e-08,2,50,True,-230.55406437
t0_benzene,hf,soscf,1e-08,20,21,True,-230.55406437
t0_benzene,hf,soscf,1e-08,21,35,True,-230.55406437
t0_benzene,hf,soscf,1e-08,22,29,True,-230.55406437
t0_benzene,hf,soscf,1e-08,23,23,True,-230.55406437
t0_benzene,hf,soscf,1e-08,24,25,True,-230.55406437
t0_benzene,hf,soscf,1e-08,25,27,True,-230.55406437
t0_benzene,hf,soscf,1e-08,26,27,True,-230.55406437
t0_benzene,hf,soscf,1e-08,27,31,True,-230.55406437
t0_benzene,hf,soscf,1e-08,28,37,True,-230.55406437
t0_benzene,hf,soscf,1e-08,29,34,True,-230.55406437
t0_benzene,hf,soscf,1e-08,3,29,True,-230.55406437
t0_benzene,hf,soscf,1e-08,30,38,True,-230.55406437
t0_benzene,hf,soscf,1e-08,4,21,True,-230.55406437
t0_benzene,hf,soscf,1e-08,5,26,True,-230.55406437
t0_benzene,hf,soscf,1e-08,6,33,True,-230.55406437
t0_benzene,hf,soscf,1e-08,7,35,True,-230.55406437
t0_benzene,hf,soscf,1e-08,8,22,True,-230.55406437
t0_benzene,hf,soscf,1e-08,9,31,True,-230.55406437
t0_benzene,hf,soscf,1e-09,1,48,True,-230.55406437
t0_benzene,hf,soscf,1e-09,10,28,True,-230.55406437
t0_benzene,hf,soscf,1e-09,11,21,True,-230.55406437
t0_benzene,hf,soscf,1e-09,12,32,True,-230.55406437
t0_benzene,hf,soscf,1e-09,13,28,True,-230.55406437
t0_benzene,hf,soscf,1e-09,14,35,True,-230.55406437
t0_benzene,hf,soscf,1e-09,15,37,True,-230.55406437
t0_benzene,hf,soscf,1e-09,16,35,True,-230.55406437
t0_benzene,hf,soscf,1e-09,17,30,True,-230.55406437
t0_benzene,hf,soscf,1e-09,18,32,True,-230.55406437
t0_benzene,hf,soscf,1e-09,19,38,True,-230.55406437
t0_benzene,hf,soscf,1e-09,2,33,True,-230.55406437
t0_benzene,hf,soscf,1e-09,20,27,True,-230.55406437
t0_benzene,hf,soscf,1e-09,21,26,True,-230.55406437
t0_benzene,hf,soscf,1e-09,22,30,True,-230.55406437
t0_benzene,hf,soscf,1e-09,23,23,True,-230.55406437
t0_benzene,hf,soscf,1e-09,24,23,True,-230.55406437
t0_benzene,hf,soscf,1e-09,25,39,True,-230.55406437
t0_benzene,hf,soscf,1e-09,26,20,True,-230.55406437
t0_benzene,hf,soscf,1e-09,27,22,True,-230.55406437
t0_benzene,hf,soscf,1e-09,28,23,True,-230.55406437
t0_benzene,hf,soscf,1e-09,29,33,True,-230.55406437
t0_benzene,hf,soscf,1e-09,3,32,True,-230.55406437
t0_benzene,hf,soscf,1e-09,30,26,True,-230.55406437
t0_benzene,hf,soscf,1e-09,4,37,True,-230.55406437
t0_benzene,hf,soscf,1e-09,5,54,True,-230.55406437
t0_benzene,hf,soscf,1e-09,6,35,True,-230.55406437
t0_benzene,hf,soscf,1e-09,7,35,True,-230.55406437
t0_benzene,hf,soscf,1e-09,8,29,True,-230.55406437
t0_benzene,hf,soscf,1e-09,9,23,True,-230.55406437
t0_benzene,hf,soscf,3e-08,1,100,False,-230.55406437
t0_benzene,hf,soscf,3e-08,10,100,False,-230.55406437
t0_benzene,hf,soscf,3e-08,11,100,False,-230.55406437
t0_benzene,hf,soscf,3e-08,12,100,False,-230.55406437
t0_benzene,hf,soscf,3e-08,13,100,False,-230.55406437
t0_benzene,hf,soscf,3e-08,14,100,False,-230.55406437
t0_benzene,hf,soscf,3e-08,15,100,False,-230.55406437
t0_benzene,hf,soscf,3e-08,16,100,False,-230.55406437
t0_benzene,hf,soscf,3e-08,17,100,False,-230.55406437
t0_benzene,hf,soscf,3e-08,18,100,False,-230.55406437
t0_benzene,hf,soscf,3e-08,19,100,False,-230.55406437
t0_benzene,hf,soscf,3e-08,2,100,False,-230.55406437
t0_benzene,hf,soscf,3e-08,20,100,False,-230.55406437
t0_benzene,hf,soscf,3e-08,21,100,False,-230.55406437
t0_benzene,hf,soscf,3e-08,22,100,False,-230.55406437
t0_benzene,hf,soscf,3e-08,23,100,False,-230.55406437
t0_benzene,hf,soscf,3e-08,24,100,False,-230.55406437
t0_benzene,hf,soscf,3e-08,25,100,False,-230.55406437
t0_benzene,hf,soscf,3e-08,26,100,False,-230.55406437
t0_benzene,hf,soscf,3e-08,27,100,False,-230.55406437
t0_benzene,hf,soscf,3e-08,28,100,False,-230.55406437
t0_benzene,hf,soscf,3e-08,29,100,False,-230.55406437
t0_benzene,hf,soscf,3e-08,3,100,False,-230.55406437
t0_benzene,hf,soscf,3e-08,30,100,False,-230.55406437
t0_benzene,hf,soscf,3e-08,4,100,False,-230.55406437
t0_benzene,hf,soscf,3e-08,5,100,False,-230.55406437
t0_benzene,hf,soscf,3e-08,6,100,False,-230.55406437
t0_benzene,hf,soscf,3e-08,7,100,False,-230.55406437
t0_benzene,hf,soscf,3e-08,8,100,False,-230.55406437
t0_benzene,hf,soscf,3e-08,9,100,False,-230.55406437
t0_benzene,hf,switch,0e+00,1,11,True,-230.55406437
t0_benzene,hf,switch,1e-07,1,100,False,-230.55406437
t0_benzene,hf,switch,1e-07,10,100,False,-230.55406437
t0_benzene,hf,switch,1e-07,11,100,False,-230.55406437
t0_benzene,hf,switch,1e-07,12,100,False,-230.55406437
t0_benzene,hf,switch,1e-07,13,100,False,-230.55406437
t0_benzene,hf,switch,1e-07,14,100,False,-230.55406437
t0_benzene,hf,switch,1e-07,15,100,False,-230.55406437
t0_benzene,hf,switch,1e-07,16,100,False,-230.55406437
t0_benzene,hf,switch,1e-07,17,100,False,-230.55406437
t0_benzene,hf,switch,1e-07,18,100,False,-230.55406437
t0_benzene,hf,switch,1e-07,19,100,False,-230.55406437
t0_benzene,hf,switch,1e-07,2,100,False,-230.55406437
t0_benzene,hf,switch,1e-07,20,100,False,-230.55406437
t0_benzene,hf,switch,1e-07,21,100,False,-230.55406437
t0_benzene,hf,switch,1e-07,22,100,False,-230.55406437
t0_benzene,hf,switch,1e-07,23,100,False,-230.55406437
t0_benzene,hf,switch,1e-07,24,100,False,-230.55406437
t0_benzene,hf,switch,1e-07,25,100,False,-230.55406437
t0_benzene,hf,switch,1e-07,26,100,False,-230.55406437
t0_benzene,hf,switch,1e-07,27,100,False,-230.55406437
t0_benzene,hf,switch,1e-07,28,100,False,-230.55406437
t0_benzene,hf,switch,1e-07,29,100,False,-230.55406437
t0_benzene,hf,switch,1e-07,3,100,False,-230.55406437
t0_benzene,hf,switch,1e-07,30,100,False,-230.55406437
t0_benzene,hf,switch,1e-07,4,100,False,-230.55406437
t0_benzene,hf,switch,1e-07,5,100,False,-230.55406437
t0_benzene,hf,switch,1e-07,6,100,False,-230.55406437
t0_benzene,hf,switch,1e-07,7,100,False,-230.55406437
t0_benzene,hf,switch,1e-07,8,100,False,-230.55406437
t0_benzene,hf,switch,1e-07,9,100,False,-230.55406437
t0_benzene,hf,switch,1e-08,1,11,True,-230.55406437
t0_benzene,hf,switch,1e-08,10,11,True,-230.55406437
t0_benzene,hf,switch,1e-08,11,11,True,-230.55406437
t0_benzene,hf,switch,1e-08,12,11,True,-230.55406437
t0_benzene,hf,switch,1e-08,13,11,True,-230.55406437
t0_benzene,hf,switch,1e-08,14,11,True,-230.55406437
t0_benzene,hf,switch,1e-08,15,11,True,-230.55406437
t0_benzene,hf,switch,1e-08,16,11,True,-230.55406437
t0_benzene,hf,switch,1e-08,17,11,True,-230.55406437
t0_benzene,hf,switch,1e-08,18,11,True,-230.55406437
t0_benzene,hf,switch,1e-08,19,11,True,-230.55406437
t0_benzene,hf,switch,1e-08,2,11,True,-230.55406437
t0_benzene,hf,switch,1e-08,20,11,True,-230.55406437
t0_benzene,hf,switch,1e-08,21,11,True,-230.55406437
t0_benzene,hf,switch,1e-08,22,11,True,-230.55406437
t0_benzene,hf,switch,1e-08,23,11,True,-230.55406437
t0_benzene,hf,switch,1e-08,24,11,True,-230.55406437
t0_benzene,hf,switch,1e-08,25,11,True,-230.55406437
t0_benzene,hf,switch,1e-08,26,11,True,-230.55406437
t0_benzene,hf,switch,1e-08,27,11,True,-230.55406437
t0_benzene,hf,switch,1e-08,28,11,True,-230.55406437
t0_benzene,hf,switch,1e-08,29,11,True,-230.55406437
t0_benzene,hf,switch,1e-08,3,11,True,-230.55406437
t0_benzene,hf,switch,1e-08,30,11,True,-230.55406437
t0_benzene,hf,switch,1e-08,4,11,True,-230.55406437
t0_benzene,hf,switch,1e-08,5,11,True,-230.55406437
t0_benzene,hf,switch,1e-08,6,11,True,-230.55406437
t0_benzene,hf,switch,1e-08,7,11,True,-230.55406437
t0_benzene,hf,switch,1e-08,8,11,True,-230.55406437
t0_benzene,hf,switch,1e-08,9,11,True,-230.55406437
t0_benzene,hf,switch,1e-09,1,11,True,-230.55406437
t0_benzene,hf,switch,1e-09,10,11,True,-230.55406437
t0_benzene,hf,switch,1e-09,11,11,True,-230.55406437
t0_benzene,hf,switch,1e-09,12,11,True,-230.55406437
t0_benzene,hf,switch,1e-09,13,11,True,-230.55406437
t0_benzene,hf,switch,1e-09,14,11,True,-230.55406437
t0_benzene,hf,switch,1e-09,15,11,True,-230.55406437
t0_benzene,hf,switch,1e-09,16,11,True,-230.55406437
t0_benzene,hf,switch,1e-09,17,11,True,-230.55406437
t0_benzene,hf,switch,1e-09,18,11,True,-230.55406437
t0_benzene,hf,switch,1e-09,19,11,True,-230.55406437
t0_benzene,hf,switch,1e-09,2,11,True,-230.55406437
t0_benzene,hf,switch,1e-09,20,11,True,-230.55406437
t0_benzene,hf,switch,1e-09,21,11,True,-230.55406437
t0_benzene,hf,switch,1e-09,22,11,True,-230.55406437
t0_benzene,hf,switch,1e-09,23,11,True,-230.55406437
t0_benzene,hf,switch,1e-09,24,11,True,-230.55406437
t0_benzene,hf,switch,1e-09,25,11,True,-230.55406437
t0_benzene,hf,switch,1e-09,26,11,True,-230.55406437
t0_benzene,hf,switch,1e-09,27,11,True,-230.55406437
t0_benzene,hf,switch,1e-09,28,11,True,-230.55406437
t0_benzene,hf,switch,1e-09,29,11,True,-230.55406437
t0_benzene,hf,switch,1e-09,3,11,True,-230.55406437
t0_benzene,hf,switch,1e-09,30,11,True,-230.55406437
t0_benzene,hf,switch,1e-09,4,11,True,-230.55406437
t0_benzene,hf,switch,1e-09,5,11,True,-230.55406437
t0_benzene,hf,switch,1e-09,6,11,True,-230.55406437
t0_benzene,hf,switch,1e-09,7,11,True,-230.55406437
t0_benzene,hf,switch,1e-09,8,11,True,-230.55406437
t0_benzene,hf,switch,1e-09,9,11,True,-230.55406437
t0_benzene,hf,switch,3e-08,1,100,False,-230.55406437
t0_benzene,hf,switch,3e-08,10,100,False,-230.55406437
t0_benzene,hf,switch,3e-08,11,100,False,-230.55406437
t0_benzene,hf,switch,3e-08,12,100,False,-230.55406437
t0_benzene,hf,switch,3e-08,13,100,False,-230.55406437
t0_benzene,hf,switch,3e-08,14,100,False,-230.55406437
t0_benzene,hf,switch,3e-08,15,100,False,-230.55406437
t0_benzene,hf,switch,3e-08,16,100,False,-230.55406437
t0_benzene,hf,switch,3e-08,17,100,False,-230.55406437
t0_benzene,hf,switch,3e-08,18,100,False,-230.55406437
t0_benzene,hf,switch,3e-08,19,100,False,-230.55406437
t0_benzene,hf,switch,3e-08,2,100,False,-230.55406437
t0_benzene,hf,switch,3e-08,20,100,False,-230.55406437
t0_benzene,hf,switch,3e-08,21,100,False,-230.55406437
t0_benzene,hf,switch,3e-08,22,100,False,-230.55406437
t0_benzene,hf,switch,3e-08,23,100,False,-230.55406437
t0_benzene,hf,switch,3e-08,24,100,False,-230.55406437
t0_benzene,hf,switch,3e-08,25,100,False,-230.55406437
t0_benzene,hf,switch,3e-08,26,100,False,-230.55406437
t0_benzene,hf,switch,3e-08,27,100,False,-230.55406437
t0_benzene,hf,switch,3e-08,28,100,False,-230.55406437
t0_benzene,hf,switch,3e-08,29,100,False,-230.55406437
t0_benzene,hf,switch,3e-08,3,100,False,-230.55406437
t0_benzene,hf,switch,3e-08,30,100,False,-230.55406437
t0_benzene,hf,switch,3e-08,4,100,False,-230.55406437
t0_benzene,hf,switch,3e-08,5,100,False,-230.55406437
t0_benzene,hf,switch,3e-08,6,100,False,-230.55406437
t0_benzene,hf,switch,3e-08,7,100,False,-230.55406437
t0_benzene,hf,switch,3e-08,8,100,False,-230.55406437
t0_benzene,hf,switch,3e-08,9,100,False,-230.55406437
t0_ch4,b3lyp5,diis,0e+00,1,10,True,-40.45245200
t0_ch4,b3lyp5,diis,1e-07,1,100,False,-40.45245200
t0_ch4,b3lyp5,diis,1e-07,10,100,False,-40.45245200
t0_ch4,b3lyp5,diis,1e-07,11,100,False,-40.45245200
t0_ch4,b3lyp5,diis,1e-07,12,100,False,-40.45245200
t0_ch4,b3lyp5,diis,1e-07,13,100,False,-40.45245200
t0_ch4,b3lyp5,diis,1e-07,14,100,False,-40.45245200
t0_ch4,b3lyp5,diis,1e-07,15,100,False,-40.45245200
t0_ch4,b3lyp5,diis,1e-07,16,100,False,-40.45245200
t0_ch4,b3lyp5,diis,1e-07,17,100,False,-40.45245200
t0_ch4,b3lyp5,diis,1e-07,18,100,False,-40.45245200
t0_ch4,b3lyp5,diis,1e-07,19,100,False,-40.45245200
t0_ch4,b3lyp5,diis,1e-07,2,100,False,-40.45245200
t0_ch4,b3lyp5,diis,1e-07,20,100,False,-40.45245200
t0_ch4,b3lyp5,diis,1e-07,21,100,False,-40.45245200
t0_ch4,b3lyp5,diis,1e-07,22,100,False,-40.45245200
t0_ch4,b3lyp5,diis,1e-07,23,100,False,-40.45245200
t0_ch4,b3lyp5,diis,1e-07,24,100,False,-40.45245200
t0_ch4,b3lyp5,diis,1e-07,25,100,False,-40.45245200
t0_ch4,b3lyp5,diis,1e-07,26,100,False,-40.45245200
t0_ch4,b3lyp5,diis,1e-07,27,100,False,-40.45245200
t0_ch4,b3lyp5,diis,1e-07,28,100,False,-40.45245200
t0_ch4,b3lyp5,diis,1e-07,29,100,False,-40.45245200
t0_ch4,b3lyp5,diis,1e-07,3,100,False,-40.45245200
t0_ch4,b3lyp5,diis,1e-07,30,100,False,-40.45245200
t0_ch4,b3lyp5,diis,1e-07,4,100,False,-40.45245200
t0_ch4,b3lyp5,diis,1e-07,5,100,False,-40.45245200
t0_ch4,b3lyp5,diis,1e-07,6,100,False,-40.45245200
t0_ch4,b3lyp5,diis,1e-07,7,100,False,-40.45245200
t0_ch4,b3lyp5,diis,1e-07,8,100,False,-40.45245200
t0_ch4,b3lyp5,diis,1e-07,9,100,False,-40.45245200
t0_ch4,b3lyp5,diis,1e-08,1,10,True,-40.45245200
t0_ch4,b3lyp5,diis,1e-08,10,10,True,-40.45245200
t0_ch4,b3lyp5,diis,1e-08,11,10,True,-40.45245200
t0_ch4,b3lyp5,diis,1e-08,12,10,True,-40.45245200
t0_ch4,b3lyp5,diis,1e-08,13,10,True,-40.45245200
t0_ch4,b3lyp5,diis,1e-08,14,10,True,-40.45245200
t0_ch4,b3lyp5,diis,1e-08,15,10,True,-40.45245200
t0_ch4,b3lyp5,diis,1e-08,16,10,True,-40.45245200
t0_ch4,b3lyp5,diis,1e-08,17,10,True,-40.45245200
t0_ch4,b3lyp5,diis,1e-08,18,10,True,-40.45245200
t0_ch4,b3lyp5,diis,1e-08,19,10,True,-40.45245200
t0_ch4,b3lyp5,diis,1e-08,2,10,True,-40.45245200
t0_ch4,b3lyp5,diis,1e-08,20,10,True,-40.45245200
t0_ch4,b3lyp5,diis,1e-08,21,10,True,-40.45245200
t0_ch4,b3lyp5,diis,1e-08,22,10,True,-40.45245200
t0_ch4,b3lyp5,diis,1e-08,23,10,True,-40.45245200
t0_ch4,b3lyp5,diis,1e-08,24,10,True,-40.45245200
t0_ch4,b3lyp5,diis,1e-08,25,10,True,-40.45245200
t0_ch4,b3lyp5,diis,1e-08,26,10,True,-40.45245200
t0_ch4,b3lyp5,diis,1e-08,27,10,True,-40.45245200
t0_ch4,b3lyp5,diis,1e-08,28,10,True,-40.45245200
t0_ch4,b3lyp5,diis,1e-08,29,10,True,-40.45245200
t0_ch4,b3lyp5,diis,1e-08,3,10,True,-40.45245200
t0_ch4,b3lyp5,diis,1e-08,30,10,True,-40.45245200
t0_ch4,b3lyp5,diis,1e-08,4,10,True,-40.45245200
t0_ch4,b3lyp5,diis,1e-08,5,10,True,-40.45245200
t0_ch4,b3lyp5,diis,1e-08,6,10,True,-40.45245200
t0_ch4,b3lyp5,diis,1e-08,7,10,True,-40.45245200
t0_ch4,b3lyp5,diis,1e-08,8,10,True,-40.45245200
t0_ch4,b3lyp5,diis,1e-08,9,10,True,-40.45245200
t0_ch4,b3lyp5,diis,1e-09,1,10,True,-40.45245200
t0_ch4,b3lyp5,diis,1e-09,10,10,True,-40.45245200
t0_ch4,b3lyp5,diis,1e-09,11,10,True,-40.45245200
t0_ch4,b3lyp5,diis,1e-09,12,10,True,-40.45245200
t0_ch4,b3lyp5,diis,1e-09,13,10,True,-40.45245200
t0_ch4,b3lyp5,diis,1e-09,14,10,True,-40.45245200
t0_ch4,b3lyp5,diis,1e-09,15,10,True,-40.45245200
t0_ch4,b3lyp5,diis,1e-09,16,10,True,-40.45245200
t0_ch4,b3lyp5,diis,1e-09,17,10,True,-40.45245200
t0_ch4,b3lyp5,diis,1e-09,18,10,True,-40.45245200
t0_ch4,b3lyp5,diis,1e-09,19,10,True,-40.45245200
t0_ch4,b3lyp5,diis,1e-09,2,10,True,-40.45245200
t0_ch4,b3lyp5,diis,1e-09,20,10,True,-40.45245200
t0_ch4,b3lyp5,diis,1e-09,21,10,True,-40.45245200
t0_ch4,b3lyp5,diis,1e-09,22,10,True,-40.45245200
t0_ch4,b3lyp5,diis,1e-09,23,10,True,-40.45245200
t0_ch4,b3lyp5,diis,1e-09,24,10,True,-40.45245200
t0_ch4,b3lyp5,diis,1e-09,25,10,True,-40.45245200
t0_ch4,b3lyp5,diis,1e-09,26,10,True,-40.45245200
t0_ch4,b3lyp5,diis,1e-09,27,10,True,-40.45245200
t0_ch4,b3lyp5,diis,1e-09,28,10,True,-40.45245200
t0_ch4,b3lyp5,diis,1e-09,29,10,True,-40.45245200
t0_ch4,b3lyp5,diis,1e-09,3,10,True,-40.45245200
t0_ch4,b3lyp5,diis,1e-09,30,10,True,-40.45245200
t0_ch4,b3lyp5,diis,1e-09,4,10,True,-40.45245200
t0_ch4,b3lyp5,diis,1e-09,5,10,True,-40.45245200
t0_ch4,b3lyp5,diis,1e-09,6,10,True,-40.45245200
t0_ch4,b3lyp5,diis,1e-09,7,10,True,-40.45245200
t0_ch4,b3lyp5,diis,1e-09,8,10,True,-40.45245200
t0_ch4,b3lyp5,diis,1e-09,9,10,True,-40.45245200
t0_ch4,b3lyp5,diis,3e-08,1,10,True,-40.45245200
t0_ch4,b3lyp5,diis,3e-08,10,10,True,-40.45245200
t0_ch4,b3lyp5,diis,3e-08,11,10,True,-40.45245200
t0_ch4,b3lyp5,diis,3e-08,12,10,True,-40.45245200
t0_ch4,b3lyp5,diis,3e-08,13,10,True,-40.45245200
t0_ch4,b3lyp5,diis,3e-08,14,10,True,-40.45245200
t0_ch4,b3lyp5,diis,3e-08,15,10,True,-40.45245200
t0_ch4,b3lyp5,diis,3e-08,16,10,True,-40.45245200
t0_ch4,b3lyp5,diis,3e-08,17,10,True,-40.45245200
t0_ch4,b3lyp5,diis,3e-08,18,10,True,-40.45245200
t0_ch4,b3lyp5,diis,3e-08,19,10,True,-40.45245200
t0_ch4,b3lyp5,diis,3e-08,2,10,True,-40.45245200
t0_ch4,b3lyp5,diis,3e-08,20,10,True,-40.45245200
t0_ch4,b3lyp5,diis,3e-08,21,10,True,-40.45245200
t0_ch4,b3lyp5,diis,3e-08,22,10,True,-40.45245200
t0_ch4,b3lyp5,diis,3e-08,23,10,True,-40.45245200
t0_ch4,b3lyp5,diis,3e-08,24,10,True,-40.45245200
t0_ch4,b3lyp5,diis,3e-08,25,10,True,-40.45245200
t0_ch4,b3lyp5,diis,3e-08,26,10,True,-40.45245200
t0_ch4,b3lyp5,diis,3e-08,27,10,True,-40.45245200
t0_ch4,b3lyp5,diis,3e-08,28,10,True,-40.45245200
t0_ch4,b3lyp5,diis,3e-08,29,10,True,-40.45245200
t0_ch4,b3lyp5,diis,3e-08,3,10,True,-40.45245200
t0_ch4,b3lyp5,diis,3e-08,30,10,True,-40.45245200
t0_ch4,b3lyp5,diis,3e-08,4,10,True,-40.45245200
t0_ch4,b3lyp5,diis,3e-08,5,10,True,-40.45245200
t0_ch4,b3lyp5,diis,3e-08,6,10,True,-40.45245200
t0_ch4,b3lyp5,diis,3e-08,7,10,True,-40.45245200
t0_ch4,b3lyp5,diis,3e-08,8,10,True,-40.45245200
t0_ch4,b3lyp5,diis,3e-08,9,10,True,-40.45245200
t0_ch4,b3lyp5,ensemble,0e+00,1,29,True,-40.45245200
t0_ch4,b3lyp5,ensemble,1e-07,1,100,False,-40.45245200
t0_ch4,b3lyp5,ensemble,1e-07,10,100,False,-40.45245200
t0_ch4,b3lyp5,ensemble,1e-07,11,100,False,-40.45245200
t0_ch4,b3lyp5,ensemble,1e-07,12,100,False,-40.45245200
t0_ch4,b3lyp5,ensemble,1e-07,13,100,False,-40.45245200
t0_ch4,b3lyp5,ensemble,1e-07,14,100,False,-40.45245200
t0_ch4,b3lyp5,ensemble,1e-07,15,100,False,-40.45245200
t0_ch4,b3lyp5,ensemble,1e-07,16,100,False,-40.45245200
t0_ch4,b3lyp5,ensemble,1e-07,17,100,False,-40.45245200
t0_ch4,b3lyp5,ensemble,1e-07,18,100,False,-40.45245200
t0_ch4,b3lyp5,ensemble,1e-07,19,100,False,-40.45245200
t0_ch4,b3lyp5,ensemble,1e-07,2,100,False,-40.45245200
t0_ch4,b3lyp5,ensemble,1e-07,20,100,False,-40.45245200
t0_ch4,b3lyp5,ensemble,1e-07,21,100,False,-40.45245200
t0_ch4,b3lyp5,ensemble,1e-07,22,100,False,-40.45245200
t0_ch4,b3lyp5,ensemble,1e-07,23,100,False,-40.45245200
t0_ch4,b3lyp5,ensemble,1e-07,24,100,False,-40.45245200
t0_ch4,b3lyp5,ensemble,1e-07,25,100,False,-40.45245200
t0_ch4,b3lyp5,ensemble,1e-07,26,100,False,-40.45245200
t0_ch4,b3lyp5,ensemble,1e-07,27,100,False,-40.45245200
t0_ch4,b3lyp5,ensemble,1e-07,28,100,False,-40.45245200
t0_ch4,b3lyp5,ensemble,1e-07,29,100,False,-40.45245200
t0_ch4,b3lyp5,ensemble,1e-07,3,100,False,-40.45245200
t0_ch4,b3lyp5,ensemble,1e-07,30,100,False,-40.45245200
t0_ch4,b3lyp5,ensemble,1e-07,4,100,False,-40.45245200
t0_ch4,b3lyp5,ensemble,1e-07,5,100,False,-40.45245200
t0_ch4,b3lyp5,ensemble,1e-07,6,100,False,-40.45245200
t0_ch4,b3lyp5,ensemble,1e-07,7,100,False,-40.45245200
t0_ch4,b3lyp5,ensemble,1e-07,8,100,False,-40.45245200
t0_ch4,b3lyp5,ensemble,1e-07,9,100,False,-40.45245200
t0_ch4,b3lyp5,ensemble,1e-08,1,18,True,-40.45245200
t0_ch4,b3lyp5,ensemble,1e-08,10,27,True,-40.45245200
t0_ch4,b3lyp5,ensemble,1e-08,11,65,True,-40.45245200
t0_ch4,b3lyp5,ensemble,1e-08,12,28,True,-40.45245200
t0_ch4,b3lyp5,ensemble,1e-08,13,61,True,-40.45245200
t0_ch4,b3lyp5,ensemble,1e-08,14,19,True,-40.45245200
t0_ch4,b3lyp5,ensemble,1e-08,15,21,True,-40.45245200
t0_ch4,b3lyp5,ensemble,1e-08,16,23,True,-40.45245200
t0_ch4,b3lyp5,ensemble,1e-08,17,22,True,-40.45245200
t0_ch4,b3lyp5,ensemble,1e-08,18,21,True,-40.45245200
t0_ch4,b3lyp5,ensemble,1e-08,19,17,True,-40.45245200
t0_ch4,b3lyp5,ensemble,1e-08,2,41,True,-40.45245200
t0_ch4,b3lyp5,ensemble,1e-08,20,22,True,-40.45245200
t0_ch4,b3lyp5,ensemble,1e-08,21,41,True,-40.45245200
t0_ch4,b3lyp5,ensemble,1e-08,22,23,True,-40.45245200
t0_ch4,b3lyp5,ensemble,1e-08,23,29,True,-40.45245200
t0_ch4,b3lyp5,ensemble,1e-08,24,46,True,-40.45245200
t0_ch4,b3lyp5,ensemble,1e-08,25,24,True,-40.45245200
t0_ch4,b3lyp5,ensemble,1e-08,26,23,True,-40.45245200
t0_ch4,b3lyp5,ensemble,1e-08,27,24,True,-40.45245200
t0_ch4,b3lyp5,ensemble,1e-08,28,24,True,-40.45245200
t0_ch4,b3lyp5,ensemble,1e-08,29,33,True,-40.45245200
t0_ch4,b3lyp5,ensemble,1e-08,3,20,True,-40.45245200
t0_ch4,b3lyp5,ensemble,1e-08,30,31,True,-40.45245200
t0_ch4,b3lyp5,ensemble,1e-08,4,27,True,-40.45245200
t0_ch4,b3lyp5,ensemble,1e-08,5,24,True,-40.45245200
t0_ch4,b3lyp5,ensemble,1e-08,6,25,True,-40.45245200
t0_ch4,b3lyp5,ensemble,1e-08,7,29,True,-40.45245200
t0_ch4,b3lyp5,ensemble,1e-08,8,28,True,-40.45245200
t0_ch4,b3lyp5,ensemble,1e-08,9,23,True,-40.45245200
t0_ch4,b3lyp5,ensemble,1e-09,1,28,True,-40.45245200
t0_ch4,b3lyp5,ensemble,1e-09,10,23,True,-40.45245200
t0_ch4,b3lyp5,ensemble,1e-09,11,30,True,-40.45245200
t0_ch4,b3lyp5,ensemble,1e-09,12,24,True,-40.45245200
t0_ch4,b3lyp5,ensemble,1e-09,13,31,True,-40.45245200
t0_ch4,b3lyp5,ensemble,1e-09,14,24,True,-40.45245200
t0_ch4,b3lyp5,ensemble,1e-09,15,25,True,-40.45245200
t0_ch4,b3lyp5,ensemble,1e-09,16,23,True,-40.45245200
t0_ch4,b3lyp5,ensemble,1e-09,17,22,True,-40.45245200
t0_ch4,b3lyp5,ensemble,1e-09,18,30,True,-40.45245200
t0_ch4,b3lyp5,ensemble,1e-09,19,21,True,-40.45245200
t0_ch4,b3lyp5,ensemble,1e-09,2,20,True,-40.45245200
t0_ch4,b3lyp5,ensemble,1e-09,20,21,True,-40.45245200
t0_ch4,b3lyp5,ensemble,1e-09,21,22,True,-40.45245200
t0_ch4,b3lyp5,ensemble,1e-09,22,22,True,-40.45245200
t0_ch4,b3lyp5,ensemble,1e-09,23,25,True,-40.45245200
t0_ch4,b3lyp5,ensemble,1e-09,24,26,True,-40.45245200
t0_ch4,b3lyp5,ensemble,1e-09,25,22,True,-40.45245200
t0_ch4,b3lyp5,ensemble,1e-09,26,23,True,-40.45245200
t0_ch4,b3lyp5,ensemble,1e-09,27,26,True,-40.45245200
t0_ch4,b3lyp5,ensemble,1e-09,28,20,True,-40.45245200
t0_ch4,b3lyp5,ensemble,1e-09,29,41,True,-40.45245200
t0_ch4,b3lyp5,ensemble,1e-09,3,20,True,-40.45245200
t0_ch4,b3lyp5,ensemble,1e-09,30,19,True,-40.45245200
t0_ch4,b3lyp5,ensemble,1e-09,4,22,True,-40.45245200
t0_ch4,b3lyp5,ensemble,1e-09,5,24,True,-40.45245200
t0_ch4,b3lyp5,ensemble,1e-09,6,18,True,-40.45245200
t0_ch4,b3lyp5,ensemble,1e-09,7,49,True,-40.45245200
t0_ch4,b3lyp5,ensemble,1e-09,8,25,True,-40.45245200
t0_ch4,b3lyp5,ensemble,1e-09,9,28,True,-40.45245200
t0_ch4,b3lyp5,ensemble,3e-08,1,18,True,-40.45245200
t0_ch4,b3lyp5,ensemble,3e-08,10,26,True,-40.45245200
t0_ch4,b3lyp5,ensemble,3e-08,11,31,True,-40.45245200
t0_ch4,b3lyp5,ensemble,3e-08,12,28,True,-40.45245200
t0_ch4,b3lyp5,ensemble,3e-08,13,22,True,-40.45245200
t0_ch4,b3lyp5,ensemble,3e-08,14,23,True,-40.45245200
t0_ch4,b3lyp5,ensemble,3e-08,15,20,True,-40.45245200
t0_ch4,b3lyp5,ensemble,3e-08,16,28,True,-40.45245200
t0_ch4,b3lyp5,ensemble,3e-08,17,22,True,-40.45245200
t0_ch4,b3lyp5,ensemble,3e-08,18,19,True,-40.45245200
t0_ch4,b3lyp5,ensemble,3e-08,19,17,True,-40.45245200
t0_ch4,b3lyp5,ensemble,3e-08,2,20,True,-40.45245200
t0_ch4,b3lyp5,ensemble,3e-08,20,22,True,-40.45245200
t0_ch4,b3lyp5,ensemble,3e-08,21,22,True,-40.45245200
t0_ch4,b3lyp5,ensemble,3e-08,22,22,True,-40.45245200
t0_ch4,b3lyp5,ensemble,3e-08,23,22,True,-40.45245200
t0_ch4,b3lyp5,ensemble,3e-08,24,23,True,-40.45245200
t0_ch4,b3lyp5,ensemble,3e-08,25,24,True,-40.45245200
t0_ch4,b3lyp5,ensemble,3e-08,26,23,True,-40.45245200
t0_ch4,b3lyp5,ensemble,3e-08,27,28,True,-40.45245200
t0_ch4,b3lyp5,ensemble,3e-08,28,26,True,-40.45245200
t0_ch4,b3lyp5,ensemble,3e-08,29,17,True,-40.45245200
t0_ch4,b3lyp5,ensemble,3e-08,3,25,True,-40.45245200
t0_ch4,b3lyp5,ensemble,3e-08,30,39,True,-40.45245200
t0_ch4,b3lyp5,ensemble,3e-08,4,27,True,-40.45245200
t0_ch4,b3lyp5,ensemble,3e-08,5,21,True,-40.45245200
t0_ch4,b3lyp5,ensemble,3e-08,6,25,True,-40.45245200
t0_ch4,b3lyp5,ensemble,3e-08,7,26,True,-40.45245200
t0_ch4,b3lyp5,ensemble,3e-08,8,24,True,-40.45245200
t0_ch4,b3lyp5,ensemble,3e-08,9,30,True,-40.45245200
t0_ch4,b3lyp5,histqn,0e+00,1,26,True,-40.45245200
t0_ch4,b3lyp5,histqn,1e-07,1,100,False,-40.45245200
t0_ch4,b3lyp5,histqn,1e-07,10,100,False,-40.45245200
t0_ch4,b3lyp5,histqn,1e-07,11,100,False,-40.45245200
t0_ch4,b3lyp5,histqn,1e-07,12,100,False,-40.45245200
t0_ch4,b3lyp5,histqn,1e-07,13,100,False,-40.45245200
t0_ch4,b3lyp5,histqn,1e-07,14,100,False,-40.45245200
t0_ch4,b3lyp5,histqn,1e-07,15,100,False,-40.45245200
t0_ch4,b3lyp5,histqn,1e-07,16,100,False,-40.45245200
t0_ch4,b3lyp5,histqn,1e-07,17,100,False,-40.45245200
t0_ch4,b3lyp5,histqn,1e-07,18,100,False,-40.45245200
t0_ch4,b3lyp5,histqn,1e-07,19,100,False,-40.45245200
t0_ch4,b3lyp5,histqn,1e-07,2,100,False,-40.45245200
t0_ch4,b3lyp5,histqn,1e-07,20,100,False,-40.45245200
t0_ch4,b3lyp5,histqn,1e-07,21,100,False,-40.45245200
t0_ch4,b3lyp5,histqn,1e-07,22,100,False,-40.45245200
t0_ch4,b3lyp5,histqn,1e-07,23,100,False,-40.45245200
t0_ch4,b3lyp5,histqn,1e-07,24,100,False,-39.57340431
t0_ch4,b3lyp5,histqn,1e-07,25,100,False,-40.45245200
t0_ch4,b3lyp5,histqn,1e-07,26,100,False,-40.45245200
t0_ch4,b3lyp5,histqn,1e-07,27,100,False,-40.45245200
t0_ch4,b3lyp5,histqn,1e-07,28,100,False,-40.45245200
t0_ch4,b3lyp5,histqn,1e-07,29,100,False,-40.45245200
t0_ch4,b3lyp5,histqn,1e-07,3,100,False,-40.45245200
t0_ch4,b3lyp5,histqn,1e-07,30,100,False,-40.45245200
t0_ch4,b3lyp5,histqn,1e-07,4,100,False,-40.45245200
t0_ch4,b3lyp5,histqn,1e-07,5,100,False,-40.45245200
t0_ch4,b3lyp5,histqn,1e-07,6,100,False,-40.45245200
t0_ch4,b3lyp5,histqn,1e-07,7,100,False,-40.45245200
t0_ch4,b3lyp5,histqn,1e-07,8,100,False,-40.45245200
t0_ch4,b3lyp5,histqn,1e-07,9,100,False,-40.45245200
t0_ch4,b3lyp5,histqn,1e-08,1,26,True,-40.45245200
t0_ch4,b3lyp5,histqn,1e-08,10,26,True,-40.45245200
t0_ch4,b3lyp5,histqn,1e-08,11,26,True,-40.45245200
t0_ch4,b3lyp5,histqn,1e-08,12,26,True,-40.45245200
t0_ch4,b3lyp5,histqn,1e-08,13,26,True,-40.45245200
t0_ch4,b3lyp5,histqn,1e-08,14,26,True,-40.45245200
t0_ch4,b3lyp5,histqn,1e-08,15,26,True,-40.45245200
t0_ch4,b3lyp5,histqn,1e-08,16,26,True,-40.45245200
t0_ch4,b3lyp5,histqn,1e-08,17,26,True,-40.45245200
t0_ch4,b3lyp5,histqn,1e-08,18,26,True,-40.45245200
t0_ch4,b3lyp5,histqn,1e-08,19,26,True,-40.45245200
t0_ch4,b3lyp5,histqn,1e-08,2,25,True,-40.45245200
t0_ch4,b3lyp5,histqn,1e-08,20,26,True,-40.45245200
t0_ch4,b3lyp5,histqn,1e-08,21,26,True,-40.45245200
t0_ch4,b3lyp5,histqn,1e-08,22,25,True,-40.45245200
t0_ch4,b3lyp5,histqn,1e-08,23,26,True,-40.45245200
t0_ch4,b3lyp5,histqn,1e-08,24,25,True,-40.45245200
t0_ch4,b3lyp5,histqn,1e-08,25,26,True,-40.45245200
t0_ch4,b3lyp5,histqn,1e-08,26,25,True,-40.45245200
t0_ch4,b3lyp5,histqn,1e-08,27,26,True,-40.45245200
t0_ch4,b3lyp5,histqn,1e-08,28,26,True,-40.45245200
t0_ch4,b3lyp5,histqn,1e-08,29,26,True,-40.45245200
t0_ch4,b3lyp5,histqn,1e-08,3,26,True,-40.45245200
t0_ch4,b3lyp5,histqn,1e-08,30,26,True,-40.45245200
t0_ch4,b3lyp5,histqn,1e-08,4,26,True,-40.45245200
t0_ch4,b3lyp5,histqn,1e-08,5,26,True,-40.45245200
t0_ch4,b3lyp5,histqn,1e-08,6,26,True,-40.45245200
t0_ch4,b3lyp5,histqn,1e-08,7,26,True,-40.45245200
t0_ch4,b3lyp5,histqn,1e-08,8,26,True,-40.45245200
t0_ch4,b3lyp5,histqn,1e-08,9,26,True,-40.45245200
t0_ch4,b3lyp5,histqn,1e-09,1,26,True,-40.45245200
t0_ch4,b3lyp5,histqn,1e-09,10,26,True,-40.45245200
t0_ch4,b3lyp5,histqn,1e-09,11,26,True,-40.45245200
t0_ch4,b3lyp5,histqn,1e-09,12,26,True,-40.45245200
t0_ch4,b3lyp5,histqn,1e-09,13,26,True,-40.45245200
t0_ch4,b3lyp5,histqn,1e-09,14,26,True,-40.45245200
t0_ch4,b3lyp5,histqn,1e-09,15,26,True,-40.45245200
t0_ch4,b3lyp5,histqn,1e-09,16,26,True,-40.45245200
t0_ch4,b3lyp5,histqn,1e-09,17,26,True,-40.45245200
t0_ch4,b3lyp5,histqn,1e-09,18,26,True,-40.45245200
t0_ch4,b3lyp5,histqn,1e-09,19,26,True,-40.45245200
t0_ch4,b3lyp5,histqn,1e-09,2,26,True,-40.45245200
t0_ch4,b3lyp5,histqn,1e-09,20,26,True,-40.45245200
t0_ch4,b3lyp5,histqn,1e-09,21,26,True,-40.45245200
t0_ch4,b3lyp5,histqn,1e-09,22,26,True,-40.45245200
t0_ch4,b3lyp5,histqn,1e-09,23,26,True,-40.45245200
t0_ch4,b3lyp5,histqn,1e-09,24,26,True,-40.45245200
t0_ch4,b3lyp5,histqn,1e-09,25,26,True,-40.45245200
t0_ch4,b3lyp5,histqn,1e-09,26,26,True,-40.45245200
t0_ch4,b3lyp5,histqn,1e-09,27,26,True,-40.45245200
t0_ch4,b3lyp5,histqn,1e-09,28,26,True,-40.45245200
t0_ch4,b3lyp5,histqn,1e-09,29,26,True,-40.45245200
t0_ch4,b3lyp5,histqn,1e-09,3,26,True,-40.45245200
t0_ch4,b3lyp5,histqn,1e-09,30,26,True,-40.45245200
t0_ch4,b3lyp5,histqn,1e-09,4,26,True,-40.45245200
t0_ch4,b3lyp5,histqn,1e-09,5,26,True,-40.45245200
t0_ch4,b3lyp5,histqn,1e-09,6,26,True,-40.45245200
t0_ch4,b3lyp5,histqn,1e-09,7,26,True,-40.45245200
t0_ch4,b3lyp5,histqn,1e-09,8,26,True,-40.45245200
t0_ch4,b3lyp5,histqn,1e-09,9,26,True,-40.45245200
t0_ch4,b3lyp5,histqn,3e-08,1,26,True,-40.45245200
t0_ch4,b3lyp5,histqn,3e-08,10,24,True,-40.45245200
t0_ch4,b3lyp5,histqn,3e-08,11,27,True,-40.45245200
t0_ch4,b3lyp5,histqn,3e-08,12,28,True,-40.45245200
t0_ch4,b3lyp5,histqn,3e-08,13,28,True,-40.45245200
t0_ch4,b3lyp5,histqn,3e-08,14,28,True,-40.45245200
t0_ch4,b3lyp5,histqn,3e-08,15,26,True,-40.45245200
t0_ch4,b3lyp5,histqn,3e-08,16,27,True,-40.45245200
t0_ch4,b3lyp5,histqn,3e-08,17,26,True,-40.45245200
t0_ch4,b3lyp5,histqn,3e-08,18,25,True,-40.45245200
t0_ch4,b3lyp5,histqn,3e-08,19,26,True,-40.45245200
t0_ch4,b3lyp5,histqn,3e-08,2,26,True,-40.45245200
t0_ch4,b3lyp5,histqn,3e-08,20,25,True,-40.45245200
t0_ch4,b3lyp5,histqn,3e-08,21,28,True,-40.45245200
t0_ch4,b3lyp5,histqn,3e-08,22,27,True,-40.45245200
t0_ch4,b3lyp5,histqn,3e-08,23,26,True,-40.45245200
t0_ch4,b3lyp5,histqn,3e-08,24,25,True,-40.45245200
t0_ch4,b3lyp5,histqn,3e-08,25,29,True,-40.45245200
t0_ch4,b3lyp5,histqn,3e-08,26,25,True,-40.45245200
t0_ch4,b3lyp5,histqn,3e-08,27,27,True,-40.45245200
t0_ch4,b3lyp5,histqn,3e-08,28,25,True,-40.45245200
t0_ch4,b3lyp5,histqn,3e-08,29,28,True,-40.45245200
t0_ch4,b3lyp5,histqn,3e-08,3,25,True,-40.45245200
t0_ch4,b3lyp5,histqn,3e-08,30,25,True,-40.45245200
t0_ch4,b3lyp5,histqn,3e-08,4,28,True,-40.45245200
t0_ch4,b3lyp5,histqn,3e-08,5,27,True,-40.45245200
t0_ch4,b3lyp5,histqn,3e-08,6,26,True,-40.45245200
t0_ch4,b3lyp5,histqn,3e-08,7,26,True,-40.45245200
t0_ch4,b3lyp5,histqn,3e-08,8,26,True,-40.45245200
t0_ch4,b3lyp5,histqn,3e-08,9,26,True,-40.45245200
t0_ch4,b3lyp5,soscf,0e+00,1,26,True,-40.45245200
t0_ch4,b3lyp5,soscf,1e-07,1,100,False,-40.45245200
t0_ch4,b3lyp5,soscf,1e-07,10,100,False,-40.45245200
t0_ch4,b3lyp5,soscf,1e-07,11,100,False,-40.45245200
t0_ch4,b3lyp5,soscf,1e-07,12,100,False,-40.45245200
t0_ch4,b3lyp5,soscf,1e-07,13,100,False,-40.45245200
t0_ch4,b3lyp5,soscf,1e-07,14,100,False,-40.45245200
t0_ch4,b3lyp5,soscf,1e-07,15,100,False,-40.45245200
t0_ch4,b3lyp5,soscf,1e-07,16,100,False,-40.45245200
t0_ch4,b3lyp5,soscf,1e-07,17,100,False,-40.45245200
t0_ch4,b3lyp5,soscf,1e-07,18,100,False,-40.45245200
t0_ch4,b3lyp5,soscf,1e-07,19,100,False,-40.45245200
t0_ch4,b3lyp5,soscf,1e-07,2,100,False,-40.45245200
t0_ch4,b3lyp5,soscf,1e-07,20,100,False,-40.45245200
t0_ch4,b3lyp5,soscf,1e-07,21,100,False,-40.45245200
t0_ch4,b3lyp5,soscf,1e-07,22,100,False,-40.45245200
t0_ch4,b3lyp5,soscf,1e-07,23,100,False,-40.45245200
t0_ch4,b3lyp5,soscf,1e-07,24,100,False,-40.45245200
t0_ch4,b3lyp5,soscf,1e-07,25,100,False,-40.45245200
t0_ch4,b3lyp5,soscf,1e-07,26,100,False,-40.45245200
t0_ch4,b3lyp5,soscf,1e-07,27,100,False,-40.45245200
t0_ch4,b3lyp5,soscf,1e-07,28,100,False,-40.45245200
t0_ch4,b3lyp5,soscf,1e-07,29,100,False,-40.45245200
t0_ch4,b3lyp5,soscf,1e-07,3,100,False,-40.45245200
t0_ch4,b3lyp5,soscf,1e-07,30,100,False,-40.45245200
t0_ch4,b3lyp5,soscf,1e-07,4,100,False,-40.45245200
t0_ch4,b3lyp5,soscf,1e-07,5,100,False,-40.45245200
t0_ch4,b3lyp5,soscf,1e-07,6,100,False,-40.45245200
t0_ch4,b3lyp5,soscf,1e-07,7,100,False,-40.45245200
t0_ch4,b3lyp5,soscf,1e-07,8,100,False,-40.45245200
t0_ch4,b3lyp5,soscf,1e-07,9,100,False,-40.45245200
t0_ch4,b3lyp5,soscf,1e-08,1,18,True,-40.45245200
t0_ch4,b3lyp5,soscf,1e-08,10,27,True,-40.45245200
t0_ch4,b3lyp5,soscf,1e-08,11,60,True,-40.45245200
t0_ch4,b3lyp5,soscf,1e-08,12,28,True,-40.45245200
t0_ch4,b3lyp5,soscf,1e-08,13,60,True,-40.45245200
t0_ch4,b3lyp5,soscf,1e-08,14,19,True,-40.45245200
t0_ch4,b3lyp5,soscf,1e-08,15,21,True,-40.45245200
t0_ch4,b3lyp5,soscf,1e-08,16,23,True,-40.45245200
t0_ch4,b3lyp5,soscf,1e-08,17,22,True,-40.45245200
t0_ch4,b3lyp5,soscf,1e-08,18,21,True,-40.45245200
t0_ch4,b3lyp5,soscf,1e-08,19,17,True,-40.45245200
t0_ch4,b3lyp5,soscf,1e-08,2,41,True,-40.45245200
t0_ch4,b3lyp5,soscf,1e-08,20,22,True,-40.45245200
t0_ch4,b3lyp5,soscf,1e-08,21,41,True,-40.45245200
t0_ch4,b3lyp5,soscf,1e-08,22,23,True,-40.45245200
t0_ch4,b3lyp5,soscf,1e-08,23,29,True,-40.45245200
t0_ch4,b3lyp5,soscf,1e-08,24,46,True,-40.45245200
t0_ch4,b3lyp5,soscf,1e-08,25,24,True,-40.45245200
t0_ch4,b3lyp5,soscf,1e-08,26,23,True,-40.45245200
t0_ch4,b3lyp5,soscf,1e-08,27,24,True,-40.45245200
t0_ch4,b3lyp5,soscf,1e-08,28,24,True,-40.45245200
t0_ch4,b3lyp5,soscf,1e-08,29,33,True,-40.45245200
t0_ch4,b3lyp5,soscf,1e-08,3,20,True,-40.45245200
t0_ch4,b3lyp5,soscf,1e-08,30,31,True,-40.45245200
t0_ch4,b3lyp5,soscf,1e-08,4,27,True,-40.45245200
t0_ch4,b3lyp5,soscf,1e-08,5,24,True,-40.45245200
t0_ch4,b3lyp5,soscf,1e-08,6,25,True,-40.45245200
t0_ch4,b3lyp5,soscf,1e-08,7,29,True,-40.45245200
t0_ch4,b3lyp5,soscf,1e-08,8,28,True,-40.45245200
t0_ch4,b3lyp5,soscf,1e-08,9,23,True,-40.45245200
t0_ch4,b3lyp5,soscf,1e-09,1,28,True,-40.45245200
t0_ch4,b3lyp5,soscf,1e-09,10,23,True,-40.45245200
t0_ch4,b3lyp5,soscf,1e-09,11,30,True,-40.45245200
t0_ch4,b3lyp5,soscf,1e-09,12,24,True,-40.45245200
t0_ch4,b3lyp5,soscf,1e-09,13,31,True,-40.45245200
t0_ch4,b3lyp5,soscf,1e-09,14,24,True,-40.45245200
t0_ch4,b3lyp5,soscf,1e-09,15,25,True,-40.45245200
t0_ch4,b3lyp5,soscf,1e-09,16,23,True,-40.45245200
t0_ch4,b3lyp5,soscf,1e-09,17,22,True,-40.45245200
t0_ch4,b3lyp5,soscf,1e-09,18,30,True,-40.45245200
t0_ch4,b3lyp5,soscf,1e-09,19,21,True,-40.45245200
t0_ch4,b3lyp5,soscf,1e-09,2,20,True,-40.45245200
t0_ch4,b3lyp5,soscf,1e-09,20,21,True,-40.45245200
t0_ch4,b3lyp5,soscf,1e-09,21,22,True,-40.45245200
t0_ch4,b3lyp5,soscf,1e-09,22,22,True,-40.45245200
t0_ch4,b3lyp5,soscf,1e-09,23,25,True,-40.45245200
t0_ch4,b3lyp5,soscf,1e-09,24,26,True,-40.45245200
t0_ch4,b3lyp5,soscf,1e-09,25,22,True,-40.45245200
t0_ch4,b3lyp5,soscf,1e-09,26,23,True,-40.45245200
t0_ch4,b3lyp5,soscf,1e-09,27,26,True,-40.45245200
t0_ch4,b3lyp5,soscf,1e-09,28,20,True,-40.45245200
t0_ch4,b3lyp5,soscf,1e-09,29,41,True,-40.45245200
t0_ch4,b3lyp5,soscf,1e-09,3,20,True,-40.45245200
t0_ch4,b3lyp5,soscf,1e-09,30,19,True,-40.45245200
t0_ch4,b3lyp5,soscf,1e-09,4,22,True,-40.45245200
t0_ch4,b3lyp5,soscf,1e-09,5,24,True,-40.45245200
t0_ch4,b3lyp5,soscf,1e-09,6,18,True,-40.45245200
t0_ch4,b3lyp5,soscf,1e-09,7,35,True,-40.45245200
t0_ch4,b3lyp5,soscf,1e-09,8,25,True,-40.45245200
t0_ch4,b3lyp5,soscf,1e-09,9,28,True,-40.45245200
t0_ch4,b3lyp5,soscf,3e-08,1,18,True,-40.45245200
t0_ch4,b3lyp5,soscf,3e-08,10,26,True,-40.45245200
t0_ch4,b3lyp5,soscf,3e-08,11,31,True,-40.45245200
t0_ch4,b3lyp5,soscf,3e-08,12,28,True,-40.45245200
t0_ch4,b3lyp5,soscf,3e-08,13,22,True,-40.45245200
t0_ch4,b3lyp5,soscf,3e-08,14,23,True,-40.45245200
t0_ch4,b3lyp5,soscf,3e-08,15,20,True,-40.45245200
t0_ch4,b3lyp5,soscf,3e-08,16,28,True,-40.45245200
t0_ch4,b3lyp5,soscf,3e-08,17,22,True,-40.45245200
t0_ch4,b3lyp5,soscf,3e-08,18,19,True,-40.45245200
t0_ch4,b3lyp5,soscf,3e-08,19,17,True,-40.45245200
t0_ch4,b3lyp5,soscf,3e-08,2,20,True,-40.45245200
t0_ch4,b3lyp5,soscf,3e-08,20,22,True,-40.45245200
t0_ch4,b3lyp5,soscf,3e-08,21,22,True,-40.45245200
t0_ch4,b3lyp5,soscf,3e-08,22,22,True,-40.45245200
t0_ch4,b3lyp5,soscf,3e-08,23,22,True,-40.45245200
t0_ch4,b3lyp5,soscf,3e-08,24,23,True,-40.45245200
t0_ch4,b3lyp5,soscf,3e-08,25,24,True,-40.45245200
t0_ch4,b3lyp5,soscf,3e-08,26,23,True,-40.45245200
t0_ch4,b3lyp5,soscf,3e-08,27,28,True,-40.45245200
t0_ch4,b3lyp5,soscf,3e-08,28,26,True,-40.45245200
t0_ch4,b3lyp5,soscf,3e-08,29,17,True,-40.45245200
t0_ch4,b3lyp5,soscf,3e-08,3,25,True,-40.45245200
t0_ch4,b3lyp5,soscf,3e-08,30,39,True,-40.45245200
t0_ch4,b3lyp5,soscf,3e-08,4,27,True,-40.45245200
t0_ch4,b3lyp5,soscf,3e-08,5,21,True,-40.45245200
t0_ch4,b3lyp5,soscf,3e-08,6,25,True,-40.45245200
t0_ch4,b3lyp5,soscf,3e-08,7,26,True,-40.45245200
t0_ch4,b3lyp5,soscf,3e-08,8,24,True,-40.45245200
t0_ch4,b3lyp5,soscf,3e-08,9,30,True,-40.45245200
t0_ch4,b3lyp5,switch,0e+00,1,11,True,-40.45245200
t0_ch4,b3lyp5,switch,1e-07,1,100,False,-40.45245200
t0_ch4,b3lyp5,switch,1e-07,10,100,False,-40.45245200
t0_ch4,b3lyp5,switch,1e-07,11,100,False,-40.45245200
t0_ch4,b3lyp5,switch,1e-07,12,100,False,-40.45245200
t0_ch4,b3lyp5,switch,1e-07,13,100,False,-40.45245200
t0_ch4,b3lyp5,switch,1e-07,14,100,False,-40.45245200
t0_ch4,b3lyp5,switch,1e-07,15,100,False,-40.45245200
t0_ch4,b3lyp5,switch,1e-07,16,100,False,-40.45245200
t0_ch4,b3lyp5,switch,1e-07,17,100,False,-40.45245200
t0_ch4,b3lyp5,switch,1e-07,18,100,False,-40.45245200
t0_ch4,b3lyp5,switch,1e-07,19,100,False,-40.45245200
t0_ch4,b3lyp5,switch,1e-07,2,100,False,-40.45245200
t0_ch4,b3lyp5,switch,1e-07,20,100,False,-40.45245200
t0_ch4,b3lyp5,switch,1e-07,21,100,False,-40.45245200
t0_ch4,b3lyp5,switch,1e-07,22,100,False,-40.45245200
t0_ch4,b3lyp5,switch,1e-07,23,100,False,-40.45245200
t0_ch4,b3lyp5,switch,1e-07,24,100,False,-40.45245200
t0_ch4,b3lyp5,switch,1e-07,25,100,False,-40.45245200
t0_ch4,b3lyp5,switch,1e-07,26,100,False,-40.45245200
t0_ch4,b3lyp5,switch,1e-07,27,100,False,-40.45245200
t0_ch4,b3lyp5,switch,1e-07,28,100,False,-40.45245200
t0_ch4,b3lyp5,switch,1e-07,29,100,False,-40.45245200
t0_ch4,b3lyp5,switch,1e-07,3,100,False,-40.45245200
t0_ch4,b3lyp5,switch,1e-07,30,100,False,-40.45245200
t0_ch4,b3lyp5,switch,1e-07,4,100,False,-40.45245200
t0_ch4,b3lyp5,switch,1e-07,5,100,False,-40.45245200
t0_ch4,b3lyp5,switch,1e-07,6,100,False,-40.45245200
t0_ch4,b3lyp5,switch,1e-07,7,100,False,-40.45245200
t0_ch4,b3lyp5,switch,1e-07,8,100,False,-40.45245200
t0_ch4,b3lyp5,switch,1e-07,9,100,False,-40.45245200
t0_ch4,b3lyp5,switch,1e-08,1,11,True,-40.45245200
t0_ch4,b3lyp5,switch,1e-08,10,11,True,-40.45245200
t0_ch4,b3lyp5,switch,1e-08,11,11,True,-40.45245200
t0_ch4,b3lyp5,switch,1e-08,12,11,True,-40.45245200
t0_ch4,b3lyp5,switch,1e-08,13,11,True,-40.45245200
t0_ch4,b3lyp5,switch,1e-08,14,11,True,-40.45245200
t0_ch4,b3lyp5,switch,1e-08,15,11,True,-40.45245200
t0_ch4,b3lyp5,switch,1e-08,16,11,True,-40.45245200
t0_ch4,b3lyp5,switch,1e-08,17,11,True,-40.45245200
t0_ch4,b3lyp5,switch,1e-08,18,11,True,-40.45245200
t0_ch4,b3lyp5,switch,1e-08,19,11,True,-40.45245200
t0_ch4,b3lyp5,switch,1e-08,2,11,True,-40.45245200
t0_ch4,b3lyp5,switch,1e-08,20,11,True,-40.45245200
t0_ch4,b3lyp5,switch,1e-08,21,11,True,-40.45245200
t0_ch4,b3lyp5,switch,1e-08,22,11,True,-40.45245200
t0_ch4,b3lyp5,switch,1e-08,23,11,True,-40.45245200
t0_ch4,b3lyp5,switch,1e-08,24,11,True,-40.45245200
t0_ch4,b3lyp5,switch,1e-08,25,11,True,-40.45245200
t0_ch4,b3lyp5,switch,1e-08,26,11,True,-40.45245200
t0_ch4,b3lyp5,switch,1e-08,27,11,True,-40.45245200
t0_ch4,b3lyp5,switch,1e-08,28,11,True,-40.45245200
t0_ch4,b3lyp5,switch,1e-08,29,11,True,-40.45245200
t0_ch4,b3lyp5,switch,1e-08,3,11,True,-40.45245200
t0_ch4,b3lyp5,switch,1e-08,30,11,True,-40.45245200
t0_ch4,b3lyp5,switch,1e-08,4,11,True,-40.45245200
t0_ch4,b3lyp5,switch,1e-08,5,11,True,-40.45245200
t0_ch4,b3lyp5,switch,1e-08,6,11,True,-40.45245200
t0_ch4,b3lyp5,switch,1e-08,7,11,True,-40.45245200
t0_ch4,b3lyp5,switch,1e-08,8,11,True,-40.45245200
t0_ch4,b3lyp5,switch,1e-08,9,11,True,-40.45245200
t0_ch4,b3lyp5,switch,1e-09,1,11,True,-40.45245200
t0_ch4,b3lyp5,switch,1e-09,10,11,True,-40.45245200
t0_ch4,b3lyp5,switch,1e-09,11,11,True,-40.45245200
t0_ch4,b3lyp5,switch,1e-09,12,11,True,-40.45245200
t0_ch4,b3lyp5,switch,1e-09,13,11,True,-40.45245200
t0_ch4,b3lyp5,switch,1e-09,14,11,True,-40.45245200
t0_ch4,b3lyp5,switch,1e-09,15,11,True,-40.45245200
t0_ch4,b3lyp5,switch,1e-09,16,11,True,-40.45245200
t0_ch4,b3lyp5,switch,1e-09,17,11,True,-40.45245200
t0_ch4,b3lyp5,switch,1e-09,18,11,True,-40.45245200
t0_ch4,b3lyp5,switch,1e-09,19,11,True,-40.45245200
t0_ch4,b3lyp5,switch,1e-09,2,11,True,-40.45245200
t0_ch4,b3lyp5,switch,1e-09,20,11,True,-40.45245200
t0_ch4,b3lyp5,switch,1e-09,21,11,True,-40.45245200
t0_ch4,b3lyp5,switch,1e-09,22,11,True,-40.45245200
t0_ch4,b3lyp5,switch,1e-09,23,11,True,-40.45245200
t0_ch4,b3lyp5,switch,1e-09,24,11,True,-40.45245200
t0_ch4,b3lyp5,switch,1e-09,25,11,True,-40.45245200
t0_ch4,b3lyp5,switch,1e-09,26,11,True,-40.45245200
t0_ch4,b3lyp5,switch,1e-09,27,11,True,-40.45245200
t0_ch4,b3lyp5,switch,1e-09,28,11,True,-40.45245200
t0_ch4,b3lyp5,switch,1e-09,29,11,True,-40.45245200
t0_ch4,b3lyp5,switch,1e-09,3,11,True,-40.45245200
t0_ch4,b3lyp5,switch,1e-09,30,11,True,-40.45245200
t0_ch4,b3lyp5,switch,1e-09,4,11,True,-40.45245200
t0_ch4,b3lyp5,switch,1e-09,5,11,True,-40.45245200
t0_ch4,b3lyp5,switch,1e-09,6,11,True,-40.45245200
t0_ch4,b3lyp5,switch,1e-09,7,11,True,-40.45245200
t0_ch4,b3lyp5,switch,1e-09,8,11,True,-40.45245200
t0_ch4,b3lyp5,switch,1e-09,9,11,True,-40.45245200
t0_ch4,b3lyp5,switch,3e-08,1,11,True,-40.45245200
t0_ch4,b3lyp5,switch,3e-08,10,11,True,-40.45245200
t0_ch4,b3lyp5,switch,3e-08,11,11,True,-40.45245200
t0_ch4,b3lyp5,switch,3e-08,12,11,True,-40.45245200
t0_ch4,b3lyp5,switch,3e-08,13,11,True,-40.45245200
t0_ch4,b3lyp5,switch,3e-08,14,11,True,-40.45245200
t0_ch4,b3lyp5,switch,3e-08,15,11,True,-40.45245200
t0_ch4,b3lyp5,switch,3e-08,16,11,True,-40.45245200
t0_ch4,b3lyp5,switch,3e-08,17,11,True,-40.45245200
t0_ch4,b3lyp5,switch,3e-08,18,11,True,-40.45245200
t0_ch4,b3lyp5,switch,3e-08,19,11,True,-40.45245200
t0_ch4,b3lyp5,switch,3e-08,2,11,True,-40.45245200
t0_ch4,b3lyp5,switch,3e-08,20,11,True,-40.45245200
t0_ch4,b3lyp5,switch,3e-08,21,11,True,-40.45245200
t0_ch4,b3lyp5,switch,3e-08,22,11,True,-40.45245200
t0_ch4,b3lyp5,switch,3e-08,23,11,True,-40.45245200
t0_ch4,b3lyp5,switch,3e-08,24,11,True,-40.45245200
t0_ch4,b3lyp5,switch,3e-08,25,11,True,-40.45245200
t0_ch4,b3lyp5,switch,3e-08,26,11,True,-40.45245200
t0_ch4,b3lyp5,switch,3e-08,27,11,True,-40.45245200
t0_ch4,b3lyp5,switch,3e-08,28,11,True,-40.45245200
t0_ch4,b3lyp5,switch,3e-08,29,11,True,-40.45245200
t0_ch4,b3lyp5,switch,3e-08,3,11,True,-40.45245200
t0_ch4,b3lyp5,switch,3e-08,30,11,True,-40.45245200
t0_ch4,b3lyp5,switch,3e-08,4,11,True,-40.45245200
t0_ch4,b3lyp5,switch,3e-08,5,11,True,-40.45245200
t0_ch4,b3lyp5,switch,3e-08,6,11,True,-40.45245200
t0_ch4,b3lyp5,switch,3e-08,7,11,True,-40.45245200
t0_ch4,b3lyp5,switch,3e-08,8,11,True,-40.45245200
t0_ch4,b3lyp5,switch,3e-08,9,11,True,-40.45245200
t0_ch4,hf,diis,0e+00,1,10,True,-40.17147235
t0_ch4,hf,diis,1e-07,1,100,False,-40.17147235
t0_ch4,hf,diis,1e-07,10,100,False,-40.17147235
t0_ch4,hf,diis,1e-07,11,100,False,-40.17147235
t0_ch4,hf,diis,1e-07,12,100,False,-40.17147235
t0_ch4,hf,diis,1e-07,13,100,False,-40.17147235
t0_ch4,hf,diis,1e-07,14,100,False,-40.17147235
t0_ch4,hf,diis,1e-07,15,100,False,-40.17147235
t0_ch4,hf,diis,1e-07,16,100,False,-40.17147235
t0_ch4,hf,diis,1e-07,17,100,False,-40.17147235
t0_ch4,hf,diis,1e-07,18,100,False,-40.17147235
t0_ch4,hf,diis,1e-07,19,100,False,-40.17147235
t0_ch4,hf,diis,1e-07,2,100,False,-40.17147235
t0_ch4,hf,diis,1e-07,20,100,False,-40.17147235
t0_ch4,hf,diis,1e-07,21,100,False,-40.17147235
t0_ch4,hf,diis,1e-07,22,100,False,-40.17147235
t0_ch4,hf,diis,1e-07,23,100,False,-40.17147235
t0_ch4,hf,diis,1e-07,24,100,False,-40.17147235
t0_ch4,hf,diis,1e-07,25,100,False,-40.17147235
t0_ch4,hf,diis,1e-07,26,100,False,-40.17147235
t0_ch4,hf,diis,1e-07,27,100,False,-40.17147235
t0_ch4,hf,diis,1e-07,28,100,False,-40.17147235
t0_ch4,hf,diis,1e-07,29,100,False,-40.17147235
t0_ch4,hf,diis,1e-07,3,100,False,-40.17147235
t0_ch4,hf,diis,1e-07,30,100,False,-40.17147235
t0_ch4,hf,diis,1e-07,4,100,False,-40.17147235
t0_ch4,hf,diis,1e-07,5,100,False,-40.17147235
t0_ch4,hf,diis,1e-07,6,100,False,-40.17147235
t0_ch4,hf,diis,1e-07,7,100,False,-40.17147235
t0_ch4,hf,diis,1e-07,8,100,False,-40.17147235
t0_ch4,hf,diis,1e-07,9,100,False,-40.17147235
t0_ch4,hf,diis,1e-08,1,10,True,-40.17147235
t0_ch4,hf,diis,1e-08,10,10,True,-40.17147235
t0_ch4,hf,diis,1e-08,11,10,True,-40.17147235
t0_ch4,hf,diis,1e-08,12,10,True,-40.17147235
t0_ch4,hf,diis,1e-08,13,10,True,-40.17147235
t0_ch4,hf,diis,1e-08,14,10,True,-40.17147235
t0_ch4,hf,diis,1e-08,15,10,True,-40.17147235
t0_ch4,hf,diis,1e-08,16,10,True,-40.17147235
t0_ch4,hf,diis,1e-08,17,10,True,-40.17147235
t0_ch4,hf,diis,1e-08,18,10,True,-40.17147235
t0_ch4,hf,diis,1e-08,19,10,True,-40.17147235
t0_ch4,hf,diis,1e-08,2,10,True,-40.17147235
t0_ch4,hf,diis,1e-08,20,10,True,-40.17147235
t0_ch4,hf,diis,1e-08,21,10,True,-40.17147235
t0_ch4,hf,diis,1e-08,22,10,True,-40.17147235
t0_ch4,hf,diis,1e-08,23,10,True,-40.17147235
t0_ch4,hf,diis,1e-08,24,10,True,-40.17147235
t0_ch4,hf,diis,1e-08,25,10,True,-40.17147235
t0_ch4,hf,diis,1e-08,26,10,True,-40.17147235
t0_ch4,hf,diis,1e-08,27,10,True,-40.17147235
t0_ch4,hf,diis,1e-08,28,10,True,-40.17147235
t0_ch4,hf,diis,1e-08,29,10,True,-40.17147235
t0_ch4,hf,diis,1e-08,3,10,True,-40.17147235
t0_ch4,hf,diis,1e-08,30,10,True,-40.17147235
t0_ch4,hf,diis,1e-08,4,10,True,-40.17147235
t0_ch4,hf,diis,1e-08,5,10,True,-40.17147235
t0_ch4,hf,diis,1e-08,6,10,True,-40.17147235
t0_ch4,hf,diis,1e-08,7,10,True,-40.17147235
t0_ch4,hf,diis,1e-08,8,10,True,-40.17147235
t0_ch4,hf,diis,1e-08,9,10,True,-40.17147235
t0_ch4,hf,diis,1e-09,1,10,True,-40.17147235
t0_ch4,hf,diis,1e-09,10,10,True,-40.17147235
t0_ch4,hf,diis,1e-09,11,10,True,-40.17147235
t0_ch4,hf,diis,1e-09,12,10,True,-40.17147235
t0_ch4,hf,diis,1e-09,13,10,True,-40.17147235
t0_ch4,hf,diis,1e-09,14,10,True,-40.17147235
t0_ch4,hf,diis,1e-09,15,10,True,-40.17147235
t0_ch4,hf,diis,1e-09,16,10,True,-40.17147235
t0_ch4,hf,diis,1e-09,17,10,True,-40.17147235
t0_ch4,hf,diis,1e-09,18,10,True,-40.17147235
t0_ch4,hf,diis,1e-09,19,10,True,-40.17147235
t0_ch4,hf,diis,1e-09,2,10,True,-40.17147235
t0_ch4,hf,diis,1e-09,20,10,True,-40.17147235
t0_ch4,hf,diis,1e-09,21,10,True,-40.17147235
t0_ch4,hf,diis,1e-09,22,10,True,-40.17147235
t0_ch4,hf,diis,1e-09,23,10,True,-40.17147235
t0_ch4,hf,diis,1e-09,24,10,True,-40.17147235
t0_ch4,hf,diis,1e-09,25,10,True,-40.17147235
t0_ch4,hf,diis,1e-09,26,10,True,-40.17147235
t0_ch4,hf,diis,1e-09,27,10,True,-40.17147235
t0_ch4,hf,diis,1e-09,28,10,True,-40.17147235
t0_ch4,hf,diis,1e-09,29,10,True,-40.17147235
t0_ch4,hf,diis,1e-09,3,10,True,-40.17147235
t0_ch4,hf,diis,1e-09,30,10,True,-40.17147235
t0_ch4,hf,diis,1e-09,4,10,True,-40.17147235
t0_ch4,hf,diis,1e-09,5,10,True,-40.17147235
t0_ch4,hf,diis,1e-09,6,10,True,-40.17147235
t0_ch4,hf,diis,1e-09,7,10,True,-40.17147235
t0_ch4,hf,diis,1e-09,8,10,True,-40.17147235
t0_ch4,hf,diis,1e-09,9,10,True,-40.17147235
t0_ch4,hf,diis,3e-08,1,10,True,-40.17147235
t0_ch4,hf,diis,3e-08,10,10,True,-40.17147235
t0_ch4,hf,diis,3e-08,11,10,True,-40.17147235
t0_ch4,hf,diis,3e-08,12,10,True,-40.17147235
t0_ch4,hf,diis,3e-08,13,10,True,-40.17147235
t0_ch4,hf,diis,3e-08,14,10,True,-40.17147235
t0_ch4,hf,diis,3e-08,15,10,True,-40.17147235
t0_ch4,hf,diis,3e-08,16,10,True,-40.17147235
t0_ch4,hf,diis,3e-08,17,11,True,-40.17147235
t0_ch4,hf,diis,3e-08,18,10,True,-40.17147235
t0_ch4,hf,diis,3e-08,19,10,True,-40.17147235
t0_ch4,hf,diis,3e-08,2,10,True,-40.17147235
t0_ch4,hf,diis,3e-08,20,10,True,-40.17147235
t0_ch4,hf,diis,3e-08,21,10,True,-40.17147235
t0_ch4,hf,diis,3e-08,22,11,True,-40.17147235
t0_ch4,hf,diis,3e-08,23,10,True,-40.17147235
t0_ch4,hf,diis,3e-08,24,10,True,-40.17147235
t0_ch4,hf,diis,3e-08,25,10,True,-40.17147235
t0_ch4,hf,diis,3e-08,26,10,True,-40.17147235
t0_ch4,hf,diis,3e-08,27,10,True,-40.17147235
t0_ch4,hf,diis,3e-08,28,10,True,-40.17147235
t0_ch4,hf,diis,3e-08,29,10,True,-40.17147235
t0_ch4,hf,diis,3e-08,3,10,True,-40.17147235
t0_ch4,hf,diis,3e-08,30,10,True,-40.17147235
t0_ch4,hf,diis,3e-08,4,10,True,-40.17147235
t0_ch4,hf,diis,3e-08,5,10,True,-40.17147235
t0_ch4,hf,diis,3e-08,6,10,True,-40.17147235
t0_ch4,hf,diis,3e-08,7,10,True,-40.17147235
t0_ch4,hf,diis,3e-08,8,10,True,-40.17147235
t0_ch4,hf,diis,3e-08,9,10,True,-40.17147235
t0_ch4,hf,ensemble,0e+00,1,50,True,-40.17147235
t0_ch4,hf,ensemble,1e-07,1,100,False,-40.17147235
t0_ch4,hf,ensemble,1e-07,10,100,False,-40.17147235
t0_ch4,hf,ensemble,1e-07,11,100,False,-40.17147235
t0_ch4,hf,ensemble,1e-07,12,100,False,-40.17147235
t0_ch4,hf,ensemble,1e-07,13,100,False,-40.17147235
t0_ch4,hf,ensemble,1e-07,14,100,False,-40.17147235
t0_ch4,hf,ensemble,1e-07,15,100,False,-40.17147235
t0_ch4,hf,ensemble,1e-07,16,100,False,-40.17147235
t0_ch4,hf,ensemble,1e-07,17,100,False,-40.17147235
t0_ch4,hf,ensemble,1e-07,18,100,False,-40.17147235
t0_ch4,hf,ensemble,1e-07,19,100,False,-40.17147235
t0_ch4,hf,ensemble,1e-07,2,100,False,-40.17147235
t0_ch4,hf,ensemble,1e-07,20,100,False,-40.17147235
t0_ch4,hf,ensemble,1e-07,21,100,False,-40.17147235
t0_ch4,hf,ensemble,1e-07,22,100,False,-40.17147235
t0_ch4,hf,ensemble,1e-07,23,100,False,-40.17147235
t0_ch4,hf,ensemble,1e-07,24,100,False,-40.17147235
t0_ch4,hf,ensemble,1e-07,25,100,False,-40.17147235
t0_ch4,hf,ensemble,1e-07,26,100,False,-40.17147235
t0_ch4,hf,ensemble,1e-07,27,100,False,-40.17147235
t0_ch4,hf,ensemble,1e-07,28,100,False,-40.17147235
t0_ch4,hf,ensemble,1e-07,29,100,False,-40.17147235
t0_ch4,hf,ensemble,1e-07,3,100,False,-40.17147235
t0_ch4,hf,ensemble,1e-07,30,100,False,-40.17147235
t0_ch4,hf,ensemble,1e-07,4,100,False,-40.17147235
t0_ch4,hf,ensemble,1e-07,5,100,False,-40.17147235
t0_ch4,hf,ensemble,1e-07,6,100,False,-40.17147235
t0_ch4,hf,ensemble,1e-07,7,100,False,-40.17147235
t0_ch4,hf,ensemble,1e-07,8,100,False,-40.17147235
t0_ch4,hf,ensemble,1e-07,9,100,False,-40.17147235
t0_ch4,hf,ensemble,1e-08,1,19,True,-40.17147235
t0_ch4,hf,ensemble,1e-08,10,19,True,-40.17147235
t0_ch4,hf,ensemble,1e-08,11,23,True,-40.17147235
t0_ch4,hf,ensemble,1e-08,12,24,True,-40.17147235
t0_ch4,hf,ensemble,1e-08,13,35,True,-40.17147235
t0_ch4,hf,ensemble,1e-08,14,22,True,-40.17147235
t0_ch4,hf,ensemble,1e-08,15,29,True,-40.17147235
t0_ch4,hf,ensemble,1e-08,16,22,True,-40.17147235
t0_ch4,hf,ensemble,1e-08,17,20,True,-40.17147235
t0_ch4,hf,ensemble,1e-08,18,20,True,-40.17147235
t0_ch4,hf,ensemble,1e-08,19,20,True,-40.17147235
t0_ch4,hf,ensemble,1e-08,2,22,True,-40.17147235
t0_ch4,hf,ensemble,1e-08,20,27,True,-40.17147235
t0_ch4,hf,ensemble,1e-08,21,22,True,-40.17147235
t0_ch4,hf,ensemble,1e-08,22,34,True,-40.17147235
t0_ch4,hf,ensemble,1e-08,23,29,True,-40.17147235
t0_ch4,hf,ensemble,1e-08,24,24,True,-40.17147235
t0_ch4,hf,ensemble,1e-08,25,21,True,-40.17147235
t0_ch4,hf,ensemble,1e-08,26,23,True,-40.17147235
t0_ch4,hf,ensemble,1e-08,27,24,True,-40.17147235
t0_ch4,hf,ensemble,1e-08,28,26,True,-40.17147235
t0_ch4,hf,ensemble,1e-08,29,22,True,-40.17147235
t0_ch4,hf,ensemble,1e-08,3,25,True,-40.17147235
t0_ch4,hf,ensemble,1e-08,30,28,True,-40.17147235
t0_ch4,hf,ensemble,1e-08,4,24,True,-40.17147235
t0_ch4,hf,ensemble,1e-08,5,42,True,-40.17147235
t0_ch4,hf,ensemble,1e-08,6,25,True,-40.17147235
t0_ch4,hf,ensemble,1e-08,7,29,True,-40.17147235
t0_ch4,hf,ensemble,1e-08,8,18,True,-40.17147235
t0_ch4,hf,ensemble,1e-08,9,26,True,-40.17147235
t0_ch4,hf,ensemble,1e-09,1,21,True,-40.17147235
t0_ch4,hf,ensemble,1e-09,10,19,True,-40.17147235
t0_ch4,hf,ensemble,1e-09,11,35,True,-40.17147235
t0_ch4,hf,ensemble,1e-09,12,19,True,-40.17147235
t0_ch4,hf,ensemble,1e-09,13,21,True,-40.17147235
t0_ch4,hf,ensemble,1e-09,14,22,True,-40.17147235
t0_ch4,hf,ensemble,1e-09,15,27,True,-40.17147235
t0_ch4,hf,ensemble,1e-09,16,19,True,-40.17147235
t0_ch4,hf,ensemble,1e-09,17,24,True,-40.17147235
t0_ch4,hf,ensemble,1e-09,18,26,True,-40.17147235
t0_ch4,hf,ensemble,1e-09,19,28,True,-40.17147235
t0_ch4,hf,ensemble,1e-09,2,33,True,-40.17147235
t0_ch4,hf,ensemble,1e-09,20,27,True,-40.17147235
t0_ch4,hf,ensemble,1e-09,21,25,True,-40.17147235
t0_ch4,hf,ensemble,1e-09,22,28,True,-40.17147235
t0_ch4,hf,ensemble,1e-09,23,26,True,-40.17147235
t0_ch4,hf,ensemble,1e-09,24,26,True,-40.17147235
t0_ch4,hf,ensemble,1e-09,25,21,True,-40.17147235
t0_ch4,hf,ensemble,1e-09,26,23,True,-40.17147235
t0_ch4,hf,ensemble,1e-09,27,21,True,-40.17147235
t0_ch4,hf,ensemble,1e-09,28,23,True,-40.17147235
t0_ch4,hf,ensemble,1e-09,29,23,True,-40.17147235
t0_ch4,hf,ensemble,1e-09,3,18,True,-40.17147235
t0_ch4,hf,ensemble,1e-09,30,33,True,-40.17147235
t0_ch4,hf,ensemble,1e-09,4,23,True,-40.17147235
t0_ch4,hf,ensemble,1e-09,5,28,True,-40.17147235
t0_ch4,hf,ensemble,1e-09,6,24,True,-40.17147235
t0_ch4,hf,ensemble,1e-09,7,28,True,-40.17147235
t0_ch4,hf,ensemble,1e-09,8,19,True,-40.17147235
t0_ch4,hf,ensemble,1e-09,9,36,True,-40.17147235
t0_ch4,hf,ensemble,3e-08,1,19,True,-40.17147235
t0_ch4,hf,ensemble,3e-08,10,22,True,-40.17147235
t0_ch4,hf,ensemble,3e-08,11,21,True,-40.17147235
t0_ch4,hf,ensemble,3e-08,12,22,True,-40.17147235
t0_ch4,hf,ensemble,3e-08,13,52,True,-40.17147235
t0_ch4,hf,ensemble,3e-08,14,23,True,-40.17147235
t0_ch4,hf,ensemble,3e-08,15,23,True,-40.17147235
t0_ch4,hf,ensemble,3e-08,16,25,True,-40.17147235
t0_ch4,hf,ensemble,3e-08,17,22,True,-40.17147235
t0_ch4,hf,ensemble,3e-08,18,31,True,-40.17147235
t0_ch4,hf,ensemble,3e-08,19,23,True,-40.17147235
t0_ch4,hf,ensemble,3e-08,2,22,True,-40.17147235
t0_ch4,hf,ensemble,3e-08,20,28,True,-40.17147235
t0_ch4,hf,ensemble,3e-08,21,23,True,-40.17147235
t0_ch4,hf,ensemble,3e-08,22,29,True,-40.17147235
t0_ch4,hf,ensemble,3e-08,23,22,True,-40.17147235
t0_ch4,hf,ensemble,3e-08,24,27,True,-40.17147235
t0_ch4,hf,ensemble,3e-08,25,18,True,-40.17147235
t0_ch4,hf,ensemble,3e-08,26,23,True,-40.17147235
t0_ch4,hf,ensemble,3e-08,27,23,True,-40.17147235
t0_ch4,hf,ensemble,3e-08,28,25,True,-40.17147235
t0_ch4,hf,ensemble,3e-08,29,28,True,-40.17147235
t0_ch4,hf,ensemble,3e-08,3,24,True,-40.17147235
t0_ch4,hf,ensemble,3e-08,30,24,True,-40.17147235
t0_ch4,hf,ensemble,3e-08,4,36,True,-40.17147235
t0_ch4,hf,ensemble,3e-08,5,24,True,-40.17147235
t0_ch4,hf,ensemble,3e-08,6,22,True,-40.17147235
t0_ch4,hf,ensemble,3e-08,7,20,True,-40.17147235
t0_ch4,hf,ensemble,3e-08,8,18,True,-40.17147235
t0_ch4,hf,ensemble,3e-08,9,34,True,-40.17147235
t0_ch4,hf,histqn,0e+00,1,32,True,-40.17147235
t0_ch4,hf,histqn,1e-07,1,100,False,-40.17147235
t0_ch4,hf,histqn,1e-07,10,100,False,-40.17147235
t0_ch4,hf,histqn,1e-07,11,100,False,-40.17147235
t0_ch4,hf,histqn,1e-07,12,100,False,-40.17147235
t0_ch4,hf,histqn,1e-07,13,100,False,-40.17147235
t0_ch4,hf,histqn,1e-07,14,100,False,-40.17147235
t0_ch4,hf,histqn,1e-07,15,100,False,-40.17147235
t0_ch4,hf,histqn,1e-07,16,100,False,-40.17147235
t0_ch4,hf,histqn,1e-07,17,100,False,-40.17147235
t0_ch4,hf,histqn,1e-07,18,100,False,-40.17147235
t0_ch4,hf,histqn,1e-07,19,100,False,-40.17147235
t0_ch4,hf,histqn,1e-07,2,100,False,-40.17147235
t0_ch4,hf,histqn,1e-07,20,100,False,-40.17147235
t0_ch4,hf,histqn,1e-07,21,100,False,-40.17147235
t0_ch4,hf,histqn,1e-07,22,100,False,-40.17147235
t0_ch4,hf,histqn,1e-07,23,100,False,-40.17147235
t0_ch4,hf,histqn,1e-07,24,100,False,-38.44379504
t0_ch4,hf,histqn,1e-07,25,100,False,-40.17147235
t0_ch4,hf,histqn,1e-07,26,100,False,-40.17147235
t0_ch4,hf,histqn,1e-07,27,100,False,-40.17147235
t0_ch4,hf,histqn,1e-07,28,100,False,-40.17147235
t0_ch4,hf,histqn,1e-07,29,100,False,-40.17147235
t0_ch4,hf,histqn,1e-07,3,100,False,-40.17147235
t0_ch4,hf,histqn,1e-07,30,100,False,-40.17147235
t0_ch4,hf,histqn,1e-07,4,100,False,-40.17147235
t0_ch4,hf,histqn,1e-07,5,100,False,-40.17147235
t0_ch4,hf,histqn,1e-07,6,100,False,-40.17147235
t0_ch4,hf,histqn,1e-07,7,100,False,-40.17147235
t0_ch4,hf,histqn,1e-07,8,100,False,-40.17147235
t0_ch4,hf,histqn,1e-07,9,100,False,-40.17147235
t0_ch4,hf,histqn,1e-08,1,32,True,-40.17147235
t0_ch4,hf,histqn,1e-08,10,32,True,-40.17147235
t0_ch4,hf,histqn,1e-08,11,32,True,-40.17147235
t0_ch4,hf,histqn,1e-08,12,31,True,-40.17147235
t0_ch4,hf,histqn,1e-08,13,32,True,-40.17147235
t0_ch4,hf,histqn,1e-08,14,32,True,-40.17147235
t0_ch4,hf,histqn,1e-08,15,31,True,-40.17147235
t0_ch4,hf,histqn,1e-08,16,31,True,-40.17147235
t0_ch4,hf,histqn,1e-08,17,31,True,-40.17147235
t0_ch4,hf,histqn,1e-08,18,31,True,-40.17147235
t0_ch4,hf,histqn,1e-08,19,31,True,-40.17147235
t0_ch4,hf,histqn,1e-08,2,30,True,-40.17147235
t0_ch4,hf,histqn,1e-08,20,31,True,-40.17147235
t0_ch4,hf,histqn,1e-08,21,31,True,-40.17147235
t0_ch4,hf,histqn,1e-08,22,31,True,-40.17147235
t0_ch4,hf,histqn,1e-08,23,31,True,-40.17147235
t0_ch4,hf,histqn,1e-08,24,31,True,-40.17147235
t0_ch4,hf,histqn,1e-08,25,31,True,-40.17147235
t0_ch4,hf,histqn,1e-08,26,32,True,-40.17147235
t0_ch4,hf,histqn,1e-08,27,32,True,-40.17147235
t0_ch4,hf,histqn,1e-08,28,32,True,-40.17147235
t0_ch4,hf,histqn,1e-08,29,31,True,-40.17147235
t0_ch4,hf,histqn,1e-08,3,32,True,-40.17147235
t0_ch4,hf,histqn,1e-08,30,31,True,-40.17147235
t0_ch4,hf,histqn,1e-08,4,32,True,-40.17147235
t0_ch4,hf,histqn,1e-08,5,32,True,-40.17147235
t0_ch4,hf,histqn,1e-08,6,31,True,-40.17147235
t0_ch4,hf,histqn,1e-08,7,31,True,-40.17147235
t0_ch4,hf,histqn,1e-08,8,31,True,-40.17147235
t0_ch4,hf,histqn,1e-08,9,31,True,-40.17147235
t0_ch4,hf,histqn,1e-09,1,32,True,-40.17147235
t0_ch4,hf,histqn,1e-09,10,32,True,-40.17147235
t0_ch4,hf,histqn,1e-09,11,32,True,-40.17147235
t0_ch4,hf,histqn,1e-09,12,32,True,-40.17147235
t0_ch4,hf,histqn,1e-09,13,32,True,-40.17147235
t0_ch4,hf,histqn,1e-09,14,32,True,-40.17147235
t0_ch4,hf,histqn,1e-09,15,32,True,-40.17147235
t0_ch4,hf,histqn,1e-09,16,31,True,-40.17147235
t0_ch4,hf,histqn,1e-09,17,31,True,-40.17147235
t0_ch4,hf,histqn,1e-09,18,32,True,-40.17147235
t0_ch4,hf,histqn,1e-09,19,32,True,-40.17147235
t0_ch4,hf,histqn,1e-09,2,32,True,-40.17147235
t0_ch4,hf,histqn,1e-09,20,32,True,-40.17147235
t0_ch4,hf,histqn,1e-09,21,32,True,-40.17147235
t0_ch4,hf,histqn,1e-09,22,32,True,-40.17147235
t0_ch4,hf,histqn,1e-09,23,32,True,-40.17147235
t0_ch4,hf,histqn,1e-09,24,32,True,-40.17147235
t0_ch4,hf,histqn,1e-09,25,32,True,-40.17147235
t0_ch4,hf,histqn,1e-09,26,32,True,-40.17147235
t0_ch4,hf,histqn,1e-09,27,32,True,-40.17147235
t0_ch4,hf,histqn,1e-09,28,32,True,-40.17147235
t0_ch4,hf,histqn,1e-09,29,32,True,-40.17147235
t0_ch4,hf,histqn,1e-09,3,32,True,-40.17147235
t0_ch4,hf,histqn,1e-09,30,32,True,-40.17147235
t0_ch4,hf,histqn,1e-09,4,32,True,-40.17147235
t0_ch4,hf,histqn,1e-09,5,32,True,-40.17147235
t0_ch4,hf,histqn,1e-09,6,32,True,-40.17147235
t0_ch4,hf,histqn,1e-09,7,32,True,-40.17147235
t0_ch4,hf,histqn,1e-09,8,32,True,-40.17147235
t0_ch4,hf,histqn,1e-09,9,32,True,-40.17147235
t0_ch4,hf,histqn,3e-08,1,32,True,-40.17147235
t0_ch4,hf,histqn,3e-08,10,30,True,-40.17147235
t0_ch4,hf,histqn,3e-08,11,34,True,-40.17147235
t0_ch4,hf,histqn,3e-08,12,31,True,-40.17147235
t0_ch4,hf,histqn,3e-08,13,32,True,-40.17147235
t0_ch4,hf,histqn,3e-08,14,33,True,-40.17147235
t0_ch4,hf,histqn,3e-08,15,31,True,-40.17147235
t0_ch4,hf,histqn,3e-08,16,33,True,-40.17147235
t0_ch4,hf,histqn,3e-08,17,33,True,-40.17147235
t0_ch4,hf,histqn,3e-08,18,32,True,-40.17147235
t0_ch4,hf,histqn,3e-08,19,31,True,-40.17147235
t0_ch4,hf,histqn,3e-08,2,30,True,-40.17147235
t0_ch4,hf,histqn,3e-08,20,33,True,-40.17147235
t0_ch4,hf,histqn,3e-08,21,33,True,-40.17147235
t0_ch4,hf,histqn,3e-08,22,31,True,-40.17147235
t0_ch4,hf,histqn,3e-08,23,31,True,-40.17147235
t0_ch4,hf,histqn,3e-08,24,31,True,-40.17147235
t0_ch4,hf,histqn,3e-08,25,34,True,-40.17147235
t0_ch4,hf,histqn,3e-08,26,33,True,-40.17147235
t0_ch4,hf,histqn,3e-08,27,32,True,-40.17147235
t0_ch4,hf,histqn,3e-08,28,33,True,-40.17147235
t0_ch4,hf,histqn,3e-08,29,33,True,-40.17147235
t0_ch4,hf,histqn,3e-08,3,32,True,-40.17147235
t0_ch4,hf,histqn,3e-08,30,31,True,-40.17147235
t0_ch4,hf,histqn,3e-08,4,32,True,-40.17147235
t0_ch4,hf,histqn,3e-08,5,32,True,-40.17147235
t0_ch4,hf,histqn,3e-08,6,30,True,-40.17147235
t0_ch4,hf,histqn,3e-08,7,31,True,-40.17147235
t0_ch4,hf,histqn,3e-08,8,32,True,-40.17147235
t0_ch4,hf,histqn,3e-08,9,32,True,-40.17147235
t0_ch4,hf,soscf,0e+00,1,26,True,-40.17147235
t0_ch4,hf,soscf,1e-07,1,100,False,-40.17147235
t0_ch4,hf,soscf,1e-07,10,100,False,-40.17147235
t0_ch4,hf,soscf,1e-07,11,100,False,-40.17147235
t0_ch4,hf,soscf,1e-07,12,100,False,-40.17147235
t0_ch4,hf,soscf,1e-07,13,100,False,-40.17147235
t0_ch4,hf,soscf,1e-07,14,100,False,-40.17147235
t0_ch4,hf,soscf,1e-07,15,100,False,-40.17147235
t0_ch4,hf,soscf,1e-07,16,100,False,-40.17147235
t0_ch4,hf,soscf,1e-07,17,100,False,-40.17147235
t0_ch4,hf,soscf,1e-07,18,100,False,-40.17147235
t0_ch4,hf,soscf,1e-07,19,100,False,-40.17147235
t0_ch4,hf,soscf,1e-07,2,100,False,-40.17147235
t0_ch4,hf,soscf,1e-07,20,100,False,-40.17147235
t0_ch4,hf,soscf,1e-07,21,100,False,-40.17147235
t0_ch4,hf,soscf,1e-07,22,100,False,-40.17147235
t0_ch4,hf,soscf,1e-07,23,100,False,-40.17147235
t0_ch4,hf,soscf,1e-07,24,100,False,-40.17147235
t0_ch4,hf,soscf,1e-07,25,100,False,-40.17147235
t0_ch4,hf,soscf,1e-07,26,100,False,-40.17147235
t0_ch4,hf,soscf,1e-07,27,100,False,-40.17147235
t0_ch4,hf,soscf,1e-07,28,100,False,-40.17147235
t0_ch4,hf,soscf,1e-07,29,100,False,-40.17147235
t0_ch4,hf,soscf,1e-07,3,100,False,-40.17147235
t0_ch4,hf,soscf,1e-07,30,100,False,-40.17147235
t0_ch4,hf,soscf,1e-07,4,100,False,-40.17147235
t0_ch4,hf,soscf,1e-07,5,100,False,-40.17147235
t0_ch4,hf,soscf,1e-07,6,100,False,-40.17147235
t0_ch4,hf,soscf,1e-07,7,100,False,-40.17147235
t0_ch4,hf,soscf,1e-07,8,100,False,-40.17147235
t0_ch4,hf,soscf,1e-07,9,100,False,-40.17147235
t0_ch4,hf,soscf,1e-08,1,19,True,-40.17147235
t0_ch4,hf,soscf,1e-08,10,19,True,-40.17147235
t0_ch4,hf,soscf,1e-08,11,23,True,-40.17147235
t0_ch4,hf,soscf,1e-08,12,24,True,-40.17147235
t0_ch4,hf,soscf,1e-08,13,35,True,-40.17147235
t0_ch4,hf,soscf,1e-08,14,22,True,-40.17147235
t0_ch4,hf,soscf,1e-08,15,29,True,-40.17147235
t0_ch4,hf,soscf,1e-08,16,22,True,-40.17147235
t0_ch4,hf,soscf,1e-08,17,20,True,-40.17147235
t0_ch4,hf,soscf,1e-08,18,20,True,-40.17147235
t0_ch4,hf,soscf,1e-08,19,20,True,-40.17147235
t0_ch4,hf,soscf,1e-08,2,22,True,-40.17147235
t0_ch4,hf,soscf,1e-08,20,27,True,-40.17147235
t0_ch4,hf,soscf,1e-08,21,22,True,-40.17147235
t0_ch4,hf,soscf,1e-08,22,34,True,-40.17147235
t0_ch4,hf,soscf,1e-08,23,29,True,-40.17147235
t0_ch4,hf,soscf,1e-08,24,24,True,-40.17147235
t0_ch4,hf,soscf,1e-08,25,21,True,-40.17147235
t0_ch4,hf,soscf,1e-08,26,23,True,-40.17147235
t0_ch4,hf,soscf,1e-08,27,24,True,-40.17147235
t0_ch4,hf,soscf,1e-08,28,26,True,-40.17147235
t0_ch4,hf,soscf,1e-08,29,22,True,-40.17147235
t0_ch4,hf,soscf,1e-08,3,25,True,-40.17147235
t0_ch4,hf,soscf,1e-08,30,28,True,-40.17147235
t0_ch4,hf,soscf,1e-08,4,24,True,-40.17147235
t0_ch4,hf,soscf,1e-08,5,38,True,-40.17147235
t0_ch4,hf,soscf,1e-08,6,25,True,-40.17147235
t0_ch4,hf,soscf,1e-08,7,29,True,-40.17147235
t0_ch4,hf,soscf,1e-08,8,18,True,-40.17147235
t0_ch4,hf,soscf,1e-08,9,26,True,-40.17147235
t0_ch4,hf,soscf,1e-09,1,21,True,-40.17147235
t0_ch4,hf,soscf,1e-09,10,19,True,-40.17147235
t0_ch4,hf,soscf,1e-09,11,35,True,-40.17147235
t0_ch4,hf,soscf,1e-09,12,19,True,-40.17147235
t0_ch4,hf,soscf,1e-09,13,21,True,-40.17147235
t0_ch4,hf,soscf,1e-09,14,22,True,-40.17147235
t0_ch4,hf,soscf,1e-09,15,27,True,-40.17147235
t0_ch4,hf,soscf,1e-09,16,19,True,-40.17147235
t0_ch4,hf,soscf,1e-09,17,24,True,-40.17147235
t0_ch4,hf,soscf,1e-09,18,26,True,-40.17147235
t0_ch4,hf,soscf,1e-09,19,28,True,-40.17147235
t0_ch4,hf,soscf,1e-09,2,33,True,-40.17147235
t0_ch4,hf,soscf,1e-09,20,27,True,-40.17147235
t0_ch4,hf,soscf,1e-09,21,25,True,-40.17147235
t0_ch4,hf,soscf,1e-09,22,28,True,-40.17147235
t0_ch4,hf,soscf,1e-09,23,26,True,-40.17147235
t0_ch4,hf,soscf,1e-09,24,26,True,-40.17147235
t0_ch4,hf,soscf,1e-09,25,21,True,-40.17147235
t0_ch4,hf,soscf,1e-09,26,23,True,-40.17147235
t0_ch4,hf,soscf,1e-09,27,21,True,-40.17147235
t0_ch4,hf,soscf,1e-09,28,22,True,-40.17147235
t0_ch4,hf,soscf,1e-09,29,23,True,-40.17147235
t0_ch4,hf,soscf,1e-09,3,18,True,-40.17147235
t0_ch4,hf,soscf,1e-09,30,42,True,-40.17147235
t0_ch4,hf,soscf,1e-09,4,23,True,-40.17147235
t0_ch4,hf,soscf,1e-09,5,28,True,-40.17147235
t0_ch4,hf,soscf,1e-09,6,24,True,-40.17147235
t0_ch4,hf,soscf,1e-09,7,28,True,-40.17147235
t0_ch4,hf,soscf,1e-09,8,19,True,-40.17147235
t0_ch4,hf,soscf,1e-09,9,36,True,-40.17147235
t0_ch4,hf,soscf,3e-08,1,19,True,-40.17147235
t0_ch4,hf,soscf,3e-08,10,22,True,-40.17147235
t0_ch4,hf,soscf,3e-08,11,21,True,-40.17147235
t0_ch4,hf,soscf,3e-08,12,22,True,-40.17147235
t0_ch4,hf,soscf,3e-08,13,52,True,-40.17147235
t0_ch4,hf,soscf,3e-08,14,23,True,-40.17147235
t0_ch4,hf,soscf,3e-08,15,23,True,-40.17147235
t0_ch4,hf,soscf,3e-08,16,25,True,-40.17147235
t0_ch4,hf,soscf,3e-08,17,22,True,-40.17147235
t0_ch4,hf,soscf,3e-08,18,31,True,-40.17147235
t0_ch4,hf,soscf,3e-08,19,23,True,-40.17147235
t0_ch4,hf,soscf,3e-08,2,22,True,-40.17147235
t0_ch4,hf,soscf,3e-08,20,28,True,-40.17147235
t0_ch4,hf,soscf,3e-08,21,23,True,-40.17147235
t0_ch4,hf,soscf,3e-08,22,29,True,-40.17147235
t0_ch4,hf,soscf,3e-08,23,22,True,-40.17147235
t0_ch4,hf,soscf,3e-08,24,27,True,-40.17147235
t0_ch4,hf,soscf,3e-08,25,18,True,-40.17147235
t0_ch4,hf,soscf,3e-08,26,23,True,-40.17147235
t0_ch4,hf,soscf,3e-08,27,23,True,-40.17147235
t0_ch4,hf,soscf,3e-08,28,25,True,-40.17147235
t0_ch4,hf,soscf,3e-08,29,28,True,-40.17147235
t0_ch4,hf,soscf,3e-08,3,24,True,-40.17147235
t0_ch4,hf,soscf,3e-08,30,24,True,-40.17147235
t0_ch4,hf,soscf,3e-08,4,36,True,-40.17147235
t0_ch4,hf,soscf,3e-08,5,24,True,-40.17147235
t0_ch4,hf,soscf,3e-08,6,22,True,-40.17147235
t0_ch4,hf,soscf,3e-08,7,20,True,-40.17147235
t0_ch4,hf,soscf,3e-08,8,18,True,-40.17147235
t0_ch4,hf,soscf,3e-08,9,34,True,-40.17147235
t0_ch4,hf,switch,0e+00,1,11,True,-40.17147235
t0_ch4,hf,switch,1e-07,1,100,False,-40.17147235
t0_ch4,hf,switch,1e-07,10,100,False,-40.17147235
t0_ch4,hf,switch,1e-07,11,100,False,-40.17147235
t0_ch4,hf,switch,1e-07,12,100,False,-40.17147235
t0_ch4,hf,switch,1e-07,13,100,False,-40.17147235
t0_ch4,hf,switch,1e-07,14,100,False,-40.17147235
t0_ch4,hf,switch,1e-07,15,100,False,-40.17147235
t0_ch4,hf,switch,1e-07,16,100,False,-40.17147235
t0_ch4,hf,switch,1e-07,17,100,False,-40.17147235
t0_ch4,hf,switch,1e-07,18,100,False,-40.17147235
t0_ch4,hf,switch,1e-07,19,100,False,-40.17147235
t0_ch4,hf,switch,1e-07,2,100,False,-40.17147235
t0_ch4,hf,switch,1e-07,20,100,False,-40.17147235
t0_ch4,hf,switch,1e-07,21,100,False,-40.17147235
t0_ch4,hf,switch,1e-07,22,100,False,-40.17147235
t0_ch4,hf,switch,1e-07,23,100,False,-40.17147235
t0_ch4,hf,switch,1e-07,24,100,False,-40.17147235
t0_ch4,hf,switch,1e-07,25,100,False,-40.17147235
t0_ch4,hf,switch,1e-07,26,100,False,-40.17147235
t0_ch4,hf,switch,1e-07,27,100,False,-40.17147235
t0_ch4,hf,switch,1e-07,28,100,False,-40.17147235
t0_ch4,hf,switch,1e-07,29,100,False,-40.17147235
t0_ch4,hf,switch,1e-07,3,100,False,-40.17147235
t0_ch4,hf,switch,1e-07,30,100,False,-40.17147235
t0_ch4,hf,switch,1e-07,4,100,False,-40.17147235
t0_ch4,hf,switch,1e-07,5,100,False,-40.17147235
t0_ch4,hf,switch,1e-07,6,100,False,-40.17147235
t0_ch4,hf,switch,1e-07,7,100,False,-40.17147235
t0_ch4,hf,switch,1e-07,8,100,False,-40.17147235
t0_ch4,hf,switch,1e-07,9,100,False,-40.17147235
t0_ch4,hf,switch,1e-08,1,12,True,-40.17147235
t0_ch4,hf,switch,1e-08,10,11,True,-40.17147235
t0_ch4,hf,switch,1e-08,11,11,True,-40.17147235
t0_ch4,hf,switch,1e-08,12,11,True,-40.17147235
t0_ch4,hf,switch,1e-08,13,11,True,-40.17147235
t0_ch4,hf,switch,1e-08,14,11,True,-40.17147235
t0_ch4,hf,switch,1e-08,15,11,True,-40.17147235
t0_ch4,hf,switch,1e-08,16,12,True,-40.17147235
t0_ch4,hf,switch,1e-08,17,11,True,-40.17147235
t0_ch4,hf,switch,1e-08,18,11,True,-40.17147235
t0_ch4,hf,switch,1e-08,19,11,True,-40.17147235
t0_ch4,hf,switch,1e-08,2,11,True,-40.17147235
t0_ch4,hf,switch,1e-08,20,11,True,-40.17147235
t0_ch4,hf,switch,1e-08,21,11,True,-40.17147235
t0_ch4,hf,switch,1e-08,22,11,True,-40.17147235
t0_ch4,hf,switch,1e-08,23,11,True,-40.17147235
t0_ch4,hf,switch,1e-08,24,12,True,-40.17147235
t0_ch4,hf,switch,1e-08,25,11,True,-40.17147235
t0_ch4,hf,switch,1e-08,26,11,True,-40.17147235
t0_ch4,hf,switch,1e-08,27,11,True,-40.17147235
t0_ch4,hf,switch,1e-08,28,11,True,-40.17147235
t0_ch4,hf,switch,1e-08,29,11,True,-40.17147235
t0_ch4,hf,switch,1e-08,3,11,True,-40.17147235
t0_ch4,hf,switch,1e-08,30,11,True,-40.17147235
t0_ch4,hf,switch,1e-08,4,11,True,-40.17147235
t0_ch4,hf,switch,1e-08,5,11,True,-40.17147235
t0_ch4,hf,switch,1e-08,6,12,True,-40.17147235
t0_ch4,hf,switch,1e-08,7,11,True,-40.17147235
t0_ch4,hf,switch,1e-08,8,12,True,-40.17147235
t0_ch4,hf,switch,1e-08,9,11,True,-40.17147235
t0_ch4,hf,switch,1e-09,1,11,True,-40.17147235
t0_ch4,hf,switch,1e-09,10,11,True,-40.17147235
t0_ch4,hf,switch,1e-09,11,11,True,-40.17147235
t0_ch4,hf,switch,1e-09,12,11,True,-40.17147235
t0_ch4,hf,switch,1e-09,13,11,True,-40.17147235
t0_ch4,hf,switch,1e-09,14,11,True,-40.17147235
t0_ch4,hf,switch,1e-09,15,11,True,-40.17147235
t0_ch4,hf,switch,1e-09,16,11,True,-40.17147235
t0_ch4,hf,switch,1e-09,17,11,True,-40.17147235
t0_ch4,hf,switch,1e-09,18,11,True,-40.17147235
t0_ch4,hf,switch,1e-09,19,11,True,-40.17147235
t0_ch4,hf,switch,1e-09,2,11,True,-40.17147235
t0_ch4,hf,switch,1e-09,20,11,True,-40.17147235
t0_ch4,hf,switch,1e-09,21,11,True,-40.17147235
t0_ch4,hf,switch,1e-09,22,11,True,-40.17147235
t0_ch4,hf,switch,1e-09,23,11,True,-40.17147235
t0_ch4,hf,switch,1e-09,24,11,True,-40.17147235
t0_ch4,hf,switch,1e-09,25,11,True,-40.17147235
t0_ch4,hf,switch,1e-09,26,11,True,-40.17147235
t0_ch4,hf,switch,1e-09,27,11,True,-40.17147235
t0_ch4,hf,switch,1e-09,28,11,True,-40.17147235
t0_ch4,hf,switch,1e-09,29,11,True,-40.17147235
t0_ch4,hf,switch,1e-09,3,11,True,-40.17147235
t0_ch4,hf,switch,1e-09,30,11,True,-40.17147235
t0_ch4,hf,switch,1e-09,4,11,True,-40.17147235
t0_ch4,hf,switch,1e-09,5,11,True,-40.17147235
t0_ch4,hf,switch,1e-09,6,11,True,-40.17147235
t0_ch4,hf,switch,1e-09,7,11,True,-40.17147235
t0_ch4,hf,switch,1e-09,8,11,True,-40.17147235
t0_ch4,hf,switch,1e-09,9,11,True,-40.17147235
t0_ch4,hf,switch,3e-08,1,12,True,-40.17147235
t0_ch4,hf,switch,3e-08,10,12,True,-40.17147235
t0_ch4,hf,switch,3e-08,11,12,True,-40.17147235
t0_ch4,hf,switch,3e-08,12,12,True,-40.17147235
t0_ch4,hf,switch,3e-08,13,12,True,-40.17147235
t0_ch4,hf,switch,3e-08,14,12,True,-40.17147235
t0_ch4,hf,switch,3e-08,15,12,True,-40.17147235
t0_ch4,hf,switch,3e-08,16,12,True,-40.17147235
t0_ch4,hf,switch,3e-08,17,12,True,-40.17147235
t0_ch4,hf,switch,3e-08,18,12,True,-40.17147235
t0_ch4,hf,switch,3e-08,19,12,True,-40.17147235
t0_ch4,hf,switch,3e-08,2,12,True,-40.17147235
t0_ch4,hf,switch,3e-08,20,12,True,-40.17147235
t0_ch4,hf,switch,3e-08,21,12,True,-40.17147235
t0_ch4,hf,switch,3e-08,22,12,True,-40.17147235
t0_ch4,hf,switch,3e-08,23,12,True,-40.17147235
t0_ch4,hf,switch,3e-08,24,12,True,-40.17147235
t0_ch4,hf,switch,3e-08,25,12,True,-40.17147235
t0_ch4,hf,switch,3e-08,26,12,True,-40.17147235
t0_ch4,hf,switch,3e-08,27,12,True,-40.17147235
t0_ch4,hf,switch,3e-08,28,12,True,-40.17147235
t0_ch4,hf,switch,3e-08,29,12,True,-40.17147235
t0_ch4,hf,switch,3e-08,3,12,True,-40.17147235
t0_ch4,hf,switch,3e-08,30,12,True,-40.17147235
t0_ch4,hf,switch,3e-08,4,12,True,-40.17147235
t0_ch4,hf,switch,3e-08,5,12,True,-40.17147235
t0_ch4,hf,switch,3e-08,6,12,True,-40.17147235
t0_ch4,hf,switch,3e-08,7,12,True,-40.17147235
t0_ch4,hf,switch,3e-08,8,12,True,-40.17147235
t0_ch4,hf,switch,3e-08,9,12,True,-40.17147235
t0_h2o,b3lyp5,diis,0e+00,1,11,True,-76.32250180
t0_h2o,b3lyp5,diis,1e-07,1,35,True,-76.32250180
t0_h2o,b3lyp5,diis,1e-07,10,26,True,-76.32250180
t0_h2o,b3lyp5,diis,1e-07,11,25,True,-76.32250180
t0_h2o,b3lyp5,diis,1e-07,12,24,True,-76.32250180
t0_h2o,b3lyp5,diis,1e-07,13,23,True,-76.32250180
t0_h2o,b3lyp5,diis,1e-07,14,22,True,-76.32250180
t0_h2o,b3lyp5,diis,1e-07,15,21,True,-76.32250180
t0_h2o,b3lyp5,diis,1e-07,16,20,True,-76.32250180
t0_h2o,b3lyp5,diis,1e-07,17,19,True,-76.32250180
t0_h2o,b3lyp5,diis,1e-07,18,18,True,-76.32250180
t0_h2o,b3lyp5,diis,1e-07,19,17,True,-76.32250180
t0_h2o,b3lyp5,diis,1e-07,2,34,True,-76.32250180
t0_h2o,b3lyp5,diis,1e-07,20,16,True,-76.32250180
t0_h2o,b3lyp5,diis,1e-07,21,15,True,-76.32250180
t0_h2o,b3lyp5,diis,1e-07,22,14,True,-76.32250180
t0_h2o,b3lyp5,diis,1e-07,23,13,True,-76.32250180
t0_h2o,b3lyp5,diis,1e-07,24,20,True,-76.32250180
t0_h2o,b3lyp5,diis,1e-07,25,19,True,-76.32250180
t0_h2o,b3lyp5,diis,1e-07,26,18,True,-76.32250180
t0_h2o,b3lyp5,diis,1e-07,27,17,True,-76.32250180
t0_h2o,b3lyp5,diis,1e-07,28,33,True,-76.32250180
t0_h2o,b3lyp5,diis,1e-07,29,32,True,-76.32250180
t0_h2o,b3lyp5,diis,1e-07,3,15,True,-76.32250180
t0_h2o,b3lyp5,diis,1e-07,30,31,True,-76.32250180
t0_h2o,b3lyp5,diis,1e-07,4,32,True,-76.32250180
t0_h2o,b3lyp5,diis,1e-07,5,31,True,-76.32250180
t0_h2o,b3lyp5,diis,1e-07,6,30,True,-76.32250180
t0_h2o,b3lyp5,diis,1e-07,7,29,True,-76.32250180
t0_h2o,b3lyp5,diis,1e-07,8,28,True,-76.32250180
t0_h2o,b3lyp5,diis,1e-07,9,27,True,-76.32250180
t0_h2o,b3lyp5,diis,1e-08,1,11,True,-76.32250180
t0_h2o,b3lyp5,diis,1e-08,10,11,True,-76.32250180
t0_h2o,b3lyp5,diis,1e-08,11,11,True,-76.32250180
t0_h2o,b3lyp5,diis,1e-08,12,11,True,-76.32250180
t0_h2o,b3lyp5,diis,1e-08,13,11,True,-76.32250180
t0_h2o,b3lyp5,diis,1e-08,14,11,True,-76.32250180
t0_h2o,b3lyp5,diis,1e-08,15,11,True,-76.32250180
t0_h2o,b3lyp5,diis,1e-08,16,11,True,-76.32250180
t0_h2o,b3lyp5,diis,1e-08,17,11,True,-76.32250180
t0_h2o,b3lyp5,diis,1e-08,18,11,True,-76.32250180
t0_h2o,b3lyp5,diis,1e-08,19,11,True,-76.32250180
t0_h2o,b3lyp5,diis,1e-08,2,11,True,-76.32250180
t0_h2o,b3lyp5,diis,1e-08,20,11,True,-76.32250180
t0_h2o,b3lyp5,diis,1e-08,21,11,True,-76.32250180
t0_h2o,b3lyp5,diis,1e-08,22,11,True,-76.32250180
t0_h2o,b3lyp5,diis,1e-08,23,11,True,-76.32250180
t0_h2o,b3lyp5,diis,1e-08,24,11,True,-76.32250180
t0_h2o,b3lyp5,diis,1e-08,25,11,True,-76.32250180
t0_h2o,b3lyp5,diis,1e-08,26,11,True,-76.32250180
t0_h2o,b3lyp5,diis,1e-08,27,11,True,-76.32250180
t0_h2o,b3lyp5,diis,1e-08,28,11,True,-76.32250180
t0_h2o,b3lyp5,diis,1e-08,29,11,True,-76.32250180
t0_h2o,b3lyp5,diis,1e-08,3,11,True,-76.32250180
t0_h2o,b3lyp5,diis,1e-08,30,11,True,-76.32250180
t0_h2o,b3lyp5,diis,1e-08,4,11,True,-76.32250180
t0_h2o,b3lyp5,diis,1e-08,5,11,True,-76.32250180
t0_h2o,b3lyp5,diis,1e-08,6,11,True,-76.32250180
t0_h2o,b3lyp5,diis,1e-08,7,11,True,-76.32250180
t0_h2o,b3lyp5,diis,1e-08,8,11,True,-76.32250180
t0_h2o,b3lyp5,diis,1e-08,9,11,True,-76.32250180
t0_h2o,b3lyp5,diis,1e-09,1,11,True,-76.32250180
t0_h2o,b3lyp5,diis,1e-09,10,11,True,-76.32250180
t0_h2o,b3lyp5,diis,1e-09,11,11,True,-76.32250180
t0_h2o,b3lyp5,diis,1e-09,12,11,True,-76.32250180
t0_h2o,b3lyp5,diis,1e-09,13,11,True,-76.32250180
t0_h2o,b3lyp5,diis,1e-09,14,11,True,-76.32250180
t0_h2o,b3lyp5,diis,1e-09,15,11,True,-76.32250180
t0_h2o,b3lyp5,diis,1e-09,16,11,True,-76.32250180
t0_h2o,b3lyp5,diis,1e-09,17,11,True,-76.32250180
t0_h2o,b3lyp5,diis,1e-09,18,11,True,-76.32250180
t0_h2o,b3lyp5,diis,1e-09,19,11,True,-76.32250180
t0_h2o,b3lyp5,diis,1e-09,2,11,True,-76.32250180
t0_h2o,b3lyp5,diis,1e-09,20,11,True,-76.32250180
t0_h2o,b3lyp5,diis,1e-09,21,11,True,-76.32250180
t0_h2o,b3lyp5,diis,1e-09,22,11,True,-76.32250180
t0_h2o,b3lyp5,diis,1e-09,23,11,True,-76.32250180
t0_h2o,b3lyp5,diis,1e-09,24,11,True,-76.32250180
t0_h2o,b3lyp5,diis,1e-09,25,11,True,-76.32250180
t0_h2o,b3lyp5,diis,1e-09,26,11,True,-76.32250180
t0_h2o,b3lyp5,diis,1e-09,27,11,True,-76.32250180
t0_h2o,b3lyp5,diis,1e-09,28,11,True,-76.32250180
t0_h2o,b3lyp5,diis,1e-09,29,11,True,-76.32250180
t0_h2o,b3lyp5,diis,1e-09,3,11,True,-76.32250180
t0_h2o,b3lyp5,diis,1e-09,30,11,True,-76.32250180
t0_h2o,b3lyp5,diis,1e-09,4,11,True,-76.32250180
t0_h2o,b3lyp5,diis,1e-09,5,11,True,-76.32250180
t0_h2o,b3lyp5,diis,1e-09,6,11,True,-76.32250180
t0_h2o,b3lyp5,diis,1e-09,7,11,True,-76.32250180
t0_h2o,b3lyp5,diis,1e-09,8,11,True,-76.32250180
t0_h2o,b3lyp5,diis,1e-09,9,11,True,-76.32250180
t0_h2o,b3lyp5,diis,3e-08,1,11,True,-76.32250180
t0_h2o,b3lyp5,diis,3e-08,10,11,True,-76.32250180
t0_h2o,b3lyp5,diis,3e-08,11,11,True,-76.32250180
t0_h2o,b3lyp5,diis,3e-08,12,11,True,-76.32250180
t0_h2o,b3lyp5,diis,3e-08,13,11,True,-76.32250180
t0_h2o,b3lyp5,diis,3e-08,14,11,True,-76.32250180
t0_h2o,b3lyp5,diis,3e-08,15,11,True,-76.32250180
t0_h2o,b3lyp5,diis,3e-08,16,11,True,-76.32250180
t0_h2o,b3lyp5,diis,3e-08,17,11,True,-76.32250180
t0_h2o,b3lyp5,diis,3e-08,18,11,True,-76.32250180
t0_h2o,b3lyp5,diis,3e-08,19,11,True,-76.32250180
t0_h2o,b3lyp5,diis,3e-08,2,11,True,-76.32250180
t0_h2o,b3lyp5,diis,3e-08,20,11,True,-76.32250180
t0_h2o,b3lyp5,diis,3e-08,21,11,True,-76.32250180
t0_h2o,b3lyp5,diis,3e-08,22,11,True,-76.32250180
t0_h2o,b3lyp5,diis,3e-08,23,11,True,-76.32250180
t0_h2o,b3lyp5,diis,3e-08,24,11,True,-76.32250180
t0_h2o,b3lyp5,diis,3e-08,25,11,True,-76.32250180
t0_h2o,b3lyp5,diis,3e-08,26,11,True,-76.32250180
t0_h2o,b3lyp5,diis,3e-08,27,11,True,-76.32250180
t0_h2o,b3lyp5,diis,3e-08,28,11,True,-76.32250180
t0_h2o,b3lyp5,diis,3e-08,29,11,True,-76.32250180
t0_h2o,b3lyp5,diis,3e-08,3,11,True,-76.32250180
t0_h2o,b3lyp5,diis,3e-08,30,11,True,-76.32250180
t0_h2o,b3lyp5,diis,3e-08,4,11,True,-76.32250180
t0_h2o,b3lyp5,diis,3e-08,5,11,True,-76.32250180
t0_h2o,b3lyp5,diis,3e-08,6,11,True,-76.32250180
t0_h2o,b3lyp5,diis,3e-08,7,11,True,-76.32250180
t0_h2o,b3lyp5,diis,3e-08,8,11,True,-76.32250180
t0_h2o,b3lyp5,diis,3e-08,9,11,True,-76.32250180
t0_h2o,b3lyp5,ensemble,0e+00,1,17,True,-76.32250180
t0_h2o,b3lyp5,ensemble,1e-07,1,100,False,-76.32250180
t0_h2o,b3lyp5,ensemble,1e-07,10,100,False,-76.32250180
t0_h2o,b3lyp5,ensemble,1e-07,11,100,False,-76.32250180
t0_h2o,b3lyp5,ensemble,1e-07,12,100,False,-76.32250180
t0_h2o,b3lyp5,ensemble,1e-07,13,100,False,-76.32250180
t0_h2o,b3lyp5,ensemble,1e-07,14,100,False,-76.32250180
t0_h2o,b3lyp5,ensemble,1e-07,15,100,False,-76.32250180
t0_h2o,b3lyp5,ensemble,1e-07,16,100,False,-76.32250180
t0_h2o,b3lyp5,ensemble,1e-07,17,100,False,-76.32250180
t0_h2o,b3lyp5,ensemble,1e-07,18,100,False,-76.32250180
t0_h2o,b3lyp5,ensemble,1e-07,19,100,False,-76.32250180
t0_h2o,b3lyp5,ensemble,1e-07,2,100,False,-76.32250180
t0_h2o,b3lyp5,ensemble,1e-07,20,100,False,-76.32250180
t0_h2o,b3lyp5,ensemble,1e-07,21,100,False,-76.32250180
t0_h2o,b3lyp5,ensemble,1e-07,22,100,False,-76.32250180
t0_h2o,b3lyp5,ensemble,1e-07,23,100,False,-76.32250180
t0_h2o,b3lyp5,ensemble,1e-07,24,100,False,-76.32250180
t0_h2o,b3lyp5,ensemble,1e-07,25,100,False,-76.32250180
t0_h2o,b3lyp5,ensemble,1e-07,26,100,False,-76.32250180
t0_h2o,b3lyp5,ensemble,1e-07,27,100,False,-76.32250180
t0_h2o,b3lyp5,ensemble,1e-07,28,100,False,-76.32250180
t0_h2o,b3lyp5,ensemble,1e-07,29,100,False,-76.32250180
t0_h2o,b3lyp5,ensemble,1e-07,3,100,False,-76.32250180
t0_h2o,b3lyp5,ensemble,1e-07,30,100,False,-76.32250180
t0_h2o,b3lyp5,ensemble,1e-07,4,100,False,-76.32250180
t0_h2o,b3lyp5,ensemble,1e-07,5,100,False,-76.32250180
t0_h2o,b3lyp5,ensemble,1e-07,6,100,False,-76.32250180
t0_h2o,b3lyp5,ensemble,1e-07,7,100,False,-76.32250180
t0_h2o,b3lyp5,ensemble,1e-07,8,100,False,-76.32250180
t0_h2o,b3lyp5,ensemble,1e-07,9,100,False,-76.32250180
t0_h2o,b3lyp5,ensemble,1e-08,1,16,True,-76.32250180
t0_h2o,b3lyp5,ensemble,1e-08,10,17,True,-76.32250180
t0_h2o,b3lyp5,ensemble,1e-08,11,13,True,-76.32250180
t0_h2o,b3lyp5,ensemble,1e-08,12,16,True,-76.32250180
t0_h2o,b3lyp5,ensemble,1e-08,13,15,True,-76.32250180
t0_h2o,b3lyp5,ensemble,1e-08,14,15,True,-76.32250180
t0_h2o,b3lyp5,ensemble,1e-08,15,15,True,-76.32250180
t0_h2o,b3lyp5,ensemble,1e-08,16,13,True,-76.32250180
t0_h2o,b3lyp5,ensemble,1e-08,17,13,True,-76.32250180
t0_h2o,b3lyp5,ensemble,1e-08,18,14,True,-76.32250180
t0_h2o,b3lyp5,ensemble,1e-08,19,15,True,-76.32250180
t0_h2o,b3lyp5,ensemble,1e-08,2,16,True,-76.32250180
t0_h2o,b3lyp5,ensemble,1e-08,20,14,True,-76.32250180
t0_h2o,b3lyp5,ensemble,1e-08,21,16,True,-76.32250180
t0_h2o,b3lyp5,ensemble,1e-08,22,16,True,-76.32250180
t0_h2o,b3lyp5,ensemble,1e-08,23,15,True,-76.32250180
t0_h2o,b3lyp5,ensemble,1e-08,24,13,True,-76.32250180
t0_h2o,b3lyp5,ensemble,1e-08,25,15,True,-76.32250180
t0_h2o,b3lyp5,ensemble,1e-08,26,14,True,-76.32250180
t0_h2o,b3lyp5,ensemble,1e-08,27,17,True,-76.32250180
t0_h2o,b3lyp5,ensemble,1e-08,28,15,True,-76.32250180
t0_h2o,b3lyp5,ensemble,1e-08,29,16,True,-76.32250180
t0_h2o,b3lyp5,ensemble,1e-08,3,15,True,-76.32250180
t0_h2o,b3lyp5,ensemble,1e-08,30,18,True,-76.32250180
t0_h2o,b3lyp5,ensemble,1e-08,4,16,True,-76.32250180
t0_h2o,b3lyp5,ensemble,1e-08,5,16,True,-76.32250180
t0_h2o,b3lyp5,ensemble,1e-08,6,14,True,-76.32250180
t0_h2o,b3lyp5,ensemble,1e-08,7,14,True,-76.32250180
t0_h2o,b3lyp5,ensemble,1e-08,8,14,True,-76.32250180
t0_h2o,b3lyp5,ensemble,1e-08,9,15,True,-76.32250180
t0_h2o,b3lyp5,ensemble,1e-09,1,15,True,-76.32250180
t0_h2o,b3lyp5,ensemble,1e-09,10,17,True,-76.32250180
t0_h2o,b3lyp5,ensemble,1e-09,11,14,True,-76.32250180
t0_h2o,b3lyp5,ensemble,1e-09,12,13,True,-76.32250180
t0_h2o,b3lyp5,ensemble,1e-09,13,16,True,-76.32250180
t0_h2o,b3lyp5,ensemble,1e-09,14,11,True,-76.32250180
t0_h2o,b3lyp5,ensemble,1e-09,15,15,True,-76.32250180
t0_h2o,b3lyp5,ensemble,1e-09,16,15,True,-76.32250180
t0_h2o,b3lyp5,ensemble,1e-09,17,15,True,-76.32250180
t0_h2o,b3lyp5,ensemble,1e-09,18,14,True,-76.32250180
t0_h2o,b3lyp5,ensemble,1e-09,19,15,True,-76.32250180
t0_h2o,b3lyp5,ensemble,1e-09,2,12,True,-76.32250180
t0_h2o,b3lyp5,ensemble,1e-09,20,15,True,-76.32250180
t0_h2o,b3lyp5,ensemble,1e-09,21,15,True,-76.32250180
t0_h2o,b3lyp5,ensemble,1e-09,22,15,True,-76.32250180
t0_h2o,b3lyp5,ensemble,1e-09,23,15,True,-76.32250180
t0_h2o,b3lyp5,ensemble,1e-09,24,15,True,-76.32250180
t0_h2o,b3lyp5,ensemble,1e-09,25,16,True,-76.32250180
t0_h2o,b3lyp5,ensemble,1e-09,26,15,True,-76.32250180
t0_h2o,b3lyp5,ensemble,1e-09,27,15,True,-76.32250180
t0_h2o,b3lyp5,ensemble,1e-09,28,17,True,-76.32250180
t0_h2o,b3lyp5,ensemble,1e-09,29,15,True,-76.32250180
t0_h2o,b3lyp5,ensemble,1e-09,3,16,True,-76.32250180
t0_h2o,b3lyp5,ensemble,1e-09,30,14,True,-76.32250180
t0_h2o,b3lyp5,ensemble,1e-09,4,15,True,-76.32250180
t0_h2o,b3lyp5,ensemble,1e-09,5,14,True,-76.32250180
t0_h2o,b3lyp5,ensemble,1e-09,6,17,True,-76.32250180
t0_h2o,b3lyp5,ensemble,1e-09,7,12,True,-76.32250180
t0_h2o,b3lyp5,ensemble,1e-09,8,15,True,-76.32250180
t0_h2o,b3lyp5,ensemble,1e-09,9,15,True,-76.32250180
t0_h2o,b3lyp5,ensemble,3e-08,1,17,True,-76.32250180
t0_h2o,b3lyp5,ensemble,3e-08,10,14,True,-76.32250180
t0_h2o,b3lyp5,ensemble,3e-08,11,14,True,-76.32250180
t0_h2o,b3lyp5,ensemble,3e-08,12,14,True,-76.32250180
t0_h2o,b3lyp5,ensemble,3e-08,13,15,True,-76.32250180
t0_h2o,b3lyp5,ensemble,3e-08,14,17,True,-76.32250180
t0_h2o,b3lyp5,ensemble,3e-08,15,14,True,-76.32250180
t0_h2o,b3lyp5,ensemble,3e-08,16,13,True,-76.32250180
t0_h2o,b3lyp5,ensemble,3e-08,17,13,True,-76.32250180
t0_h2o,b3lyp5,ensemble,3e-08,18,13,True,-76.32250180
t0_h2o,b3lyp5,ensemble,3e-08,19,15,True,-76.32250180
t0_h2o,b3lyp5,ensemble,3e-08,2,14,True,-76.32250180
t0_h2o,b3lyp5,ensemble,3e-08,20,17,True,-76.32250180
t0_h2o,b3lyp5,ensemble,3e-08,21,14,True,-76.32250180
t0_h2o,b3lyp5,ensemble,3e-08,22,18,True,-76.32250180
t0_h2o,b3lyp5,ensemble,3e-08,23,13,True,-76.32250180
t0_h2o,b3lyp5,ensemble,3e-08,24,14,True,-76.32250180
t0_h2o,b3lyp5,ensemble,3e-08,25,14,True,-76.32250180
t0_h2o,b3lyp5,ensemble,3e-08,26,16,True,-76.32250180
t0_h2o,b3lyp5,ensemble,3e-08,27,20,True,-76.32250180
t0_h2o,b3lyp5,ensemble,3e-08,28,15,True,-76.32250180
t0_h2o,b3lyp5,ensemble,3e-08,29,17,True,-76.32250180
t0_h2o,b3lyp5,ensemble,3e-08,3,17,True,-76.32250180
t0_h2o,b3lyp5,ensemble,3e-08,30,15,True,-76.32250180
t0_h2o,b3lyp5,ensemble,3e-08,4,13,True,-76.32250180
t0_h2o,b3lyp5,ensemble,3e-08,5,13,True,-76.32250180
t0_h2o,b3lyp5,ensemble,3e-08,6,14,True,-76.32250180
t0_h2o,b3lyp5,ensemble,3e-08,7,15,True,-76.32250180
t0_h2o,b3lyp5,ensemble,3e-08,8,14,True,-76.32250180
t0_h2o,b3lyp5,ensemble,3e-08,9,13,True,-76.32250180
t0_h2o,b3lyp5,histqn,0e+00,1,47,True,-76.32250180
t0_h2o,b3lyp5,histqn,1e-07,1,100,False,-76.32250180
t0_h2o,b3lyp5,histqn,1e-07,10,100,False,-76.32250180
t0_h2o,b3lyp5,histqn,1e-07,11,100,False,-76.32250180
t0_h2o,b3lyp5,histqn,1e-07,12,100,False,-76.32250180
t0_h2o,b3lyp5,histqn,1e-07,13,100,False,-76.32250180
t0_h2o,b3lyp5,histqn,1e-07,14,100,False,-76.32250180
t0_h2o,b3lyp5,histqn,1e-07,15,100,False,-76.32250180
t0_h2o,b3lyp5,histqn,1e-07,16,100,False,-76.32250180
t0_h2o,b3lyp5,histqn,1e-07,17,100,False,-76.32250180
t0_h2o,b3lyp5,histqn,1e-07,18,100,False,-76.32250180
t0_h2o,b3lyp5,histqn,1e-07,19,100,False,-76.32250180
t0_h2o,b3lyp5,histqn,1e-07,2,100,False,-76.32250180
t0_h2o,b3lyp5,histqn,1e-07,20,100,False,-76.32250180
t0_h2o,b3lyp5,histqn,1e-07,21,100,False,-76.32250180
t0_h2o,b3lyp5,histqn,1e-07,22,100,False,-76.32250180
t0_h2o,b3lyp5,histqn,1e-07,23,100,False,-76.32250180
t0_h2o,b3lyp5,histqn,1e-07,24,100,False,-76.32250180
t0_h2o,b3lyp5,histqn,1e-07,25,100,False,-76.32250180
t0_h2o,b3lyp5,histqn,1e-07,26,100,False,-76.32250180
t0_h2o,b3lyp5,histqn,1e-07,27,100,False,-76.32250172
t0_h2o,b3lyp5,histqn,1e-07,28,100,False,-76.32250180
t0_h2o,b3lyp5,histqn,1e-07,29,100,False,-76.32250180
t0_h2o,b3lyp5,histqn,1e-07,3,100,False,-76.32250180
t0_h2o,b3lyp5,histqn,1e-07,30,100,False,-76.32250180
t0_h2o,b3lyp5,histqn,1e-07,4,100,False,-76.31943735
t0_h2o,b3lyp5,histqn,1e-07,5,100,False,-76.32250180
t0_h2o,b3lyp5,histqn,1e-07,6,100,False,-76.32250180
t0_h2o,b3lyp5,histqn,1e-07,7,100,False,-76.32250180
t0_h2o,b3lyp5,histqn,1e-07,8,100,False,-76.32250180
t0_h2o,b3lyp5,histqn,1e-07,9,100,False,-76.32250180
t0_h2o,b3lyp5,histqn,1e-08,1,45,True,-76.32250180
t0_h2o,b3lyp5,histqn,1e-08,10,45,True,-76.32250180
t0_h2o,b3lyp5,histqn,1e-08,11,45,True,-76.32250180
t0_h2o,b3lyp5,histqn,1e-08,12,47,True,-76.32250180
t0_h2o,b3lyp5,histqn,1e-08,13,45,True,-76.32250180
t0_h2o,b3lyp5,histqn,1e-08,14,49,True,-76.32250180
t0_h2o,b3lyp5,histqn,1e-08,15,47,True,-76.32250180
t0_h2o,b3lyp5,histqn,1e-08,16,47,True,-76.32250180
t0_h2o,b3lyp5,histqn,1e-08,17,47,True,-76.32250180
t0_h2o,b3lyp5,histqn,1e-08,18,47,True,-76.32250180
t0_h2o,b3lyp5,histqn,1e-08,19,47,True,-76.32250180
t0_h2o,b3lyp5,histqn,1e-08,2,47,True,-76.32250180
t0_h2o,b3lyp5,histqn,1e-08,20,47,True,-76.32250180
t0_h2o,b3lyp5,histqn,1e-08,21,47,True,-76.32250180
t0_h2o,b3lyp5,histqn,1e-08,22,47,True,-76.32250180
t0_h2o,b3lyp5,histqn,1e-08,23,49,True,-76.32250180
t0_h2o,b3lyp5,histqn,1e-08,24,45,True,-76.32250180
t0_h2o,b3lyp5,histqn,1e-08,25,49,True,-76.32250180
t0_h2o,b3lyp5,histqn,1e-08,26,45,True,-76.32250180
t0_h2o,b3lyp5,histqn,1e-08,27,47,True,-76.32250180
t0_h2o,b3lyp5,histqn,1e-08,28,43,True,-76.32250180
t0_h2o,b3lyp5,histqn,1e-08,29,47,True,-76.32250180
t0_h2o,b3lyp5,histqn,1e-08,3,45,True,-76.32250180
t0_h2o,b3lyp5,histqn,1e-08,30,45,True,-76.32250180
t0_h2o,b3lyp5,histqn,1e-08,4,47,True,-76.32250180
t0_h2o,b3lyp5,histqn,1e-08,5,43,True,-76.32250180
t0_h2o,b3lyp5,histqn,1e-08,6,49,True,-76.32250180
t0_h2o,b3lyp5,histqn,1e-08,7,47,True,-76.32250180
t0_h2o,b3lyp5,histqn,1e-08,8,47,True,-76.32250180
t0_h2o,b3lyp5,histqn,1e-08,9,45,True,-76.32250180
t0_h2o,b3lyp5,histqn,1e-09,1,47,True,-76.32250180
t0_h2o,b3lyp5,histqn,1e-09,10,47,True,-76.32250180
t0_h2o,b3lyp5,histqn,1e-09,11,47,True,-76.32250180
t0_h2o,b3lyp5,histqn,1e-09,12,47,True,-76.32250180
t0_h2o,b3lyp5,histqn,1e-09,13,47,True,-76.32250180
t0_h2o,b3lyp5,histqn,1e-09,14,47,True,-76.32250180
t0_h2o,b3lyp5,histqn,1e-09,15,47,True,-76.32250180
t0_h2o,b3lyp5,histqn,1e-09,16,47,True,-76.32250180
t0_h2o,b3lyp5,histqn,1e-09,17,47,True,-76.32250180
t0_h2o,b3lyp5,histqn,1e-09,18,47,True,-76.32250180
t0_h2o,b3lyp5,histqn,1e-09,19,47,True,-76.32250180
t0_h2o,b3lyp5,histqn,1e-09,2,47,True,-76.32250180
t0_h2o,b3lyp5,histqn,1e-09,20,47,True,-76.32250180
t0_h2o,b3lyp5,histqn,1e-09,21,47,True,-76.32250180
t0_h2o,b3lyp5,histqn,1e-09,22,47,True,-76.32250180
t0_h2o,b3lyp5,histqn,1e-09,23,47,True,-76.32250180
t0_h2o,b3lyp5,histqn,1e-09,24,47,True,-76.32250180
t0_h2o,b3lyp5,histqn,1e-09,25,47,True,-76.32250180
t0_h2o,b3lyp5,histqn,1e-09,26,47,True,-76.32250180
t0_h2o,b3lyp5,histqn,1e-09,27,47,True,-76.32250180
t0_h2o,b3lyp5,histqn,1e-09,28,47,True,-76.32250180
t0_h2o,b3lyp5,histqn,1e-09,29,47,True,-76.32250180
t0_h2o,b3lyp5,histqn,1e-09,3,47,True,-76.32250180
t0_h2o,b3lyp5,histqn,1e-09,30,47,True,-76.32250180
t0_h2o,b3lyp5,histqn,1e-09,4,47,True,-76.32250180
t0_h2o,b3lyp5,histqn,1e-09,5,47,True,-76.32250180
t0_h2o,b3lyp5,histqn,1e-09,6,47,True,-76.32250180
t0_h2o,b3lyp5,histqn,1e-09,7,47,True,-76.32250180
t0_h2o,b3lyp5,histqn,1e-09,8,47,True,-76.32250180
t0_h2o,b3lyp5,histqn,1e-09,9,47,True,-76.32250180
t0_h2o,b3lyp5,histqn,3e-08,1,52,True,-76.32250180
t0_h2o,b3lyp5,histqn,3e-08,10,53,True,-76.32250180
t0_h2o,b3lyp5,histqn,3e-08,11,53,True,-76.32250180
t0_h2o,b3lyp5,histqn,3e-08,12,51,True,-76.32250180
t0_h2o,b3lyp5,histqn,3e-08,13,47,True,-76.32250180
t0_h2o,b3lyp5,histqn,3e-08,14,52,True,-76.32250180
t0_h2o,b3lyp5,histqn,3e-08,15,51,True,-76.32250180
t0_h2o,b3lyp5,histqn,3e-08,16,50,True,-76.32250180
t0_h2o,b3lyp5,histqn,3e-08,17,51,True,-76.32250180
t0_h2o,b3lyp5,histqn,3e-08,18,51,True,-76.32250180
t0_h2o,b3lyp5,histqn,3e-08,19,54,True,-76.32250180
t0_h2o,b3lyp5,histqn,3e-08,2,55,True,-76.32250180
t0_h2o,b3lyp5,histqn,3e-08,20,49,True,-76.32250180
t0_h2o,b3lyp5,histqn,3e-08,21,54,True,-76.32250180
t0_h2o,b3lyp5,histqn,3e-08,22,53,True,-76.32250180
t0_h2o,b3lyp5,histqn,3e-08,23,57,True,-76.32250180
t0_h2o,b3lyp5,histqn,3e-08,24,45,True,-76.32250180
t0_h2o,b3lyp5,histqn,3e-08,25,55,True,-76.32250180
t0_h2o,b3lyp5,histqn,3e-08,26,43,True,-76.32250180
t0_h2o,b3lyp5,histqn,3e-08,27,53,True,-76.32250180
t0_h2o,b3lyp5,histqn,3e-08,28,41,True,-76.32250180
t0_h2o,b3lyp5,histqn,3e-08,29,55,True,-76.32250180
t0_h2o,b3lyp5,histqn,3e-08,3,53,True,-76.32250180
t0_h2o,b3lyp5,histqn,3e-08,30,51,True,-76.32250180
t0_h2o,b3lyp5,histqn,3e-08,4,53,True,-76.32250180
t0_h2o,b3lyp5,histqn,3e-08,5,51,True,-76.32250180
t0_h2o,b3lyp5,histqn,3e-08,6,54,True,-76.32250180
t0_h2o,b3lyp5,histqn,3e-08,7,53,True,-76.32250180
t0_h2o,b3lyp5,histqn,3e-08,8,55,True,-76.32250180
t0_h2o,b3lyp5,histqn,3e-08,9,49,True,-76.32250180
t0_h2o,b3lyp5,soscf,0e+00,1,15,True,-76.32250180
t0_h2o,b3lyp5,soscf,1e-07,1,100,False,-76.32250180
t0_h2o,b3lyp5,soscf,1e-07,10,100,False,-76.32250180
t0_h2o,b3lyp5,soscf,1e-07,11,100,False,-76.32250180
t0_h2o,b3lyp5,soscf,1e-07,12,100,False,-76.32250180
t0_h2o,b3lyp5,soscf,1e-07,13,100,False,-76.32250180
t0_h2o,b3lyp5,soscf,1e-07,14,100,False,-76.32250180
t0_h2o,b3lyp5,soscf,1e-07,15,100,False,-76.32250180
t0_h2o,b3lyp5,soscf,1e-07,16,100,False,-76.32250180
t0_h2o,b3lyp5,soscf,1e-07,17,100,False,-76.32250180
t0_h2o,b3lyp5,soscf,1e-07,18,100,False,-76.32250180
t0_h2o,b3lyp5,soscf,1e-07,19,100,False,-76.32250180
t0_h2o,b3lyp5,soscf,1e-07,2,100,False,-76.32250180
t0_h2o,b3lyp5,soscf,1e-07,20,100,False,-76.32250180
t0_h2o,b3lyp5,soscf,1e-07,21,100,False,-76.32250180
t0_h2o,b3lyp5,soscf,1e-07,22,100,False,-76.32250180
t0_h2o,b3lyp5,soscf,1e-07,23,100,False,-76.32250180
t0_h2o,b3lyp5,soscf,1e-07,24,100,False,-76.32250180
t0_h2o,b3lyp5,soscf,1e-07,25,100,False,-76.32250180
t0_h2o,b3lyp5,soscf,1e-07,26,100,False,-76.32250180
t0_h2o,b3lyp5,soscf,1e-07,27,100,False,-76.32250180
t0_h2o,b3lyp5,soscf,1e-07,28,100,False,-76.32250180
t0_h2o,b3lyp5,soscf,1e-07,29,100,False,-76.32250180
t0_h2o,b3lyp5,soscf,1e-07,3,100,False,-76.32250180
t0_h2o,b3lyp5,soscf,1e-07,30,100,False,-76.32250180
t0_h2o,b3lyp5,soscf,1e-07,4,100,False,-76.32250180
t0_h2o,b3lyp5,soscf,1e-07,5,100,False,-76.32250180
t0_h2o,b3lyp5,soscf,1e-07,6,100,False,-76.32250180
t0_h2o,b3lyp5,soscf,1e-07,7,100,False,-76.32250180
t0_h2o,b3lyp5,soscf,1e-07,8,100,False,-76.32250180
t0_h2o,b3lyp5,soscf,1e-07,9,100,False,-76.32250180
t0_h2o,b3lyp5,soscf,1e-08,1,16,True,-76.32250180
t0_h2o,b3lyp5,soscf,1e-08,10,17,True,-76.32250180
t0_h2o,b3lyp5,soscf,1e-08,11,13,True,-76.32250180
t0_h2o,b3lyp5,soscf,1e-08,12,16,True,-76.32250180
t0_h2o,b3lyp5,soscf,1e-08,13,15,True,-76.32250180
t0_h2o,b3lyp5,soscf,1e-08,14,15,True,-76.32250180
t0_h2o,b3lyp5,soscf,1e-08,15,15,True,-76.32250180
t0_h2o,b3lyp5,soscf,1e-08,16,13,True,-76.32250180
t0_h2o,b3lyp5,soscf,1e-08,17,13,True,-76.32250180
t0_h2o,b3lyp5,soscf,1e-08,18,14,True,-76.32250180
t0_h2o,b3lyp5,soscf,1e-08,19,15,True,-76.32250180
t0_h2o,b3lyp5,soscf,1e-08,2,16,True,-76.32250180
t0_h2o,b3lyp5,soscf,1e-08,20,13,True,-76.32250180
t0_h2o,b3lyp5,soscf,1e-08,21,16,True,-76.32250180
t0_h2o,b3lyp5,soscf,1e-08,22,15,True,-76.32250180
t0_h2o,b3lyp5,soscf,1e-08,23,15,True,-76.32250180
t0_h2o,b3lyp5,soscf,1e-08,24,15,True,-76.32250180
t0_h2o,b3lyp5,soscf,1e-08,25,15,True,-76.32250180
t0_h2o,b3lyp5,soscf,1e-08,26,14,True,-76.32250180
t0_h2o,b3lyp5,soscf,1e-08,27,17,True,-76.32250180
t0_h2o,b3lyp5,soscf,1e-08,28,15,True,-76.32250180
t0_h2o,b3lyp5,soscf,1e-08,29,16,True,-76.32250180
t0_h2o,b3lyp5,soscf,1e-08,3,15,True,-76.32250180
t0_h2o,b3lyp5,soscf,1e-08,30,18,True,-76.32250180
t0_h2o,b3lyp5,soscf,1e-08,4,16,True,-76.32250180
t0_h2o,b3lyp5,soscf,1e-08,5,16,True,-76.32250180
t0_h2o,b3lyp5,soscf,1e-08,6,14,True,-76.32250180
t0_h2o,b3lyp5,soscf,1e-08,7,14,True,-76.32250180
t0_h2o,b3lyp5,soscf,1e-08,8,14,True,-76.32250180
t0_h2o,b3lyp5,soscf,1e-08,9,15,True,-76.32250180
t0_h2o,b3lyp5,soscf,1e-09,1,15,True,-76.32250180
t0_h2o,b3lyp5,soscf,1e-09,10,17,True,-76.32250180
t0_h2o,b3lyp5,soscf,1e-09,11,14,True,-76.32250180
t0_h2o,b3lyp5,soscf,1e-09,12,13,True,-76.32250180
t0_h2o,b3lyp5,soscf,1e-09,13,16,True,-76.32250180
t0_h2o,b3lyp5,soscf,1e-09,14,11,True,-76.32250180
t0_h2o,b3lyp5,soscf,1e-09,15,15,True,-76.32250180
t0_h2o,b3lyp5,soscf,1e-09,16,15,True,-76.32250180
t0_h2o,b3lyp5,soscf,1e-09,17,15,True,-76.32250180
t0_h2o,b3lyp5,soscf,1e-09,18,14,True,-76.32250180
t0_h2o,b3lyp5,soscf,1e-09,19,15,True,-76.32250180
t0_h2o,b3lyp5,soscf,1e-09,2,12,True,-76.32250180
t0_h2o,b3lyp5,soscf,1e-09,20,16,True,-76.32250180
t0_h2o,b3lyp5,soscf,1e-09,21,19,True,-76.32250180
t0_h2o,b3lyp5,soscf,1e-09,22,15,True,-76.32250180
t0_h2o,b3lyp5,soscf,1e-09,23,15,True,-76.32250180
t0_h2o,b3lyp5,soscf,1e-09,24,15,True,-76.32250180
t0_h2o,b3lyp5,soscf,1e-09,25,16,True,-76.32250180
t0_h2o,b3lyp5,soscf,1e-09,26,15,True,-76.32250180
t0_h2o,b3lyp5,soscf,1e-09,27,15,True,-76.32250180
t0_h2o,b3lyp5,soscf,1e-09,28,17,True,-76.32250180
t0_h2o,b3lyp5,soscf,1e-09,29,15,True,-76.32250180
t0_h2o,b3lyp5,soscf,1e-09,3,16,True,-76.32250180
t0_h2o,b3lyp5,soscf,1e-09,30,14,True,-76.32250180
t0_h2o,b3lyp5,soscf,1e-09,4,15,True,-76.32250180
t0_h2o,b3lyp5,soscf,1e-09,5,14,True,-76.32250180
t0_h2o,b3lyp5,soscf,1e-09,6,17,True,-76.32250180
t0_h2o,b3lyp5,soscf,1e-09,7,12,True,-76.32250180
t0_h2o,b3lyp5,soscf,1e-09,8,15,True,-76.32250180
t0_h2o,b3lyp5,soscf,1e-09,9,15,True,-76.32250180
t0_h2o,b3lyp5,soscf,3e-08,1,15,True,-76.32250180
t0_h2o,b3lyp5,soscf,3e-08,10,14,True,-76.32250180
t0_h2o,b3lyp5,soscf,3e-08,11,14,True,-76.32250180
t0_h2o,b3lyp5,soscf,3e-08,12,14,True,-76.32250180
t0_h2o,b3lyp5,soscf,3e-08,13,15,True,-76.32250180
t0_h2o,b3lyp5,soscf,3e-08,14,17,True,-76.32250180
t0_h2o,b3lyp5,soscf,3e-08,15,14,True,-76.32250180
t0_h2o,b3lyp5,soscf,3e-08,16,13,True,-76.32250180
t0_h2o,b3lyp5,soscf,3e-08,17,13,True,-76.32250180
t0_h2o,b3lyp5,soscf,3e-08,18,13,True,-76.32250180
t0_h2o,b3lyp5,soscf,3e-08,19,15,True,-76.32250180
t0_h2o,b3lyp5,soscf,3e-08,2,13,True,-76.32250180
t0_h2o,b3lyp5,soscf,3e-08,20,17,True,-76.32250180
t0_h2o,b3lyp5,soscf,3e-08,21,14,True,-76.32250180
t0_h2o,b3lyp5,soscf,3e-08,22,18,True,-76.32250180
t0_h2o,b3lyp5,soscf,3e-08,23,13,True,-76.32250180
t0_h2o,b3lyp5,soscf,3e-08,24,14,True,-76.32250180
t0_h2o,b3lyp5,soscf,3e-08,25,14,True,-76.32250180
t0_h2o,b3lyp5,soscf,3e-08,26,16,True,-76.32250180
t0_h2o,b3lyp5,soscf,3e-08,27,20,True,-76.32250180
t0_h2o,b3lyp5,soscf,3e-08,28,15,True,-76.32250180
t0_h2o,b3lyp5,soscf,3e-08,29,17,True,-76.32250180
t0_h2o,b3lyp5,soscf,3e-08,3,17,True,-76.32250180
t0_h2o,b3lyp5,soscf,3e-08,30,15,True,-76.32250180
t0_h2o,b3lyp5,soscf,3e-08,4,13,True,-76.32250180
t0_h2o,b3lyp5,soscf,3e-08,5,13,True,-76.32250180
t0_h2o,b3lyp5,soscf,3e-08,6,14,True,-76.32250180
t0_h2o,b3lyp5,soscf,3e-08,7,15,True,-76.32250180
t0_h2o,b3lyp5,soscf,3e-08,8,14,True,-76.32250180
t0_h2o,b3lyp5,soscf,3e-08,9,13,True,-76.32250180
t0_h2o,b3lyp5,switch,0e+00,1,11,True,-76.32250180
t0_h2o,b3lyp5,switch,1e-07,1,100,False,-76.32250180
t0_h2o,b3lyp5,switch,1e-07,10,100,False,-76.32250180
t0_h2o,b3lyp5,switch,1e-07,11,100,False,-76.32250180
t0_h2o,b3lyp5,switch,1e-07,12,100,False,-76.32250180
t0_h2o,b3lyp5,switch,1e-07,13,100,False,-76.32250180
t0_h2o,b3lyp5,switch,1e-07,14,100,False,-76.32250180
t0_h2o,b3lyp5,switch,1e-07,15,100,False,-76.32250180
t0_h2o,b3lyp5,switch,1e-07,16,100,False,-76.32250180
t0_h2o,b3lyp5,switch,1e-07,17,100,False,-76.32250180
t0_h2o,b3lyp5,switch,1e-07,18,100,False,-76.32250180
t0_h2o,b3lyp5,switch,1e-07,19,100,False,-76.32250180
t0_h2o,b3lyp5,switch,1e-07,2,100,False,-76.32250180
t0_h2o,b3lyp5,switch,1e-07,20,100,False,-76.32250180
t0_h2o,b3lyp5,switch,1e-07,21,100,False,-76.32250180
t0_h2o,b3lyp5,switch,1e-07,22,100,False,-76.32250180
t0_h2o,b3lyp5,switch,1e-07,23,100,False,-76.32250180
t0_h2o,b3lyp5,switch,1e-07,24,100,False,-76.32250180
t0_h2o,b3lyp5,switch,1e-07,25,100,False,-76.32250180
t0_h2o,b3lyp5,switch,1e-07,26,100,False,-76.32250180
t0_h2o,b3lyp5,switch,1e-07,27,100,False,-76.32250180
t0_h2o,b3lyp5,switch,1e-07,28,100,False,-76.32250180
t0_h2o,b3lyp5,switch,1e-07,29,100,False,-76.32250180
t0_h2o,b3lyp5,switch,1e-07,3,100,False,-76.32250180
t0_h2o,b3lyp5,switch,1e-07,30,100,False,-76.32250180
t0_h2o,b3lyp5,switch,1e-07,4,100,False,-76.32250180
t0_h2o,b3lyp5,switch,1e-07,5,100,False,-76.32250180
t0_h2o,b3lyp5,switch,1e-07,6,100,False,-76.32250180
t0_h2o,b3lyp5,switch,1e-07,7,100,False,-76.32250180
t0_h2o,b3lyp5,switch,1e-07,8,100,False,-76.32250180
t0_h2o,b3lyp5,switch,1e-07,9,100,False,-76.32250180
t0_h2o,b3lyp5,switch,1e-08,1,11,True,-76.32250180
t0_h2o,b3lyp5,switch,1e-08,10,11,True,-76.32250180
t0_h2o,b3lyp5,switch,1e-08,11,11,True,-76.32250180
t0_h2o,b3lyp5,switch,1e-08,12,11,True,-76.32250180
t0_h2o,b3lyp5,switch,1e-08,13,11,True,-76.32250180
t0_h2o,b3lyp5,switch,1e-08,14,11,True,-76.32250180
t0_h2o,b3lyp5,switch,1e-08,15,11,True,-76.32250180
t0_h2o,b3lyp5,switch,1e-08,16,11,True,-76.32250180
t0_h2o,b3lyp5,switch,1e-08,17,11,True,-76.32250180
t0_h2o,b3lyp5,switch,1e-08,18,11,True,-76.32250180
t0_h2o,b3lyp5,switch,1e-08,19,11,True,-76.32250180
t0_h2o,b3lyp5,switch,1e-08,2,11,True,-76.32250180
t0_h2o,b3lyp5,switch,1e-08,20,11,True,-76.32250180
t0_h2o,b3lyp5,switch,1e-08,21,11,True,-76.32250180
t0_h2o,b3lyp5,switch,1e-08,22,11,True,-76.32250180
t0_h2o,b3lyp5,switch,1e-08,23,11,True,-76.32250180
t0_h2o,b3lyp5,switch,1e-08,24,11,True,-76.32250180
t0_h2o,b3lyp5,switch,1e-08,25,11,True,-76.32250180
t0_h2o,b3lyp5,switch,1e-08,26,11,True,-76.32250180
t0_h2o,b3lyp5,switch,1e-08,27,11,True,-76.32250180
t0_h2o,b3lyp5,switch,1e-08,28,11,True,-76.32250180
t0_h2o,b3lyp5,switch,1e-08,29,11,True,-76.32250180
t0_h2o,b3lyp5,switch,1e-08,3,11,True,-76.32250180
t0_h2o,b3lyp5,switch,1e-08,30,11,True,-76.32250180
t0_h2o,b3lyp5,switch,1e-08,4,11,True,-76.32250180
t0_h2o,b3lyp5,switch,1e-08,5,11,True,-76.32250180
t0_h2o,b3lyp5,switch,1e-08,6,11,True,-76.32250180
t0_h2o,b3lyp5,switch,1e-08,7,11,True,-76.32250180
t0_h2o,b3lyp5,switch,1e-08,8,11,True,-76.32250180
t0_h2o,b3lyp5,switch,1e-08,9,11,True,-76.32250180
t0_h2o,b3lyp5,switch,1e-09,1,11,True,-76.32250180
t0_h2o,b3lyp5,switch,1e-09,10,11,True,-76.32250180
t0_h2o,b3lyp5,switch,1e-09,11,11,True,-76.32250180
t0_h2o,b3lyp5,switch,1e-09,12,11,True,-76.32250180
t0_h2o,b3lyp5,switch,1e-09,13,11,True,-76.32250180
t0_h2o,b3lyp5,switch,1e-09,14,11,True,-76.32250180
t0_h2o,b3lyp5,switch,1e-09,15,11,True,-76.32250180
t0_h2o,b3lyp5,switch,1e-09,16,11,True,-76.32250180
t0_h2o,b3lyp5,switch,1e-09,17,11,True,-76.32250180
t0_h2o,b3lyp5,switch,1e-09,18,11,True,-76.32250180
t0_h2o,b3lyp5,switch,1e-09,19,11,True,-76.32250180
t0_h2o,b3lyp5,switch,1e-09,2,11,True,-76.32250180
t0_h2o,b3lyp5,switch,1e-09,20,11,True,-76.32250180
t0_h2o,b3lyp5,switch,1e-09,21,11,True,-76.32250180
t0_h2o,b3lyp5,switch,1e-09,22,11,True,-76.32250180
t0_h2o,b3lyp5,switch,1e-09,23,11,True,-76.32250180
t0_h2o,b3lyp5,switch,1e-09,24,11,True,-76.32250180
t0_h2o,b3lyp5,switch,1e-09,25,11,True,-76.32250180
t0_h2o,b3lyp5,switch,1e-09,26,11,True,-76.32250180
t0_h2o,b3lyp5,switch,1e-09,27,11,True,-76.32250180
t0_h2o,b3lyp5,switch,1e-09,28,11,True,-76.32250180
t0_h2o,b3lyp5,switch,1e-09,29,11,True,-76.32250180
t0_h2o,b3lyp5,switch,1e-09,3,11,True,-76.32250180
t0_h2o,b3lyp5,switch,1e-09,30,11,True,-76.32250180
t0_h2o,b3lyp5,switch,1e-09,4,11,True,-76.32250180
t0_h2o,b3lyp5,switch,1e-09,5,11,True,-76.32250180
t0_h2o,b3lyp5,switch,1e-09,6,11,True,-76.32250180
t0_h2o,b3lyp5,switch,1e-09,7,11,True,-76.32250180
t0_h2o,b3lyp5,switch,1e-09,8,11,True,-76.32250180
t0_h2o,b3lyp5,switch,1e-09,9,11,True,-76.32250180
t0_h2o,b3lyp5,switch,3e-08,1,11,True,-76.32250180
t0_h2o,b3lyp5,switch,3e-08,10,11,True,-76.32250180
t0_h2o,b3lyp5,switch,3e-08,11,11,True,-76.32250180
t0_h2o,b3lyp5,switch,3e-08,12,11,True,-76.32250180
t0_h2o,b3lyp5,switch,3e-08,13,11,True,-76.32250180
t0_h2o,b3lyp5,switch,3e-08,14,11,True,-76.32250180
t0_h2o,b3lyp5,switch,3e-08,15,11,True,-76.32250180
t0_h2o,b3lyp5,switch,3e-08,16,12,True,-76.32250180
t0_h2o,b3lyp5,switch,3e-08,17,11,True,-76.32250180
t0_h2o,b3lyp5,switch,3e-08,18,11,True,-76.32250180
t0_h2o,b3lyp5,switch,3e-08,19,11,True,-76.32250180
t0_h2o,b3lyp5,switch,3e-08,2,11,True,-76.32250180
t0_h2o,b3lyp5,switch,3e-08,20,11,True,-76.32250180
t0_h2o,b3lyp5,switch,3e-08,21,11,True,-76.32250180
t0_h2o,b3lyp5,switch,3e-08,22,11,True,-76.32250180
t0_h2o,b3lyp5,switch,3e-08,23,12,True,-76.32250180
t0_h2o,b3lyp5,switch,3e-08,24,11,True,-76.32250180
t0_h2o,b3lyp5,switch,3e-08,25,11,True,-76.32250180
t0_h2o,b3lyp5,switch,3e-08,26,11,True,-76.32250180
t0_h2o,b3lyp5,switch,3e-08,27,12,True,-76.32250180
t0_h2o,b3lyp5,switch,3e-08,28,11,True,-76.32250180
t0_h2o,b3lyp5,switch,3e-08,29,12,True,-76.32250180
t0_h2o,b3lyp5,switch,3e-08,3,11,True,-76.32250180
t0_h2o,b3lyp5,switch,3e-08,30,11,True,-76.32250180
t0_h2o,b3lyp5,switch,3e-08,4,11,True,-76.32250180
t0_h2o,b3lyp5,switch,3e-08,5,11,True,-76.32250180
t0_h2o,b3lyp5,switch,3e-08,6,11,True,-76.32250180
t0_h2o,b3lyp5,switch,3e-08,7,11,True,-76.32250180
t0_h2o,b3lyp5,switch,3e-08,8,11,True,-76.32250180
t0_h2o,b3lyp5,switch,3e-08,9,12,True,-76.32250180
t0_h2o,hf,diis,0e+00,1,12,True,-75.96225021
t0_h2o,hf,diis,1e-07,1,35,True,-75.96225021
t0_h2o,hf,diis,1e-07,10,26,True,-75.96225021
t0_h2o,hf,diis,1e-07,11,25,True,-75.96225021
t0_h2o,hf,diis,1e-07,12,24,True,-75.96225021
t0_h2o,hf,diis,1e-07,13,23,True,-75.96225021
t0_h2o,hf,diis,1e-07,14,22,True,-75.96225021
t0_h2o,hf,diis,1e-07,15,21,True,-75.96225021
t0_h2o,hf,diis,1e-07,16,20,True,-75.96225021
t0_h2o,hf,diis,1e-07,17,19,True,-75.96225021
t0_h2o,hf,diis,1e-07,18,18,True,-75.96225021
t0_h2o,hf,diis,1e-07,19,16,True,-75.96225021
t0_h2o,hf,diis,1e-07,2,34,True,-75.96225021
t0_h2o,hf,diis,1e-07,20,16,True,-75.96225021
t0_h2o,hf,diis,1e-07,21,15,True,-75.96225021
t0_h2o,hf,diis,1e-07,22,22,True,-75.96225021
t0_h2o,hf,diis,1e-07,23,21,True,-75.96225021
t0_h2o,hf,diis,1e-07,24,20,True,-75.96225021
t0_h2o,hf,diis,1e-07,25,19,True,-75.96225021
t0_h2o,hf,diis,1e-07,26,18,True,-75.96225021
t0_h2o,hf,diis,1e-07,27,34,True,-75.96225021
t0_h2o,hf,diis,1e-07,28,33,True,-75.96225021
t0_h2o,hf,diis,1e-07,29,32,True,-75.96225021
t0_h2o,hf,diis,1e-07,3,33,True,-75.96225021
t0_h2o,hf,diis,1e-07,30,31,True,-75.96225021
t0_h2o,hf,diis,1e-07,4,32,True,-75.96225021
t0_h2o,hf,diis,1e-07,5,31,True,-75.96225021
t0_h2o,hf,diis,1e-07,6,30,True,-75.96225021
t0_h2o,hf,diis,1e-07,7,29,True,-75.96225021
t0_h2o,hf,diis,1e-07,8,28,True,-75.96225021
t0_h2o,hf,diis,1e-07,9,27,True,-75.96225021
t0_h2o,hf,diis,1e-08,1,12,True,-75.96225021
t0_h2o,hf,diis,1e-08,10,12,True,-75.96225021
t0_h2o,hf,diis,1e-08,11,12,True,-75.96225021
t0_h2o,hf,diis,1e-08,12,12,True,-75.96225021
t0_h2o,hf,diis,1e-08,13,12,True,-75.96225021
t0_h2o,hf,diis,1e-08,14,12,True,-75.96225021
t0_h2o,hf,diis,1e-08,15,12,True,-75.96225021
t0_h2o,hf,diis,1e-08,16,12,True,-75.96225021
t0_h2o,hf,diis,1e-08,17,12,True,-75.96225021
t0_h2o,hf,diis,1e-08,18,12,True,-75.96225021
t0_h2o,hf,diis,1e-08,19,12,True,-75.96225021
t0_h2o,hf,diis,1e-08,2,12,True,-75.96225021
t0_h2o,hf,diis,1e-08,20,12,True,-75.96225021
t0_h2o,hf,diis,1e-08,21,12,True,-75.96225021
t0_h2o,hf,diis,1e-08,22,12,True,-75.96225021
t0_h2o,hf,diis,1e-08,23,12,True,-75.96225021
t0_h2o,hf,diis,1e-08,24,12,True,-75.96225021
t0_h2o,hf,diis,1e-08,25,12,True,-75.96225021
t0_h2o,hf,diis,1e-08,26,12,True,-75.96225021
t0_h2o,hf,diis,1e-08,27,12,True,-75.96225021
t0_h2o,hf,diis,1e-08,28,12,True,-75.96225021
t0_h2o,hf,diis,1e-08,29,12,True,-75.96225021
t0_h2o,hf,diis,1e-08,3,12,True,-75.96225021
t0_h2o,hf,diis,1e-08,30,12,True,-75.96225021
t0_h2o,hf,diis,1e-08,4,12,True,-75.96225021
t0_h2o,hf,diis,1e-08,5,12,True,-75.96225021
t0_h2o,hf,diis,1e-08,6,12,True,-75.96225021
t0_h2o,hf,diis,1e-08,7,12,True,-75.96225021
t0_h2o,hf,diis,1e-08,8,12,True,-75.96225021
t0_h2o,hf,diis,1e-08,9,12,True,-75.96225021
t0_h2o,hf,diis,1e-09,1,12,True,-75.96225021
t0_h2o,hf,diis,1e-09,10,12,True,-75.96225021
t0_h2o,hf,diis,1e-09,11,12,True,-75.96225021
t0_h2o,hf,diis,1e-09,12,12,True,-75.96225021
t0_h2o,hf,diis,1e-09,13,12,True,-75.96225021
t0_h2o,hf,diis,1e-09,14,12,True,-75.96225021
t0_h2o,hf,diis,1e-09,15,12,True,-75.96225021
t0_h2o,hf,diis,1e-09,16,12,True,-75.96225021
t0_h2o,hf,diis,1e-09,17,12,True,-75.96225021
t0_h2o,hf,diis,1e-09,18,12,True,-75.96225021
t0_h2o,hf,diis,1e-09,19,12,True,-75.96225021
t0_h2o,hf,diis,1e-09,2,12,True,-75.96225021
t0_h2o,hf,diis,1e-09,20,12,True,-75.96225021
t0_h2o,hf,diis,1e-09,21,12,True,-75.96225021
t0_h2o,hf,diis,1e-09,22,12,True,-75.96225021
t0_h2o,hf,diis,1e-09,23,12,True,-75.96225021
t0_h2o,hf,diis,1e-09,24,12,True,-75.96225021
t0_h2o,hf,diis,1e-09,25,12,True,-75.96225021
t0_h2o,hf,diis,1e-09,26,12,True,-75.96225021
t0_h2o,hf,diis,1e-09,27,12,True,-75.96225021
t0_h2o,hf,diis,1e-09,28,12,True,-75.96225021
t0_h2o,hf,diis,1e-09,29,12,True,-75.96225021
t0_h2o,hf,diis,1e-09,3,12,True,-75.96225021
t0_h2o,hf,diis,1e-09,30,12,True,-75.96225021
t0_h2o,hf,diis,1e-09,4,12,True,-75.96225021
t0_h2o,hf,diis,1e-09,5,12,True,-75.96225021
t0_h2o,hf,diis,1e-09,6,12,True,-75.96225021
t0_h2o,hf,diis,1e-09,7,12,True,-75.96225021
t0_h2o,hf,diis,1e-09,8,12,True,-75.96225021
t0_h2o,hf,diis,1e-09,9,12,True,-75.96225021
t0_h2o,hf,diis,3e-08,1,12,True,-75.96225021
t0_h2o,hf,diis,3e-08,10,12,True,-75.96225021
t0_h2o,hf,diis,3e-08,11,12,True,-75.96225021
t0_h2o,hf,diis,3e-08,12,12,True,-75.96225021
t0_h2o,hf,diis,3e-08,13,12,True,-75.96225021
t0_h2o,hf,diis,3e-08,14,12,True,-75.96225021
t0_h2o,hf,diis,3e-08,15,12,True,-75.96225021
t0_h2o,hf,diis,3e-08,16,12,True,-75.96225021
t0_h2o,hf,diis,3e-08,17,12,True,-75.96225021
t0_h2o,hf,diis,3e-08,18,12,True,-75.96225021
t0_h2o,hf,diis,3e-08,19,12,True,-75.96225021
t0_h2o,hf,diis,3e-08,2,12,True,-75.96225021
t0_h2o,hf,diis,3e-08,20,12,True,-75.96225021
t0_h2o,hf,diis,3e-08,21,12,True,-75.96225021
t0_h2o,hf,diis,3e-08,22,12,True,-75.96225021
t0_h2o,hf,diis,3e-08,23,12,True,-75.96225021
t0_h2o,hf,diis,3e-08,24,12,True,-75.96225021
t0_h2o,hf,diis,3e-08,25,12,True,-75.96225021
t0_h2o,hf,diis,3e-08,26,12,True,-75.96225021
t0_h2o,hf,diis,3e-08,27,12,True,-75.96225021
t0_h2o,hf,diis,3e-08,28,12,True,-75.96225021
t0_h2o,hf,diis,3e-08,29,12,True,-75.96225021
t0_h2o,hf,diis,3e-08,3,12,True,-75.96225021
t0_h2o,hf,diis,3e-08,30,12,True,-75.96225021
t0_h2o,hf,diis,3e-08,4,12,True,-75.96225021
t0_h2o,hf,diis,3e-08,5,12,True,-75.96225021
t0_h2o,hf,diis,3e-08,6,12,True,-75.96225021
t0_h2o,hf,diis,3e-08,7,12,True,-75.96225021
t0_h2o,hf,diis,3e-08,8,12,True,-75.96225021
t0_h2o,hf,diis,3e-08,9,12,True,-75.96225021
t0_h2o,hf,ensemble,0e+00,1,14,True,-75.96225021
t0_h2o,hf,ensemble,1e-07,1,100,False,-75.96225021
t0_h2o,hf,ensemble,1e-07,10,100,False,-75.96225021
t0_h2o,hf,ensemble,1e-07,11,100,False,-75.96225021
t0_h2o,hf,ensemble,1e-07,12,100,False,-75.96225021
t0_h2o,hf,ensemble,1e-07,13,100,False,-75.96225021
t0_h2o,hf,ensemble,1e-07,14,100,False,-75.96225021
t0_h2o,hf,ensemble,1e-07,15,100,False,-75.96225021
t0_h2o,hf,ensemble,1e-07,16,100,False,-75.96225021
t0_h2o,hf,ensemble,1e-07,17,100,False,-75.96225021
t0_h2o,hf,ensemble,1e-07,18,100,False,-75.96225021
t0_h2o,hf,ensemble,1e-07,19,100,False,-75.96225021
t0_h2o,hf,ensemble,1e-07,2,100,False,-75.96225021
t0_h2o,hf,ensemble,1e-07,20,100,False,-75.96225021
t0_h2o,hf,ensemble,1e-07,21,100,False,-75.96225021
t0_h2o,hf,ensemble,1e-07,22,100,False,-75.96225021
t0_h2o,hf,ensemble,1e-07,23,100,False,-75.96225021
t0_h2o,hf,ensemble,1e-07,24,100,False,-75.96225021
t0_h2o,hf,ensemble,1e-07,25,100,False,-75.96225021
t0_h2o,hf,ensemble,1e-07,26,100,False,-75.96225021
t0_h2o,hf,ensemble,1e-07,27,100,False,-75.96225021
t0_h2o,hf,ensemble,1e-07,28,100,False,-75.96225021
t0_h2o,hf,ensemble,1e-07,29,100,False,-75.96225021
t0_h2o,hf,ensemble,1e-07,3,100,False,-75.96225021
t0_h2o,hf,ensemble,1e-07,30,100,False,-75.96225021
t0_h2o,hf,ensemble,1e-07,4,100,False,-75.96225021
t0_h2o,hf,ensemble,1e-07,5,100,False,-75.96225021
t0_h2o,hf,ensemble,1e-07,6,100,False,-75.96225021
t0_h2o,hf,ensemble,1e-07,7,100,False,-75.96225021
t0_h2o,hf,ensemble,1e-07,8,100,False,-75.96225021
t0_h2o,hf,ensemble,1e-07,9,100,False,-75.96225021
t0_h2o,hf,ensemble,1e-08,1,17,True,-75.96225021
t0_h2o,hf,ensemble,1e-08,10,17,True,-75.96225021
t0_h2o,hf,ensemble,1e-08,11,17,True,-75.96225021
t0_h2o,hf,ensemble,1e-08,12,16,True,-75.96225021
t0_h2o,hf,ensemble,1e-08,13,15,True,-75.96225021
t0_h2o,hf,ensemble,1e-08,14,14,True,-75.96225021
t0_h2o,hf,ensemble,1e-08,15,18,True,-75.96225021
t0_h2o,hf,ensemble,1e-08,16,17,True,-75.96225021
t0_h2o,hf,ensemble,1e-08,17,17,True,-75.96225021
t0_h2o,hf,ensemble,1e-08,18,13,True,-75.96225021
t0_h2o,hf,ensemble,1e-08,19,15,True,-75.96225021
t0_h2o,hf,ensemble,1e-08,2,15,True,-75.96225021
t0_h2o,hf,ensemble,1e-08,20,18,True,-75.96225021
t0_h2o,hf,ensemble,1e-08,21,16,True,-75.96225021
t0_h2o,hf,ensemble,1e-08,22,16,True,-75.96225021
t0_h2o,hf,ensemble,1e-08,23,14,True,-75.96225021
t0_h2o,hf,ensemble,1e-08,24,15,True,-75.96225021
t0_h2o,hf,ensemble,1e-08,25,19,True,-75.96225021
t0_h2o,hf,ensemble,1e-08,26,14,True,-75.96225021
t0_h2o,hf,ensemble,1e-08,27,17,True,-75.96225021
t0_h2o,hf,ensemble,1e-08,28,16,True,-75.96225021
t0_h2o,hf,ensemble,1e-08,29,17,True,-75.96225021
t0_h2o,hf,ensemble,1e-08,3,15,True,-75.96225021
t0_h2o,hf,ensemble,1e-08,30,14,True,-75.96225021
t0_h2o,hf,ensemble,1e-08,4,16,True,-75.96225021
t0_h2o,hf,ensemble,1e-08,5,18,True,-75.96225021
t0_h2o,hf,ensemble,1e-08,6,19,True,-75.96225021
t0_h2o,hf,ensemble,1e-08,7,17,True,-75.96225021
t0_h2o,hf,ensemble,1e-08,8,14,True,-75.96225021
t0_h2o,hf,ensemble,1e-08,9,17,True,-75.96225021
t0_h2o,hf,ensemble,1e-09,1,16,True,-75.96225021
t0_h2o,hf,ensemble,1e-09,10,18,True,-75.96225021
t0_h2o,hf,ensemble,1e-09,11,15,True,-75.96225021
t0_h2o,hf,ensemble,1e-09,12,14,True,-75.96225021
t0_h2o,hf,ensemble,1e-09,13,15,True,-75.96225021
t0_h2o,hf,ensemble,1e-09,14,16,True,-75.96225021
t0_h2o,hf,ensemble,1e-09,15,15,True,-75.96225021
t0_h2o,hf,ensemble,1e-09,16,16,True,-75.96225021
t0_h2o,hf,ensemble,1e-09,17,18,True,-75.96225021
t0_h2o,hf,ensemble,1e-09,18,17,True,-75.96225021
t0_h2o,hf,ensemble,1e-09,19,14,True,-75.96225021
t0_h2o,hf,ensemble,1e-09,2,15,True,-75.96225021
t0_h2o,hf,ensemble,1e-09,20,17,True,-75.96225021
t0_h2o,hf,ensemble,1e-09,21,14,True,-75.96225021
t0_h2o,hf,ensemble,1e-09,22,19,True,-75.96225021
t0_h2o,hf,ensemble,1e-09,23,18,True,-75.96225021
t0_h2o,hf,ensemble,1e-09,24,16,True,-75.96225021
t0_h2o,hf,ensemble,1e-09,25,16,True,-75.96225021
t0_h2o,hf,ensemble,1e-09,26,14,True,-75.96225021
t0_h2o,hf,ensemble,1e-09,27,18,True,-75.96225021
t0_h2o,hf,ensemble,1e-09,28,15,True,-75.96225021
t0_h2o,hf,ensemble,1e-09,29,17,True,-75.96225021
t0_h2o,hf,ensemble,1e-09,3,14,True,-75.96225021
t0_h2o,hf,ensemble,1e-09,30,17,True,-75.96225021
t0_h2o,hf,ensemble,1e-09,4,20,True,-75.96225021
t0_h2o,hf,ensemble,1e-09,5,14,True,-75.96225021
t0_h2o,hf,ensemble,1e-09,6,18,True,-75.96225021
t0_h2o,hf,ensemble,1e-09,7,16,True,-75.96225021
t0_h2o,hf,ensemble,1e-09,8,17,True,-75.96225021
t0_h2o,hf,ensemble,1e-09,9,15,True,-75.96225021
t0_h2o,hf,ensemble,3e-08,1,16,True,-75.96225021
t0_h2o,hf,ensemble,3e-08,10,18,True,-75.96225021
t0_h2o,hf,ensemble,3e-08,11,16,True,-75.96225021
t0_h2o,hf,ensemble,3e-08,12,19,True,-75.96225021
t0_h2o,hf,ensemble,3e-08,13,15,True,-75.96225021
t0_h2o,hf,ensemble,3e-08,14,18,True,-75.96225021
t0_h2o,hf,ensemble,3e-08,15,18,True,-75.96225021
t0_h2o,hf,ensemble,3e-08,16,18,True,-75.96225021
t0_h2o,hf,ensemble,3e-08,17,15,True,-75.96225021
t0_h2o,hf,ensemble,3e-08,18,18,True,-75.96225021
t0_h2o,hf,ensemble,3e-08,19,23,True,-75.96225021
t0_h2o,hf,ensemble,3e-08,2,16,True,-75.96225021
t0_h2o,hf,ensemble,3e-08,20,19,True,-75.96225021
t0_h2o,hf,ensemble,3e-08,21,17,True,-75.96225021
t0_h2o,hf,ensemble,3e-08,22,14,True,-75.96225021
t0_h2o,hf,ensemble,3e-08,23,15,True,-75.96225021
t0_h2o,hf,ensemble,3e-08,24,14,True,-75.96225021
t0_h2o,hf,ensemble,3e-08,25,16,True,-75.96225021
t0_h2o,hf,ensemble,3e-08,26,17,True,-75.96225021
t0_h2o,hf,ensemble,3e-08,27,16,True,-75.96225021
t0_h2o,hf,ensemble,3e-08,28,17,True,-75.96225021
t0_h2o,hf,ensemble,3e-08,29,15,True,-75.96225021
t0_h2o,hf,ensemble,3e-08,3,14,True,-75.96225021
t0_h2o,hf,ensemble,3e-08,30,13,True,-75.96225021
t0_h2o,hf,ensemble,3e-08,4,15,True,-75.96225021
t0_h2o,hf,ensemble,3e-08,5,17,True,-75.96225021
t0_h2o,hf,ensemble,3e-08,6,14,True,-75.96225021
t0_h2o,hf,ensemble,3e-08,7,16,True,-75.96225021
t0_h2o,hf,ensemble,3e-08,8,18,True,-75.96225021
t0_h2o,hf,ensemble,3e-08,9,17,True,-75.96225021
t0_h2o,hf,histqn,0e+00,1,47,True,-75.96225021
t0_h2o,hf,histqn,1e-07,1,100,False,-75.96225021
t0_h2o,hf,histqn,1e-07,10,100,False,-75.96225021
t0_h2o,hf,histqn,1e-07,11,100,False,-75.96225021
t0_h2o,hf,histqn,1e-07,12,100,False,-75.96225021
t0_h2o,hf,histqn,1e-07,13,100,False,-75.96225021
t0_h2o,hf,histqn,1e-07,14,100,False,-75.96225021
t0_h2o,hf,histqn,1e-07,15,100,False,-75.96225021
t0_h2o,hf,histqn,1e-07,16,100,False,-75.96225021
t0_h2o,hf,histqn,1e-07,17,100,False,-75.96225021
t0_h2o,hf,histqn,1e-07,18,100,False,-75.96225021
t0_h2o,hf,histqn,1e-07,19,100,False,-75.96225021
t0_h2o,hf,histqn,1e-07,2,100,False,-75.96225021
t0_h2o,hf,histqn,1e-07,20,100,False,-75.96225021
t0_h2o,hf,histqn,1e-07,21,100,False,-75.96225021
t0_h2o,hf,histqn,1e-07,22,100,False,-75.96225021
t0_h2o,hf,histqn,1e-07,23,100,False,-75.96225021
t0_h2o,hf,histqn,1e-07,24,100,False,-75.96225021
t0_h2o,hf,histqn,1e-07,25,100,False,-75.96225021
t0_h2o,hf,histqn,1e-07,26,100,False,-75.96225021
t0_h2o,hf,histqn,1e-07,27,100,False,-75.96224980
t0_h2o,hf,histqn,1e-07,28,100,False,-75.96224875
t0_h2o,hf,histqn,1e-07,29,100,False,-73.09425960
t0_h2o,hf,histqn,1e-07,3,100,False,-75.96225021
t0_h2o,hf,histqn,1e-07,30,100,False,-75.96225021
t0_h2o,hf,histqn,1e-07,4,100,False,-75.96100134
t0_h2o,hf,histqn,1e-07,5,100,False,-75.96225021
t0_h2o,hf,histqn,1e-07,6,100,False,-75.96225021
t0_h2o,hf,histqn,1e-07,7,100,False,-75.96225021
t0_h2o,hf,histqn,1e-07,8,100,False,-75.96225021
t0_h2o,hf,histqn,1e-07,9,100,False,-75.96225021
t0_h2o,hf,histqn,1e-08,1,53,True,-75.96225021
t0_h2o,hf,histqn,1e-08,10,47,True,-75.96225021
t0_h2o,hf,histqn,1e-08,11,53,True,-75.96225021
t0_h2o,hf,histqn,1e-08,12,49,True,-75.96225021
t0_h2o,hf,histqn,1e-08,13,51,True,-75.96225021
t0_h2o,hf,histqn,1e-08,14,47,True,-75.96225021
t0_h2o,hf,histqn,1e-08,15,51,True,-75.96225021
t0_h2o,hf,histqn,1e-08,16,45,True,-75.96225021
t0_h2o,hf,histqn,1e-08,17,51,True,-75.96225021
t0_h2o,hf,histqn,1e-08,18,47,True,-75.96225021
t0_h2o,hf,histqn,1e-08,19,49,True,-75.96225021
t0_h2o,hf,histqn,1e-08,2,51,True,-75.96225021
t0_h2o,hf,histqn,1e-08,20,47,True,-75.96225021
t0_h2o,hf,histqn,1e-08,21,49,True,-75.96225021
t0_h2o,hf,histqn,1e-08,22,47,True,-75.96225021
t0_h2o,hf,histqn,1e-08,23,51,True,-75.96225021
t0_h2o,hf,histqn,1e-08,24,47,True,-75.96225021
t0_h2o,hf,histqn,1e-08,25,49,True,-75.96225021
t0_h2o,hf,histqn,1e-08,26,45,True,-75.96225021
t0_h2o,hf,histqn,1e-08,27,47,True,-75.96225021
t0_h2o,hf,histqn,1e-08,28,45,True,-75.96225021
t0_h2o,hf,histqn,1e-08,29,49,True,-75.96225021
t0_h2o,hf,histqn,1e-08,3,53,True,-75.96225021
t0_h2o,hf,histqn,1e-08,30,45,True,-75.96225021
t0_h2o,hf,histqn,1e-08,4,49,True,-75.96225021
t0_h2o,hf,histqn,1e-08,5,51,True,-75.96225021
t0_h2o,hf,histqn,1e-08,6,47,True,-75.96225021
t0_h2o,hf,histqn,1e-08,7,51,True,-75.96225021
t0_h2o,hf,histqn,1e-08,8,47,True,-75.96225021
t0_h2o,hf,histqn,1e-08,9,49,True,-75.96225021
t0_h2o,hf,histqn,1e-09,1,47,True,-75.96225021
t0_h2o,hf,histqn,1e-09,10,47,True,-75.96225021
t0_h2o,hf,histqn,1e-09,11,49,True,-75.96225021
t0_h2o,hf,histqn,1e-09,12,47,True,-75.96225021
t0_h2o,hf,histqn,1e-09,13,49,True,-75.96225021
t0_h2o,hf,histqn,1e-09,14,47,True,-75.96225021
t0_h2o,hf,histqn,1e-09,15,49,True,-75.96225021
t0_h2o,hf,histqn,1e-09,16,47,True,-75.96225021
t0_h2o,hf,histqn,1e-09,17,49,True,-75.96225021
t0_h2o,hf,histqn,1e-09,18,47,True,-75.96225021
t0_h2o,hf,histqn,1e-09,19,49,True,-75.96225021
t0_h2o,hf,histqn,1e-09,2,47,True,-75.96225021
t0_h2o,hf,histqn,1e-09,20,47,True,-75.96225021
t0_h2o,hf,histqn,1e-09,21,47,True,-75.96225021
t0_h2o,hf,histqn,1e-09,22,47,True,-75.96225021
t0_h2o,hf,histqn,1e-09,23,49,True,-75.96225021
t0_h2o,hf,histqn,1e-09,24,47,True,-75.96225021
t0_h2o,hf,histqn,1e-09,25,49,True,-75.96225021
t0_h2o,hf,histqn,1e-09,26,47,True,-75.96225021
t0_h2o,hf,histqn,1e-09,27,49,True,-75.96225021
t0_h2o,hf,histqn,1e-09,28,47,True,-75.96225021
t0_h2o,hf,histqn,1e-09,29,49,True,-75.96225021
t0_h2o,hf,histqn,1e-09,3,47,True,-75.96225021
t0_h2o,hf,histqn,1e-09,30,49,True,-75.96225021
t0_h2o,hf,histqn,1e-09,4,47,True,-75.96225021
t0_h2o,hf,histqn,1e-09,5,47,True,-75.96225021
t0_h2o,hf,histqn,1e-09,6,47,True,-75.96225021
t0_h2o,hf,histqn,1e-09,7,47,True,-75.96225021
t0_h2o,hf,histqn,1e-09,8,47,True,-75.96225021
t0_h2o,hf,histqn,1e-09,9,47,True,-75.96225021
t0_h2o,hf,histqn,3e-08,1,56,True,-75.96225021
t0_h2o,hf,histqn,3e-08,10,53,True,-75.96225021
t0_h2o,hf,histqn,3e-08,11,55,True,-75.96225021
t0_h2o,hf,histqn,3e-08,12,54,True,-75.96225021
t0_h2o,hf,histqn,3e-08,13,53,True,-75.96225021
t0_h2o,hf,histqn,3e-08,14,52,True,-75.96225021
t0_h2o,hf,histqn,3e-08,15,53,True,-75.96225021
t0_h2o,hf,histqn,3e-08,16,50,True,-75.96225021
t0_h2o,hf,histqn,3e-08,17,60,True,-75.96225021
t0_h2o,hf,histqn,3e-08,18,51,True,-75.96225021
t0_h2o,hf,histqn,3e-08,19,58,True,-75.96225021
t0_h2o,hf,histqn,3e-08,2,55,True,-75.96225021
t0_h2o,hf,histqn,3e-08,20,51,True,-75.96225021
t0_h2o,hf,histqn,3e-08,21,58,True,-75.96225021
t0_h2o,hf,histqn,3e-08,22,51,True,-75.96225021
t0_h2o,hf,histqn,3e-08,23,56,True,-75.96225021
t0_h2o,hf,histqn,3e-08,24,47,True,-75.96225021
t0_h2o,hf,histqn,3e-08,25,54,True,-75.96225021
t0_h2o,hf,histqn,3e-08,26,49,True,-75.96225021
t0_h2o,hf,histqn,3e-08,27,52,True,-75.96225021
t0_h2o,hf,histqn,3e-08,28,51,True,-75.96225021
t0_h2o,hf,histqn,3e-08,29,50,True,-75.96225021
t0_h2o,hf,histqn,3e-08,3,56,True,-75.96225021
t0_h2o,hf,histqn,3e-08,30,47,True,-75.96225021
t0_h2o,hf,histqn,3e-08,4,55,True,-75.96225021
t0_h2o,hf,histqn,3e-08,5,56,True,-75.96225021
t0_h2o,hf,histqn,3e-08,6,55,True,-75.96225021
t0_h2o,hf,histqn,3e-08,7,54,True,-75.96225021
t0_h2o,hf,histqn,3e-08,8,49,True,-75.96225021
t0_h2o,hf,histqn,3e-08,9,57,True,-75.96225021
t0_h2o,hf,soscf,0e+00,1,17,True,-75.96225021
t0_h2o,hf,soscf,1e-07,1,100,False,-75.96225021
t0_h2o,hf,soscf,1e-07,10,100,False,-75.96225021
t0_h2o,hf,soscf,1e-07,11,100,False,-75.96225021
t0_h2o,hf,soscf,1e-07,12,100,False,-75.96225021
t0_h2o,hf,soscf,1e-07,13,100,False,-75.96225021
t0_h2o,hf,soscf,1e-07,14,100,False,-75.96225021
t0_h2o,hf,soscf,1e-07,15,100,False,-75.96225021
t0_h2o,hf,soscf,1e-07,16,100,False,-75.96225021
t0_h2o,hf,soscf,1e-07,17,100,False,-75.96225021
t0_h2o,hf,soscf,1e-07,18,100,False,-75.96225021
t0_h2o,hf,soscf,1e-07,19,100,False,-75.96225021
t0_h2o,hf,soscf,1e-07,2,100,False,-75.96225021
t0_h2o,hf,soscf,1e-07,20,100,False,-75.96225021
t0_h2o,hf,soscf,1e-07,21,100,False,-75.96225021
t0_h2o,hf,soscf,1e-07,22,100,False,-75.96225021
t0_h2o,hf,soscf,1e-07,23,100,False,-75.96225021
t0_h2o,hf,soscf,1e-07,24,100,False,-75.96225021
t0_h2o,hf,soscf,1e-07,25,100,False,-75.96225021
t0_h2o,hf,soscf,1e-07,26,100,False,-75.96225021
t0_h2o,hf,soscf,1e-07,27,100,False,-75.96225021
t0_h2o,hf,soscf,1e-07,28,100,False,-75.96225021
t0_h2o,hf,soscf,1e-07,29,100,False,-75.96225021
t0_h2o,hf,soscf,1e-07,3,100,False,-75.96225021
t0_h2o,hf,soscf,1e-07,30,100,False,-75.96225021
t0_h2o,hf,soscf,1e-07,4,100,False,-75.96225021
t0_h2o,hf,soscf,1e-07,5,100,False,-75.96225021
t0_h2o,hf,soscf,1e-07,6,100,False,-75.96225021
t0_h2o,hf,soscf,1e-07,7,100,False,-75.96225021
t0_h2o,hf,soscf,1e-07,8,100,False,-75.96225021
t0_h2o,hf,soscf,1e-07,9,100,False,-75.96225021
t0_h2o,hf,soscf,1e-08,1,17,True,-75.96225021
t0_h2o,hf,soscf,1e-08,10,17,True,-75.96225021
t0_h2o,hf,soscf,1e-08,11,17,True,-75.96225021
t0_h2o,hf,soscf,1e-08,12,16,True,-75.96225021
t0_h2o,hf,soscf,1e-08,13,15,True,-75.96225021
t0_h2o,hf,soscf,1e-08,14,14,True,-75.96225021
t0_h2o,hf,soscf,1e-08,15,18,True,-75.96225021
t0_h2o,hf,soscf,1e-08,16,17,True,-75.96225021
t0_h2o,hf,soscf,1e-08,17,17,True,-75.96225021
t0_h2o,hf,soscf,1e-08,18,13,True,-75.96225021
t0_h2o,hf,soscf,1e-08,19,15,True,-75.96225021
t0_h2o,hf,soscf,1e-08,2,15,True,-75.96225021
t0_h2o,hf,soscf,1e-08,20,18,True,-75.96225021
t0_h2o,hf,soscf,1e-08,21,16,True,-75.96225021
t0_h2o,hf,soscf,1e-08,22,15,True,-75.96225021
t0_h2o,hf,soscf,1e-08,23,14,True,-75.96225021
t0_h2o,hf,soscf,1e-08,24,15,True,-75.96225021
t0_h2o,hf,soscf,1e-08,25,19,True,-75.96225021
t0_h2o,hf,soscf,1e-08,26,14,True,-75.96225021
t0_h2o,hf,soscf,1e-08,27,17,True,-75.96225021
t0_h2o,hf,soscf,1e-08,28,16,True,-75.96225021
t0_h2o,hf,soscf,1e-08,29,17,True,-75.96225021
t0_h2o,hf,soscf,1e-08,3,15,True,-75.96225021
t0_h2o,hf,soscf,1e-08,30,14,True,-75.96225021
t0_h2o,hf,soscf,1e-08,4,16,True,-75.96225021
t0_h2o,hf,soscf,1e-08,5,18,True,-75.96225021
t0_h2o,hf,soscf,1e-08,6,19,True,-75.96225021
t0_h2o,hf,soscf,1e-08,7,18,True,-75.96225021
t0_h2o,hf,soscf,1e-08,8,14,True,-75.96225021
t0_h2o,hf,soscf,1e-08,9,17,True,-75.96225021
t0_h2o,hf,soscf,1e-09,1,16,True,-75.96225021
t0_h2o,hf,soscf,1e-09,10,18,True,-75.96225021
t0_h2o,hf,soscf,1e-09,11,15,True,-75.96225021
t0_h2o,hf,soscf,1e-09,12,14,True,-75.96225021
t0_h2o,hf,soscf,1e-09,13,15,True,-75.96225021
t0_h2o,hf,soscf,1e-09,14,16,True,-75.96225021
t0_h2o,hf,soscf,1e-09,15,15,True,-75.96225021
t0_h2o,hf,soscf,1e-09,16,16,True,-75.96225021
t0_h2o,hf,soscf,1e-09,17,18,True,-75.96225021
t0_h2o,hf,soscf,1e-09,18,17,True,-75.96225021
t0_h2o,hf,soscf,1e-09,19,14,True,-75.96225021
t0_h2o,hf,soscf,1e-09,2,15,True,-75.96225021
t0_h2o,hf,soscf,1e-09,20,17,True,-75.96225021
t0_h2o,hf,soscf,1e-09,21,14,True,-75.96225021
t0_h2o,hf,soscf,1e-09,22,19,True,-75.96225021
t0_h2o,hf,soscf,1e-09,23,18,True,-75.96225021
t0_h2o,hf,soscf,1e-09,24,16,True,-75.96225021
t0_h2o,hf,soscf,1e-09,25,16,True,-75.96225021
t0_h2o,hf,soscf,1e-09,26,14,True,-75.96225021
t0_h2o,hf,soscf,1e-09,27,18,True,-75.96225021
t0_h2o,hf,soscf,1e-09,28,15,True,-75.96225021
t0_h2o,hf,soscf,1e-09,29,16,True,-75.96225021
t0_h2o,hf,soscf,1e-09,3,14,True,-75.96225021
t0_h2o,hf,soscf,1e-09,30,17,True,-75.96225021
t0_h2o,hf,soscf,1e-09,4,20,True,-75.96225021
t0_h2o,hf,soscf,1e-09,5,14,True,-75.96225021
t0_h2o,hf,soscf,1e-09,6,18,True,-75.96225021
t0_h2o,hf,soscf,1e-09,7,16,True,-75.96225021
t0_h2o,hf,soscf,1e-09,8,17,True,-75.96225021
t0_h2o,hf,soscf,1e-09,9,15,True,-75.96225021
t0_h2o,hf,soscf,3e-08,1,16,True,-75.96225021
t0_h2o,hf,soscf,3e-08,10,18,True,-75.96225021
t0_h2o,hf,soscf,3e-08,11,16,True,-75.96225021
t0_h2o,hf,soscf,3e-08,12,19,True,-75.96225021
t0_h2o,hf,soscf,3e-08,13,15,True,-75.96225021
t0_h2o,hf,soscf,3e-08,14,18,True,-75.96225021
t0_h2o,hf,soscf,3e-08,15,18,True,-75.96225021
t0_h2o,hf,soscf,3e-08,16,18,True,-75.96225021
t0_h2o,hf,soscf,3e-08,17,15,True,-75.96225021
t0_h2o,hf,soscf,3e-08,18,18,True,-75.96225021
t0_h2o,hf,soscf,3e-08,19,23,True,-75.96225021
t0_h2o,hf,soscf,3e-08,2,16,True,-75.96225021
t0_h2o,hf,soscf,3e-08,20,19,True,-75.96225021
t0_h2o,hf,soscf,3e-08,21,17,True,-75.96225021
t0_h2o,hf,soscf,3e-08,22,14,True,-75.96225021
t0_h2o,hf,soscf,3e-08,23,15,True,-75.96225021
t0_h2o,hf,soscf,3e-08,24,14,True,-75.96225021
t0_h2o,hf,soscf,3e-08,25,16,True,-75.96225021
t0_h2o,hf,soscf,3e-08,26,17,True,-75.96225021
t0_h2o,hf,soscf,3e-08,27,16,True,-75.96225021
t0_h2o,hf,soscf,3e-08,28,17,True,-75.96225021
t0_h2o,hf,soscf,3e-08,29,15,True,-75.96225021
t0_h2o,hf,soscf,3e-08,3,14,True,-75.96225021
t0_h2o,hf,soscf,3e-08,30,13,True,-75.96225021
t0_h2o,hf,soscf,3e-08,4,15,True,-75.96225021
t0_h2o,hf,soscf,3e-08,5,17,True,-75.96225021
t0_h2o,hf,soscf,3e-08,6,14,True,-75.96225021
t0_h2o,hf,soscf,3e-08,7,16,True,-75.96225021
t0_h2o,hf,soscf,3e-08,8,18,True,-75.96225021
t0_h2o,hf,soscf,3e-08,9,17,True,-75.96225021
t0_h2o,hf,switch,0e+00,1,13,True,-75.96225021
t0_h2o,hf,switch,1e-07,1,100,False,-75.96225021
t0_h2o,hf,switch,1e-07,10,100,False,-75.96225021
t0_h2o,hf,switch,1e-07,11,100,False,-75.96225021
t0_h2o,hf,switch,1e-07,12,100,False,-75.96225021
t0_h2o,hf,switch,1e-07,13,100,False,-75.96225021
t0_h2o,hf,switch,1e-07,14,100,False,-75.96225021
t0_h2o,hf,switch,1e-07,15,100,False,-75.96225021
t0_h2o,hf,switch,1e-07,16,100,False,-75.96225021
t0_h2o,hf,switch,1e-07,17,100,False,-75.96225021
t0_h2o,hf,switch,1e-07,18,100,False,-75.96225021
t0_h2o,hf,switch,1e-07,19,100,False,-75.96225021
t0_h2o,hf,switch,1e-07,2,100,False,-75.96225021
t0_h2o,hf,switch,1e-07,20,100,False,-75.96225021
t0_h2o,hf,switch,1e-07,21,100,False,-75.96225021
t0_h2o,hf,switch,1e-07,22,100,False,-75.96225021
t0_h2o,hf,switch,1e-07,23,100,False,-75.96225021
t0_h2o,hf,switch,1e-07,24,100,False,-75.96225021
t0_h2o,hf,switch,1e-07,25,100,False,-75.96225021
t0_h2o,hf,switch,1e-07,26,100,False,-75.96225021
t0_h2o,hf,switch,1e-07,27,100,False,-75.96225021
t0_h2o,hf,switch,1e-07,28,100,False,-75.96225021
t0_h2o,hf,switch,1e-07,29,100,False,-75.96225021
t0_h2o,hf,switch,1e-07,3,100,False,-75.96225021
t0_h2o,hf,switch,1e-07,30,100,False,-75.96225021
t0_h2o,hf,switch,1e-07,4,100,False,-75.96225021
t0_h2o,hf,switch,1e-07,5,100,False,-75.96225021
t0_h2o,hf,switch,1e-07,6,100,False,-75.96225021
t0_h2o,hf,switch,1e-07,7,100,False,-75.96225021
t0_h2o,hf,switch,1e-07,8,100,False,-75.96225021
t0_h2o,hf,switch,1e-07,9,100,False,-75.96225021
t0_h2o,hf,switch,1e-08,1,13,True,-75.96225021
t0_h2o,hf,switch,1e-08,10,13,True,-75.96225021
t0_h2o,hf,switch,1e-08,11,13,True,-75.96225021
t0_h2o,hf,switch,1e-08,12,13,True,-75.96225021
t0_h2o,hf,switch,1e-08,13,13,True,-75.96225021
t0_h2o,hf,switch,1e-08,14,13,True,-75.96225021
t0_h2o,hf,switch,1e-08,15,13,True,-75.96225021
t0_h2o,hf,switch,1e-08,16,13,True,-75.96225021
t0_h2o,hf,switch,1e-08,17,13,True,-75.96225021
t0_h2o,hf,switch,1e-08,18,13,True,-75.96225021
t0_h2o,hf,switch,1e-08,19,13,True,-75.96225021
t0_h2o,hf,switch,1e-08,2,13,True,-75.96225021
t0_h2o,hf,switch,1e-08,20,13,True,-75.96225021
t0_h2o,hf,switch,1e-08,21,13,True,-75.96225021
t0_h2o,hf,switch,1e-08,22,13,True,-75.96225021
t0_h2o,hf,switch,1e-08,23,13,True,-75.96225021
t0_h2o,hf,switch,1e-08,24,13,True,-75.96225021
t0_h2o,hf,switch,1e-08,25,13,True,-75.96225021
t0_h2o,hf,switch,1e-08,26,13,True,-75.96225021
t0_h2o,hf,switch,1e-08,27,13,True,-75.96225021
t0_h2o,hf,switch,1e-08,28,13,True,-75.96225021
t0_h2o,hf,switch,1e-08,29,13,True,-75.96225021
t0_h2o,hf,switch,1e-08,3,13,True,-75.96225021
t0_h2o,hf,switch,1e-08,30,13,True,-75.96225021
t0_h2o,hf,switch,1e-08,4,13,True,-75.96225021
t0_h2o,hf,switch,1e-08,5,13,True,-75.96225021
t0_h2o,hf,switch,1e-08,6,13,True,-75.96225021
t0_h2o,hf,switch,1e-08,7,13,True,-75.96225021
t0_h2o,hf,switch,1e-08,8,13,True,-75.96225021
t0_h2o,hf,switch,1e-08,9,13,True,-75.96225021
t0_h2o,hf,switch,1e-09,1,13,True,-75.96225021
t0_h2o,hf,switch,1e-09,10,13,True,-75.96225021
t0_h2o,hf,switch,1e-09,11,13,True,-75.96225021
t0_h2o,hf,switch,1e-09,12,13,True,-75.96225021
t0_h2o,hf,switch,1e-09,13,13,True,-75.96225021
t0_h2o,hf,switch,1e-09,14,13,True,-75.96225021
t0_h2o,hf,switch,1e-09,15,13,True,-75.96225021
t0_h2o,hf,switch,1e-09,16,13,True,-75.96225021
t0_h2o,hf,switch,1e-09,17,13,True,-75.96225021
t0_h2o,hf,switch,1e-09,18,13,True,-75.96225021
t0_h2o,hf,switch,1e-09,19,13,True,-75.96225021
t0_h2o,hf,switch,1e-09,2,13,True,-75.96225021
t0_h2o,hf,switch,1e-09,20,13,True,-75.96225021
t0_h2o,hf,switch,1e-09,21,13,True,-75.96225021
t0_h2o,hf,switch,1e-09,22,13,True,-75.96225021
t0_h2o,hf,switch,1e-09,23,13,True,-75.96225021
t0_h2o,hf,switch,1e-09,24,13,True,-75.96225021
t0_h2o,hf,switch,1e-09,25,13,True,-75.96225021
t0_h2o,hf,switch,1e-09,26,13,True,-75.96225021
t0_h2o,hf,switch,1e-09,27,13,True,-75.96225021
t0_h2o,hf,switch,1e-09,28,13,True,-75.96225021
t0_h2o,hf,switch,1e-09,29,13,True,-75.96225021
t0_h2o,hf,switch,1e-09,3,13,True,-75.96225021
t0_h2o,hf,switch,1e-09,30,13,True,-75.96225021
t0_h2o,hf,switch,1e-09,4,13,True,-75.96225021
t0_h2o,hf,switch,1e-09,5,13,True,-75.96225021
t0_h2o,hf,switch,1e-09,6,13,True,-75.96225021
t0_h2o,hf,switch,1e-09,7,13,True,-75.96225021
t0_h2o,hf,switch,1e-09,8,13,True,-75.96225021
t0_h2o,hf,switch,1e-09,9,13,True,-75.96225021
t0_h2o,hf,switch,3e-08,1,13,True,-75.96225021
t0_h2o,hf,switch,3e-08,10,13,True,-75.96225021
t0_h2o,hf,switch,3e-08,11,13,True,-75.96225021
t0_h2o,hf,switch,3e-08,12,13,True,-75.96225021
t0_h2o,hf,switch,3e-08,13,13,True,-75.96225021
t0_h2o,hf,switch,3e-08,14,13,True,-75.96225021
t0_h2o,hf,switch,3e-08,15,13,True,-75.96225021
t0_h2o,hf,switch,3e-08,16,13,True,-75.96225021
t0_h2o,hf,switch,3e-08,17,13,True,-75.96225021
t0_h2o,hf,switch,3e-08,18,13,True,-75.96225021
t0_h2o,hf,switch,3e-08,19,13,True,-75.96225021
t0_h2o,hf,switch,3e-08,2,13,True,-75.96225021
t0_h2o,hf,switch,3e-08,20,13,True,-75.96225021
t0_h2o,hf,switch,3e-08,21,13,True,-75.96225021
t0_h2o,hf,switch,3e-08,22,13,True,-75.96225021
t0_h2o,hf,switch,3e-08,23,13,True,-75.96225021
t0_h2o,hf,switch,3e-08,24,13,True,-75.96225021
t0_h2o,hf,switch,3e-08,25,13,True,-75.96225021
t0_h2o,hf,switch,3e-08,26,13,True,-75.96225021
t0_h2o,hf,switch,3e-08,27,13,True,-75.96225021
t0_h2o,hf,switch,3e-08,28,13,True,-75.96225021
t0_h2o,hf,switch,3e-08,29,13,True,-75.96225021
t0_h2o,hf,switch,3e-08,3,13,True,-75.96225021
t0_h2o,hf,switch,3e-08,30,13,True,-75.96225021
t0_h2o,hf,switch,3e-08,4,13,True,-75.96225021
t0_h2o,hf,switch,3e-08,5,13,True,-75.96225021
t0_h2o,hf,switch,3e-08,6,13,True,-75.96225021
t0_h2o,hf,switch,3e-08,7,13,True,-75.96225021
t0_h2o,hf,switch,3e-08,8,13,True,-75.96225021
t0_h2o,hf,switch,3e-08,9,13,True,-75.96225021
t0_nh3,b3lyp5,diis,0e+00,1,11,True,-56.47356250
t0_nh3,b3lyp5,diis,1e-07,1,100,False,-56.47356250
t0_nh3,b3lyp5,diis,1e-07,10,96,True,-56.47356250
t0_nh3,b3lyp5,diis,1e-07,11,95,True,-56.47356250
t0_nh3,b3lyp5,diis,1e-07,12,94,True,-56.47356250
t0_nh3,b3lyp5,diis,1e-07,13,93,True,-56.47356250
t0_nh3,b3lyp5,diis,1e-07,14,92,True,-56.47356250
t0_nh3,b3lyp5,diis,1e-07,15,91,True,-56.47356250
t0_nh3,b3lyp5,diis,1e-07,16,90,True,-56.47356250
t0_nh3,b3lyp5,diis,1e-07,17,89,True,-56.47356250
t0_nh3,b3lyp5,diis,1e-07,18,88,True,-56.47356250
t0_nh3,b3lyp5,diis,1e-07,19,87,True,-56.47356250
t0_nh3,b3lyp5,diis,1e-07,2,100,False,-56.47356250
t0_nh3,b3lyp5,diis,1e-07,20,86,True,-56.47356250
t0_nh3,b3lyp5,diis,1e-07,21,85,True,-56.47356250
t0_nh3,b3lyp5,diis,1e-07,22,84,True,-56.47356250
t0_nh3,b3lyp5,diis,1e-07,23,83,True,-56.47356250
t0_nh3,b3lyp5,diis,1e-07,24,82,True,-56.47356250
t0_nh3,b3lyp5,diis,1e-07,25,81,True,-56.47356250
t0_nh3,b3lyp5,diis,1e-07,26,80,True,-56.47356250
t0_nh3,b3lyp5,diis,1e-07,27,79,True,-56.47356250
t0_nh3,b3lyp5,diis,1e-07,28,78,True,-56.47356250
t0_nh3,b3lyp5,diis,1e-07,29,77,True,-56.47356250
t0_nh3,b3lyp5,diis,1e-07,3,100,False,-56.47356250
t0_nh3,b3lyp5,diis,1e-07,30,76,True,-56.47356250
t0_nh3,b3lyp5,diis,1e-07,4,100,False,-56.47356250
t0_nh3,b3lyp5,diis,1e-07,5,100,False,-56.47356250
t0_nh3,b3lyp5,diis,1e-07,6,100,True,-56.47356250
t0_nh3,b3lyp5,diis,1e-07,7,99,True,-56.47356250
t0_nh3,b3lyp5,diis,1e-07,8,98,True,-56.47356250
t0_nh3,b3lyp5,diis,1e-07,9,97,True,-56.47356250
t0_nh3,b3lyp5,diis,1e-08,1,11,True,-56.47356250
t0_nh3,b3lyp5,diis,1e-08,10,11,True,-56.47356250
t0_nh3,b3lyp5,diis,1e-08,11,11,True,-56.47356250
t0_nh3,b3lyp5,diis,1e-08,12,11,True,-56.47356250
t0_nh3,b3lyp5,diis,1e-08,13,11,True,-56.47356250
t0_nh3,b3lyp5,diis,1e-08,14,11,True,-56.47356250
t0_nh3,b3lyp5,diis,1e-08,15,11,True,-56.47356250
t0_nh3,b3lyp5,diis,1e-08,16,11,True,-56.47356250
t0_nh3,b3lyp5,diis,1e-08,17,11,True,-56.47356250
t0_nh3,b3lyp5,diis,1e-08,18,11,True,-56.47356250
t0_nh3,b3lyp5,diis,1e-08,19,11,True,-56.47356250
t0_nh3,b3lyp5,diis,1e-08,2,11,True,-56.47356250
t0_nh3,b3lyp5,diis,1e-08,20,11,True,-56.47356250
t0_nh3,b3lyp5,diis,1e-08,21,11,True,-56.47356250
t0_nh3,b3lyp5,diis,1e-08,22,11,True,-56.47356250
t0_nh3,b3lyp5,diis,1e-08,23,11,True,-56.47356250
t0_nh3,b3lyp5,diis,1e-08,24,11,True,-56.47356250
t0_nh3,b3lyp5,diis,1e-08,25,11,True,-56.47356250
t0_nh3,b3lyp5,diis,1e-08,26,11,True,-56.47356250
t0_nh3,b3lyp5,diis,1e-08,27,11,True,-56.47356250
t0_nh3,b3lyp5,diis,1e-08,28,11,True,-56.47356250
t0_nh3,b3lyp5,diis,1e-08,29,11,True,-56.47356250
t0_nh3,b3lyp5,diis,1e-08,3,11,True,-56.47356250
t0_nh3,b3lyp5,diis,1e-08,30,11,True,-56.47356250
t0_nh3,b3lyp5,diis,1e-08,4,11,True,-56.47356250
t0_nh3,b3lyp5,diis,1e-08,5,11,True,-56.47356250
t0_nh3,b3lyp5,diis,1e-08,6,11,True,-56.47356250
t0_nh3,b3lyp5,diis,1e-08,7,11,True,-56.47356250
t0_nh3,b3lyp5,diis,1e-08,8,11,True,-56.47356250
t0_nh3,b3lyp5,diis,1e-08,9,11,True,-56.47356250
t0_nh3,b3lyp5,diis,1e-09,1,11,True,-56.47356250
t0_nh3,b3lyp5,diis,1e-09,10,11,True,-56.47356250
t0_nh3,b3lyp5,diis,1e-09,11,11,True,-56.47356250
t0_nh3,b3lyp5,diis,1e-09,12,11,True,-56.47356250
t0_nh3,b3lyp5,diis,1e-09,13,11,True,-56.47356250
t0_nh3,b3lyp5,diis,1e-09,14,11,True,-56.47356250
t0_nh3,b3lyp5,diis,1e-09,15,11,True,-56.47356250
t0_nh3,b3lyp5,diis,1e-09,16,11,True,-56.47356250
t0_nh3,b3lyp5,diis,1e-09,17,11,True,-56.47356250
t0_nh3,b3lyp5,diis,1e-09,18,11,True,-56.47356250
t0_nh3,b3lyp5,diis,1e-09,19,11,True,-56.47356250
t0_nh3,b3lyp5,diis,1e-09,2,11,True,-56.47356250
t0_nh3,b3lyp5,diis,1e-09,20,11,True,-56.47356250
t0_nh3,b3lyp5,diis,1e-09,21,11,True,-56.47356250
t0_nh3,b3lyp5,diis,1e-09,22,11,True,-56.47356250
t0_nh3,b3lyp5,diis,1e-09,23,11,True,-56.47356250
t0_nh3,b3lyp5,diis,1e-09,24,11,True,-56.47356250
t0_nh3,b3lyp5,diis,1e-09,25,11,True,-56.47356250
t0_nh3,b3lyp5,diis,1e-09,26,11,True,-56.47356250
t0_nh3,b3lyp5,diis,1e-09,27,11,True,-56.47356250
t0_nh3,b3lyp5,diis,1e-09,28,11,True,-56.47356250
t0_nh3,b3lyp5,diis,1e-09,29,11,True,-56.47356250
t0_nh3,b3lyp5,diis,1e-09,3,11,True,-56.47356250
t0_nh3,b3lyp5,diis,1e-09,30,11,True,-56.47356250
t0_nh3,b3lyp5,diis,1e-09,4,11,True,-56.47356250
t0_nh3,b3lyp5,diis,1e-09,5,11,True,-56.47356250
t0_nh3,b3lyp5,diis,1e-09,6,11,True,-56.47356250
t0_nh3,b3lyp5,diis,1e-09,7,11,True,-56.47356250
t0_nh3,b3lyp5,diis,1e-09,8,11,True,-56.47356250
t0_nh3,b3lyp5,diis,1e-09,9,11,True,-56.47356250
t0_nh3,b3lyp5,diis,3e-08,1,11,True,-56.47356250
t0_nh3,b3lyp5,diis,3e-08,10,11,True,-56.47356250
t0_nh3,b3lyp5,diis,3e-08,11,11,True,-56.47356250
t0_nh3,b3lyp5,diis,3e-08,12,11,True,-56.47356250
t0_nh3,b3lyp5,diis,3e-08,13,11,True,-56.47356250
t0_nh3,b3lyp5,diis,3e-08,14,11,True,-56.47356250
t0_nh3,b3lyp5,diis,3e-08,15,11,True,-56.47356250
t0_nh3,b3lyp5,diis,3e-08,16,11,True,-56.47356250
t0_nh3,b3lyp5,diis,3e-08,17,11,True,-56.47356250
t0_nh3,b3lyp5,diis,3e-08,18,11,True,-56.47356250
t0_nh3,b3lyp5,diis,3e-08,19,11,True,-56.47356250
t0_nh3,b3lyp5,diis,3e-08,2,11,True,-56.47356250
t0_nh3,b3lyp5,diis,3e-08,20,11,True,-56.47356250
t0_nh3,b3lyp5,diis,3e-08,21,11,True,-56.47356250
t0_nh3,b3lyp5,diis,3e-08,22,11,True,-56.47356250
t0_nh3,b3lyp5,diis,3e-08,23,11,True,-56.47356250
t0_nh3,b3lyp5,diis,3e-08,24,11,True,-56.47356250
t0_nh3,b3lyp5,diis,3e-08,25,11,True,-56.47356250
t0_nh3,b3lyp5,diis,3e-08,26,11,True,-56.47356250
t0_nh3,b3lyp5,diis,3e-08,27,11,True,-56.47356250
t0_nh3,b3lyp5,diis,3e-08,28,11,True,-56.47356250
t0_nh3,b3lyp5,diis,3e-08,29,11,True,-56.47356250
t0_nh3,b3lyp5,diis,3e-08,3,11,True,-56.47356250
t0_nh3,b3lyp5,diis,3e-08,30,11,True,-56.47356250
t0_nh3,b3lyp5,diis,3e-08,4,11,True,-56.47356250
t0_nh3,b3lyp5,diis,3e-08,5,11,True,-56.47356250
t0_nh3,b3lyp5,diis,3e-08,6,11,True,-56.47356250
t0_nh3,b3lyp5,diis,3e-08,7,11,True,-56.47356250
t0_nh3,b3lyp5,diis,3e-08,8,11,True,-56.47356250
t0_nh3,b3lyp5,diis,3e-08,9,11,True,-56.47356250
t0_nh3,b3lyp5,ensemble,0e+00,1,22,True,-56.47356250
t0_nh3,b3lyp5,ensemble,1e-07,1,100,False,-56.47356250
t0_nh3,b3lyp5,ensemble,1e-07,10,100,False,-56.47356250
t0_nh3,b3lyp5,ensemble,1e-07,11,100,False,-56.47356250
t0_nh3,b3lyp5,ensemble,1e-07,12,100,False,-56.47356250
t0_nh3,b3lyp5,ensemble,1e-07,13,100,False,-56.47356250
t0_nh3,b3lyp5,ensemble,1e-07,14,100,False,-56.47356250
t0_nh3,b3lyp5,ensemble,1e-07,15,100,False,-56.47356250
t0_nh3,b3lyp5,ensemble,1e-07,16,100,False,-56.47356250
t0_nh3,b3lyp5,ensemble,1e-07,17,100,False,-56.47356250
t0_nh3,b3lyp5,ensemble,1e-07,18,100,False,-56.47356250
t0_nh3,b3lyp5,ensemble,1e-07,19,100,False,-56.47356250
t0_nh3,b3lyp5,ensemble,1e-07,2,100,False,-56.47356250
t0_nh3,b3lyp5,ensemble,1e-07,20,100,False,-56.47356250
t0_nh3,b3lyp5,ensemble,1e-07,21,100,False,-56.47356250
t0_nh3,b3lyp5,ensemble,1e-07,22,100,False,-56.47356250
t0_nh3,b3lyp5,ensemble,1e-07,23,100,False,-56.47356250
t0_nh3,b3lyp5,ensemble,1e-07,24,100,False,-56.47356250
t0_nh3,b3lyp5,ensemble,1e-07,25,100,False,-56.47356250
t0_nh3,b3lyp5,ensemble,1e-07,26,100,False,-56.47356250
t0_nh3,b3lyp5,ensemble,1e-07,27,100,False,-56.47356250
t0_nh3,b3lyp5,ensemble,1e-07,28,100,False,-56.47356250
t0_nh3,b3lyp5,ensemble,1e-07,29,100,False,-56.47356250
t0_nh3,b3lyp5,ensemble,1e-07,3,100,False,-56.47356250
t0_nh3,b3lyp5,ensemble,1e-07,30,100,False,-56.47356250
t0_nh3,b3lyp5,ensemble,1e-07,4,100,False,-56.47356250
t0_nh3,b3lyp5,ensemble,1e-07,5,100,False,-56.47356250
t0_nh3,b3lyp5,ensemble,1e-07,6,100,False,-56.47356250
t0_nh3,b3lyp5,ensemble,1e-07,7,100,False,-56.47356250
t0_nh3,b3lyp5,ensemble,1e-07,8,100,False,-56.47356250
t0_nh3,b3lyp5,ensemble,1e-07,9,100,False,-56.47356250
t0_nh3,b3lyp5,ensemble,1e-08,1,30,True,-56.47356250
t0_nh3,b3lyp5,ensemble,1e-08,10,17,True,-56.47356250
t0_nh3,b3lyp5,ensemble,1e-08,11,37,True,-56.47356250
t0_nh3,b3lyp5,ensemble,1e-08,12,27,True,-56.47356250
t0_nh3,b3lyp5,ensemble,1e-08,13,37,True,-56.47356250
t0_nh3,b3lyp5,ensemble,1e-08,14,33,True,-56.47356250
t0_nh3,b3lyp5,ensemble,1e-08,15,21,True,-56.47356250
t0_nh3,b3lyp5,ensemble,1e-08,16,18,True,-56.47356250
t0_nh3,b3lyp5,ensemble,1e-08,17,27,True,-56.47356250
t0_nh3,b3lyp5,ensemble,1e-08,18,30,True,-56.47356250
t0_nh3,b3lyp5,ensemble,1e-08,19,27,True,-56.47356250
t0_nh3,b3lyp5,ensemble,1e-08,2,17,True,-56.47356250
t0_nh3,b3lyp5,ensemble,1e-08,20,18,True,-56.47356250
t0_nh3,b3lyp5,ensemble,1e-08,21,30,True,-56.47356250
t0_nh3,b3lyp5,ensemble,1e-08,22,18,True,-56.47356250
t0_nh3,b3lyp5,ensemble,1e-08,23,49,True,-56.47356250
t0_nh3,b3lyp5,ensemble,1e-08,24,18,True,-56.47356250
t0_nh3,b3lyp5,ensemble,1e-08,25,20,True,-56.47356250
t0_nh3,b3lyp5,ensemble,1e-08,26,17,True,-56.47356250
t0_nh3,b3lyp5,ensemble,1e-08,27,18,True,-56.47356250
t0_nh3,b3lyp5,ensemble,1e-08,28,25,True,-56.47356250
t0_nh3,b3lyp5,ensemble,1e-08,29,39,True,-56.47356250
t0_nh3,b3lyp5,ensemble,1e-08,3,18,True,-56.47356250
t0_nh3,b3lyp5,ensemble,1e-08,30,28,True,-56.47356250
t0_nh3,b3lyp5,ensemble,1e-08,4,18,True,-56.47356250
t0_nh3,b3lyp5,ensemble,1e-08,5,25,True,-56.47356250
t0_nh3,b3lyp5,ensemble,1e-08,6,48,True,-56.47356250
t0_nh3,b3lyp5,ensemble,1e-08,7,18,True,-56.47356250
t0_nh3,b3lyp5,ensemble,1e-08,8,23,True,-56.47356250
t0_nh3,b3lyp5,ensemble,1e-08,9,34,True,-56.47356250
t0_nh3,b3lyp5,ensemble,1e-09,1,27,True,-56.47356250
t0_nh3,b3lyp5,ensemble,1e-09,10,27,True,-56.47356250
t0_nh3,b3lyp5,ensemble,1e-09,11,27,True,-56.47356250
t0_nh3,b3lyp5,ensemble,1e-09,12,29,True,-56.47356250
t0_nh3,b3lyp5,ensemble,1e-09,13,22,True,-56.47356250
t0_nh3,b3lyp5,ensemble,1e-09,14,27,True,-56.47356250
t0_nh3,b3lyp5,ensemble,1e-09,15,22,True,-56.47356250
t0_nh3,b3lyp5,ensemble,1e-09,16,17,True,-56.47356250
t0_nh3,b3lyp5,ensemble,1e-09,17,27,True,-56.47356250
t0_nh3,b3lyp5,ensemble,1e-09,18,36,True,-56.47356250
t0_nh3,b3lyp5,ensemble,1e-09,19,27,True,-56.47356250
t0_nh3,b3lyp5,ensemble,1e-09,2,22,True,-56.47356250
t0_nh3,b3lyp5,ensemble,1e-09,20,22,True,-56.47356250
t0_nh3,b3lyp5,ensemble,1e-09,21,27,True,-56.47356250
t0_nh3,b3lyp5,ensemble,1e-09,22,27,True,-56.47356250
t0_nh3,b3lyp5,ensemble,1e-09,23,27,True,-56.47356250
t0_nh3,b3lyp5,ensemble,1e-09,24,27,True,-56.47356250
t0_nh3,b3lyp5,ensemble,1e-09,25,22,True,-56.47356250
t0_nh3,b3lyp5,ensemble,1e-09,26,47,True,-56.47356250
t0_nh3,b3lyp5,ensemble,1e-09,27,27,True,-56.47356250
t0_nh3,b3lyp5,ensemble,1e-09,28,27,True,-56.47356250
t0_nh3,b3lyp5,ensemble,1e-09,29,27,True,-56.47356250
t0_nh3,b3lyp5,ensemble,1e-09,3,27,True,-56.47356250
t0_nh3,b3lyp5,ensemble,1e-09,30,27,True,-56.47356250
t0_nh3,b3lyp5,ensemble,1e-09,4,27,True,-56.47356250
t0_nh3,b3lyp5,ensemble,1e-09,5,27,True,-56.47356250
t0_nh3,b3lyp5,ensemble,1e-09,6,40,True,-56.47356250
t0_nh3,b3lyp5,ensemble,1e-09,7,27,True,-56.47356250
t0_nh3,b3lyp5,ensemble,1e-09,8,27,True,-56.47356250
t0_nh3,b3lyp5,ensemble,1e-09,9,27,True,-56.47356250
t0_nh3,b3lyp5,ensemble,3e-08,1,26,True,-56.47356250
t0_nh3,b3lyp5,ensemble,3e-08,10,23,True,-56.47356250
t0_nh3,b3lyp5,ensemble,3e-08,11,17,True,-56.47356250
t0_nh3,b3lyp5,ensemble,3e-08,12,26,True,-56.47356250
t0_nh3,b3lyp5,ensemble,3e-08,13,18,True,-56.47356250
t0_nh3,b3lyp5,ensemble,3e-08,14,28,True,-56.47356250
t0_nh3,b3lyp5,ensemble,3e-08,15,18,True,-56.47356250
t0_nh3,b3lyp5,ensemble,3e-08,16,41,True,-56.47356250
t0_nh3,b3lyp5,ensemble,3e-08,17,28,True,-56.47356250
t0_nh3,b3lyp5,ensemble,3e-08,18,18,True,-56.47356250
t0_nh3,b3lyp5,ensemble,3e-08,19,22,True,-56.47356250
t0_nh3,b3lyp5,ensemble,3e-08,2,27,True,-56.47356250
t0_nh3,b3lyp5,ensemble,3e-08,20,23,True,-56.47356250
t0_nh3,b3lyp5,ensemble,3e-08,21,31,True,-56.47356250
t0_nh3,b3lyp5,ensemble,3e-08,22,18,True,-56.47356250
t0_nh3,b3lyp5,ensemble,3e-08,23,18,True,-56.47356250
t0_nh3,b3lyp5,ensemble,3e-08,24,18,True,-56.47356250
t0_nh3,b3lyp5,ensemble,3e-08,25,38,True,-56.47356250
t0_nh3,b3lyp5,ensemble,3e-08,26,23,True,-56.47356250
t0_nh3,b3lyp5,ensemble,3e-08,27,17,True,-56.47356250
t0_nh3,b3lyp5,ensemble,3e-08,28,18,True,-56.47356250
t0_nh3,b3lyp5,ensemble,3e-08,29,21,True,-56.47356250
t0_nh3,b3lyp5,ensemble,3e-08,3,28,True,-56.47356250
t0_nh3,b3lyp5,ensemble,3e-08,30,22,True,-56.47356250
t0_nh3,b3lyp5,ensemble,3e-08,4,18,True,-56.47356250
t0_nh3,b3lyp5,ensemble,3e-08,5,22,True,-56.47356250
t0_nh3,b3lyp5,ensemble,3e-08,6,19,True,-56.47356250
t0_nh3,b3lyp5,ensemble,3e-08,7,20,True,-56.47356250
t0_nh3,b3lyp5,ensemble,3e-08,8,21,True,-56.47356250
t0_nh3,b3lyp5,ensemble,3e-08,9,20,True,-56.47356250
t0_nh3,b3lyp5,histqn,0e+00,1,49,True,-56.47356250
t0_nh3,b3lyp5,histqn,1e-07,1,100,False,-56.47356250
t0_nh3,b3lyp5,histqn,1e-07,10,100,False,-56.47356250
t0_nh3,b3lyp5,histqn,1e-07,11,100,False,-56.47132419
t0_nh3,b3lyp5,histqn,1e-07,12,100,False,-56.47356250
t0_nh3,b3lyp5,histqn,1e-07,13,100,False,-56.47356250
t0_nh3,b3lyp5,histqn,1e-07,14,100,False,-56.47356250
t0_nh3,b3lyp5,histqn,1e-07,15,100,False,-56.47356250
t0_nh3,b3lyp5,histqn,1e-07,16,100,False,-56.47356250
t0_nh3,b3lyp5,histqn,1e-07,17,100,False,-56.47356250
t0_nh3,b3lyp5,histqn,1e-07,18,100,False,-56.47356250
t0_nh3,b3lyp5,histqn,1e-07,19,100,False,-56.47356250
t0_nh3,b3lyp5,histqn,1e-07,2,100,False,-56.47356250
t0_nh3,b3lyp5,histqn,1e-07,20,100,False,-56.47356250
t0_nh3,b3lyp5,histqn,1e-07,21,100,False,-56.47356250
t0_nh3,b3lyp5,histqn,1e-07,22,100,False,-56.47356250
t0_nh3,b3lyp5,histqn,1e-07,23,100,False,-56.47356250
t0_nh3,b3lyp5,histqn,1e-07,24,100,False,-56.47356250
t0_nh3,b3lyp5,histqn,1e-07,25,100,False,-56.47356250
t0_nh3,b3lyp5,histqn,1e-07,26,100,False,-56.47356250
t0_nh3,b3lyp5,histqn,1e-07,27,100,False,-56.47356250
t0_nh3,b3lyp5,histqn,1e-07,28,100,False,-56.47356250
t0_nh3,b3lyp5,histqn,1e-07,29,100,False,-56.47356250
t0_nh3,b3lyp5,histqn,1e-07,3,100,False,-56.47356250
t0_nh3,b3lyp5,histqn,1e-07,30,100,False,-56.47356250
t0_nh3,b3lyp5,histqn,1e-07,4,100,False,-56.47356250
t0_nh3,b3lyp5,histqn,1e-07,5,100,False,-56.47356250
t0_nh3,b3lyp5,histqn,1e-07,6,100,False,-56.47356250
t0_nh3,b3lyp5,histqn,1e-07,7,100,False,-56.47356250
t0_nh3,b3lyp5,histqn,1e-07,8,100,False,-56.47356250
t0_nh3,b3lyp5,histqn,1e-07,9,100,False,-56.47356250
t0_nh3,b3lyp5,histqn,1e-08,1,51,True,-56.47356250
t0_nh3,b3lyp5,histqn,1e-08,10,49,True,-56.47356250
t0_nh3,b3lyp5,histqn,1e-08,11,53,True,-56.47356250
t0_nh3,b3lyp5,histqn,1e-08,12,49,True,-56.47356250
t0_nh3,b3lyp5,histqn,1e-08,13,51,True,-56.47356250
t0_nh3,b3lyp5,histqn,1e-08,14,51,True,-56.47356250
t0_nh3,b3lyp5,histqn,1e-08,15,51,True,-56.47356250
t0_nh3,b3lyp5,histqn,1e-08,16,49,True,-56.47356250
t0_nh3,b3lyp5,histqn,1e-08,17,52,True,-56.47356250
t0_nh3,b3lyp5,histqn,1e-08,18,47,True,-56.47356250
t0_nh3,b3lyp5,histqn,1e-08,19,53,True,-56.47356250
t0_nh3,b3lyp5,histqn,1e-08,2,47,True,-56.47356250
t0_nh3,b3lyp5,histqn,1e-08,20,47,True,-56.47356250
t0_nh3,b3lyp5,histqn,1e-08,21,51,True,-56.47356250
t0_nh3,b3lyp5,histqn,1e-08,22,47,True,-56.47356250
t0_nh3,b3lyp5,histqn,1e-08,23,53,True,-56.47356250
t0_nh3,b3lyp5,histqn,1e-08,24,47,True,-56.47356250
t0_nh3,b3lyp5,histqn,1e-08,25,51,True,-56.47356250
t0_nh3,b3lyp5,histqn,1e-08,26,47,True,-56.47356250
t0_nh3,b3lyp5,histqn,1e-08,27,52,True,-56.47356250
t0_nh3,b3lyp5,histqn,1e-08,28,45,True,-56.47356250
t0_nh3,b3lyp5,histqn,1e-08,29,53,True,-56.47356250
t0_nh3,b3lyp5,histqn,1e-08,3,51,True,-56.47356250
t0_nh3,b3lyp5,histqn,1e-08,30,49,True,-56.47356250
t0_nh3,b3lyp5,histqn,1e-08,4,47,True,-56.47356250
t0_nh3,b3lyp5,histqn,1e-08,5,52,True,-56.47356250
t0_nh3,b3lyp5,histqn,1e-08,6,45,True,-56.47356250
t0_nh3,b3lyp5,histqn,1e-08,7,52,True,-56.47356250
t0_nh3,b3lyp5,histqn,1e-08,8,49,True,-56.47356250
t0_nh3,b3lyp5,histqn,1e-08,9,51,True,-56.47356250
t0_nh3,b3lyp5,histqn,1e-09,1,49,True,-56.47356250
t0_nh3,b3lyp5,histqn,1e-09,10,49,True,-56.47356250
t0_nh3,b3lyp5,histqn,1e-09,11,49,True,-56.47356250
t0_nh3,b3lyp5,histqn,1e-09,12,49,True,-56.47356250
t0_nh3,b3lyp5,histqn,1e-09,13,49,True,-56.47356250
t0_nh3,b3lyp5,histqn,1e-09,14,49,True,-56.47356250
t0_nh3,b3lyp5,histqn,1e-09,15,49,True,-56.47356250
t0_nh3,b3lyp5,histqn,1e-09,16,49,True,-56.47356250
t0_nh3,b3lyp5,histqn,1e-09,17,49,True,-56.47356250
t0_nh3,b3lyp5,histqn,1e-09,18,49,True,-56.47356250
t0_nh3,b3lyp5,histqn,1e-09,19,49,True,-56.47356250
t0_nh3,b3lyp5,histqn,1e-09,2,49,True,-56.47356250
t0_nh3,b3lyp5,histqn,1e-09,20,49,True,-56.47356250
t0_nh3,b3lyp5,histqn,1e-09,21,49,True,-56.47356250
t0_nh3,b3lyp5,histqn,1e-09,22,49,True,-56.47356250
t0_nh3,b3lyp5,histqn,1e-09,23,49,True,-56.47356250
t0_nh3,b3lyp5,histqn,1e-09,24,49,True,-56.47356250
t0_nh3,b3lyp5,histqn,1e-09,25,49,True,-56.47356250
t0_nh3,b3lyp5,histqn,1e-09,26,49,True,-56.47356250
t0_nh3,b3lyp5,histqn,1e-09,27,49,True,-56.47356250
t0_nh3,b3lyp5,histqn,1e-09,28,49,True,-56.47356250
t0_nh3,b3lyp5,histqn,1e-09,29,49,True,-56.47356250
t0_nh3,b3lyp5,histqn,1e-09,3,49,True,-56.47356250
t0_nh3,b3lyp5,histqn,1e-09,30,49,True,-56.47356250
t0_nh3,b3lyp5,histqn,1e-09,4,49,True,-56.47356250
t0_nh3,b3lyp5,histqn,1e-09,5,49,True,-56.47356250
t0_nh3,b3lyp5,histqn,1e-09,6,49,True,-56.47356250
t0_nh3,b3lyp5,histqn,1e-09,7,49,True,-56.47356250
t0_nh3,b3lyp5,histqn,1e-09,8,49,True,-56.47356250
t0_nh3,b3lyp5,histqn,1e-09,9,49,True,-56.47356250
t0_nh3,b3lyp5,histqn,3e-08,1,48,True,-56.47356250
t0_nh3,b3lyp5,histqn,3e-08,10,49,True,-56.47356250
t0_nh3,b3lyp5,histqn,3e-08,11,58,True,-56.47356250
t0_nh3,b3lyp5,histqn,3e-08,12,53,True,-56.47356250
t0_nh3,b3lyp5,histqn,3e-08,13,56,True,-56.47356250
t0_nh3,b3lyp5,histqn,3e-08,14,51,True,-56.47356250
t0_nh3,b3lyp5,histqn,3e-08,15,54,True,-56.47356250
t0_nh3,b3lyp5,histqn,3e-08,16,55,True,-56.47356250
t0_nh3,b3lyp5,histqn,3e-08,17,52,True,-56.47356250
t0_nh3,b3lyp5,histqn,3e-08,18,53,True,-56.47356250
t0_nh3,b3lyp5,histqn,3e-08,19,53,True,-56.47356250
t0_nh3,b3lyp5,histqn,3e-08,2,49,True,-56.47356250
t0_nh3,b3lyp5,histqn,3e-08,20,51,True,-56.47356250
t0_nh3,b3lyp5,histqn,3e-08,21,51,True,-56.47356250
t0_nh3,b3lyp5,histqn,3e-08,22,49,True,-56.47356250
t0_nh3,b3lyp5,histqn,3e-08,23,53,True,-56.47356250
t0_nh3,b3lyp5,histqn,3e-08,24,49,True,-56.47356250
t0_nh3,b3lyp5,histqn,3e-08,25,54,True,-56.47356250
t0_nh3,b3lyp5,histqn,3e-08,26,47,True,-56.47356250
t0_nh3,b3lyp5,histqn,3e-08,27,52,True,-56.47356250
t0_nh3,b3lyp5,histqn,3e-08,28,45,True,-56.47356250
t0_nh3,b3lyp5,histqn,3e-08,29,50,True,-56.47356250
t0_nh3,b3lyp5,histqn,3e-08,3,46,True,-56.47356250
t0_nh3,b3lyp5,histqn,3e-08,30,51,True,-56.47356250
t0_nh3,b3lyp5,histqn,3e-08,4,49,True,-56.47356250
t0_nh3,b3lyp5,histqn,3e-08,5,44,True,-56.47356250
t0_nh3,b3lyp5,histqn,3e-08,6,47,True,-56.47356250
t0_nh3,b3lyp5,histqn,3e-08,7,50,True,-56.47356250
t0_nh3,b3lyp5,histqn,3e-08,8,45,True,-56.47356250
t0_nh3,b3lyp5,histqn,3e-08,9,50,True,-56.47356250
t0_nh3,b3lyp5,soscf,0e+00,1,27,True,-56.47356250
t0_nh3,b3lyp5,soscf,1e-07,1,100,False,-56.47356250
t0_nh3,b3lyp5,soscf,1e-07,10,100,False,-56.47356250
t0_nh3,b3lyp5,soscf,1e-07,11,100,False,-56.47356250
t0_nh3,b3lyp5,soscf,1e-07,12,100,False,-56.47356250
t0_nh3,b3lyp5,soscf,1e-07,13,100,False,-56.47356250
t0_nh3,b3lyp5,soscf,1e-07,14,100,False,-56.47356250
t0_nh3,b3lyp5,soscf,1e-07,15,100,False,-56.47356250
t0_nh3,b3lyp5,soscf,1e-07,16,100,False,-56.47356250
t0_nh3,b3lyp5,soscf,1e-07,17,100,False,-56.47356250
t0_nh3,b3lyp5,soscf,1e-07,18,100,False,-56.47356250
t0_nh3,b3lyp5,soscf,1e-07,19,100,False,-56.47356250
t0_nh3,b3lyp5,soscf,1e-07,2,100,False,-56.47356250
t0_nh3,b3lyp5,soscf,1e-07,20,100,False,-56.47356250
t0_nh3,b3lyp5,soscf,1e-07,21,100,False,-56.47356250
t0_nh3,b3lyp5,soscf,1e-07,22,100,False,-56.47356250
t0_nh3,b3lyp5,soscf,1e-07,23,100,False,-56.47356250
t0_nh3,b3lyp5,soscf,1e-07,24,100,False,-56.47356250
t0_nh3,b3lyp5,soscf,1e-07,25,100,False,-56.47356250
t0_nh3,b3lyp5,soscf,1e-07,26,100,False,-56.47356250
t0_nh3,b3lyp5,soscf,1e-07,27,100,False,-56.47356250
t0_nh3,b3lyp5,soscf,1e-07,28,100,False,-56.47356250
t0_nh3,b3lyp5,soscf,1e-07,29,100,False,-56.47356250
t0_nh3,b3lyp5,soscf,1e-07,3,100,False,-56.47356250
t0_nh3,b3lyp5,soscf,1e-07,30,100,False,-56.47356250
t0_nh3,b3lyp5,soscf,1e-07,4,100,False,-56.47356250
t0_nh3,b3lyp5,soscf,1e-07,5,100,False,-56.47356250
t0_nh3,b3lyp5,soscf,1e-07,6,100,False,-56.47356250
t0_nh3,b3lyp5,soscf,1e-07,7,100,False,-56.47356250
t0_nh3,b3lyp5,soscf,1e-07,8,100,False,-56.47356250
t0_nh3,b3lyp5,soscf,1e-07,9,100,False,-56.47356250
t0_nh3,b3lyp5,soscf,1e-08,1,30,True,-56.47356250
t0_nh3,b3lyp5,soscf,1e-08,10,17,True,-56.47356250
t0_nh3,b3lyp5,soscf,1e-08,11,37,True,-56.47356250
t0_nh3,b3lyp5,soscf,1e-08,12,27,True,-56.47356250
t0_nh3,b3lyp5,soscf,1e-08,13,37,True,-56.47356250
t0_nh3,b3lyp5,soscf,1e-08,14,33,True,-56.47356250
t0_nh3,b3lyp5,soscf,1e-08,15,21,True,-56.47356250
t0_nh3,b3lyp5,soscf,1e-08,16,18,True,-56.47356250
t0_nh3,b3lyp5,soscf,1e-08,17,27,True,-56.47356250
t0_nh3,b3lyp5,soscf,1e-08,18,30,True,-56.47356250
t0_nh3,b3lyp5,soscf,1e-08,19,27,True,-56.47356250
t0_nh3,b3lyp5,soscf,1e-08,2,17,True,-56.47356250
t0_nh3,b3lyp5,soscf,1e-08,20,18,True,-56.47356250
t0_nh3,b3lyp5,soscf,1e-08,21,30,True,-56.47356250
t0_nh3,b3lyp5,soscf,1e-08,22,18,True,-56.47356250
t0_nh3,b3lyp5,soscf,1e-08,23,49,True,-56.47356250
t0_nh3,b3lyp5,soscf,1e-08,24,18,True,-56.47356250
t0_nh3,b3lyp5,soscf,1e-08,25,20,True,-56.47356250
t0_nh3,b3lyp5,soscf,1e-08,26,17,True,-56.47356250
t0_nh3,b3lyp5,soscf,1e-08,27,18,True,-56.47356250
t0_nh3,b3lyp5,soscf,1e-08,28,25,True,-56.47356250
t0_nh3,b3lyp5,soscf,1e-08,29,41,True,-56.47356250
t0_nh3,b3lyp5,soscf,1e-08,3,18,True,-56.47356250
t0_nh3,b3lyp5,soscf,1e-08,30,28,True,-56.47356250
t0_nh3,b3lyp5,soscf,1e-08,4,18,True,-56.47356250
t0_nh3,b3lyp5,soscf,1e-08,5,25,True,-56.47356250
t0_nh3,b3lyp5,soscf,1e-08,6,48,True,-56.47356250
t0_nh3,b3lyp5,soscf,1e-08,7,18,True,-56.47356250
t0_nh3,b3lyp5,soscf,1e-08,8,23,True,-56.47356250
t0_nh3,b3lyp5,soscf,1e-08,9,34,True,-56.47356250
t0_nh3,b3lyp5,soscf,1e-09,1,27,True,-56.47356250
t0_nh3,b3lyp5,soscf,1e-09,10,27,True,-56.47356250
t0_nh3,b3lyp5,soscf,1e-09,11,27,True,-56.47356250
t0_nh3,b3lyp5,soscf,1e-09,12,29,True,-56.47356250
t0_nh3,b3lyp5,soscf,1e-09,13,22,True,-56.47356250
t0_nh3,b3lyp5,soscf,1e-09,14,27,True,-56.47356250
t0_nh3,b3lyp5,soscf,1e-09,15,22,True,-56.47356250
t0_nh3,b3lyp5,soscf,1e-09,16,17,True,-56.47356250
t0_nh3,b3lyp5,soscf,1e-09,17,27,True,-56.47356250
t0_nh3,b3lyp5,soscf,1e-09,18,36,True,-56.47356250
t0_nh3,b3lyp5,soscf,1e-09,19,27,True,-56.47356250
t0_nh3,b3lyp5,soscf,1e-09,2,22,True,-56.47356250
t0_nh3,b3lyp5,soscf,1e-09,20,22,True,-56.47356250
t0_nh3,b3lyp5,soscf,1e-09,21,27,True,-56.47356250
t0_nh3,b3lyp5,soscf,1e-09,22,27,True,-56.47356250
t0_nh3,b3lyp5,soscf,1e-09,23,27,True,-56.47356250
t0_nh3,b3lyp5,soscf,1e-09,24,27,True,-56.47356250
t0_nh3,b3lyp5,soscf,1e-09,25,24,True,-56.47356250
t0_nh3,b3lyp5,soscf,1e-09,26,47,True,-56.47356250
t0_nh3,b3lyp5,soscf,1e-09,27,27,True,-56.47356250
t0_nh3,b3lyp5,soscf,1e-09,28,27,True,-56.47356250
t0_nh3,b3lyp5,soscf,1e-09,29,27,True,-56.47356250
t0_nh3,b3lyp5,soscf,1e-09,3,27,True,-56.47356250
t0_nh3,b3lyp5,soscf,1e-09,30,27,True,-56.47356250
t0_nh3,b3lyp5,soscf,1e-09,4,27,True,-56.47356250
t0_nh3,b3lyp5,soscf,1e-09,5,27,True,-56.47356250
t0_nh3,b3lyp5,soscf,1e-09,6,27,True,-56.47356250
t0_nh3,b3lyp5,soscf,1e-09,7,27,True,-56.47356250
t0_nh3,b3lyp5,soscf,1e-09,8,27,True,-56.47356250
t0_nh3,b3lyp5,soscf,1e-09,9,27,True,-56.47356250
t0_nh3,b3lyp5,soscf,3e-08,1,26,True,-56.47356250
t0_nh3,b3lyp5,soscf,3e-08,10,23,True,-56.47356250
t0_nh3,b3lyp5,soscf,3e-08,11,17,True,-56.47356250
t0_nh3,b3lyp5,soscf,3e-08,12,26,True,-56.47356250
t0_nh3,b3lyp5,soscf,3e-08,13,18,True,-56.47356250
t0_nh3,b3lyp5,soscf,3e-08,14,28,True,-56.47356250
t0_nh3,b3lyp5,soscf,3e-08,15,18,True,-56.47356250
t0_nh3,b3lyp5,soscf,3e-08,16,41,True,-56.47356250
t0_nh3,b3lyp5,soscf,3e-08,17,28,True,-56.47356250
t0_nh3,b3lyp5,soscf,3e-08,18,18,True,-56.47356250
t0_nh3,b3lyp5,soscf,3e-08,19,22,True,-56.47356250
t0_nh3,b3lyp5,soscf,3e-08,2,27,True,-56.47356250
t0_nh3,b3lyp5,soscf,3e-08,20,23,True,-56.47356250
t0_nh3,b3lyp5,soscf,3e-08,21,31,True,-56.47356250
t0_nh3,b3lyp5,soscf,3e-08,22,18,True,-56.47356250
t0_nh3,b3lyp5,soscf,3e-08,23,18,True,-56.47356250
t0_nh3,b3lyp5,soscf,3e-08,24,18,True,-56.47356250
t0_nh3,b3lyp5,soscf,3e-08,25,38,True,-56.47356250
t0_nh3,b3lyp5,soscf,3e-08,26,23,True,-56.47356250
t0_nh3,b3lyp5,soscf,3e-08,27,17,True,-56.47356250
t0_nh3,b3lyp5,soscf,3e-08,28,18,True,-56.47356250
t0_nh3,b3lyp5,soscf,3e-08,29,21,True,-56.47356250
t0_nh3,b3lyp5,soscf,3e-08,3,28,True,-56.47356250
t0_nh3,b3lyp5,soscf,3e-08,30,22,True,-56.47356250
t0_nh3,b3lyp5,soscf,3e-08,4,18,True,-56.47356250
t0_nh3,b3lyp5,soscf,3e-08,5,22,True,-56.47356250
t0_nh3,b3lyp5,soscf,3e-08,6,19,True,-56.47356250
t0_nh3,b3lyp5,soscf,3e-08,7,20,True,-56.47356250
t0_nh3,b3lyp5,soscf,3e-08,8,21,True,-56.47356250
t0_nh3,b3lyp5,soscf,3e-08,9,20,True,-56.47356250
t0_nh3,b3lyp5,switch,0e+00,1,12,True,-56.47356250
t0_nh3,b3lyp5,switch,1e-07,1,100,False,-56.47356250
t0_nh3,b3lyp5,switch,1e-07,10,100,False,-56.47356250
t0_nh3,b3lyp5,switch,1e-07,11,100,False,-56.47356250
t0_nh3,b3lyp5,switch,1e-07,12,100,False,-56.47356250
t0_nh3,b3lyp5,switch,1e-07,13,100,False,-56.47356250
t0_nh3,b3lyp5,switch,1e-07,14,100,False,-56.47356250
t0_nh3,b3lyp5,switch,1e-07,15,100,False,-56.47356250
t0_nh3,b3lyp5,switch,1e-07,16,100,False,-56.47356250
t0_nh3,b3lyp5,switch,1e-07,17,100,False,-56.47356250
t0_nh3,b3lyp5,switch,1e-07,18,100,False,-56.47356250
t0_nh3,b3lyp5,switch,1e-07,19,100,False,-56.47356250
t0_nh3,b3lyp5,switch,1e-07,2,100,False,-56.47356250
t0_nh3,b3lyp5,switch,1e-07,20,100,False,-56.47356250
t0_nh3,b3lyp5,switch,1e-07,21,100,False,-56.47356250
t0_nh3,b3lyp5,switch,1e-07,22,100,False,-56.47356250
t0_nh3,b3lyp5,switch,1e-07,23,100,False,-56.47356250
t0_nh3,b3lyp5,switch,1e-07,24,100,False,-56.47356250
t0_nh3,b3lyp5,switch,1e-07,25,100,False,-56.47356250
t0_nh3,b3lyp5,switch,1e-07,26,100,False,-56.47356250
t0_nh3,b3lyp5,switch,1e-07,27,100,False,-56.47356250
t0_nh3,b3lyp5,switch,1e-07,28,100,False,-56.47356250
t0_nh3,b3lyp5,switch,1e-07,29,100,False,-56.47356250
t0_nh3,b3lyp5,switch,1e-07,3,100,False,-56.47356250
t0_nh3,b3lyp5,switch,1e-07,30,100,False,-56.47356250
t0_nh3,b3lyp5,switch,1e-07,4,100,False,-56.47356250
t0_nh3,b3lyp5,switch,1e-07,5,100,False,-56.47356250
t0_nh3,b3lyp5,switch,1e-07,6,100,False,-56.47356250
t0_nh3,b3lyp5,switch,1e-07,7,100,False,-56.47356250
t0_nh3,b3lyp5,switch,1e-07,8,100,False,-56.47356250
t0_nh3,b3lyp5,switch,1e-07,9,100,False,-56.47356250
t0_nh3,b3lyp5,switch,1e-08,1,12,True,-56.47356250
t0_nh3,b3lyp5,switch,1e-08,10,12,True,-56.47356250
t0_nh3,b3lyp5,switch,1e-08,11,12,True,-56.47356250
t0_nh3,b3lyp5,switch,1e-08,12,12,True,-56.47356250
t0_nh3,b3lyp5,switch,1e-08,13,12,True,-56.47356250
t0_nh3,b3lyp5,switch,1e-08,14,12,True,-56.47356250
t0_nh3,b3lyp5,switch,1e-08,15,12,True,-56.47356250
t0_nh3,b3lyp5,switch,1e-08,16,12,True,-56.47356250
t0_nh3,b3lyp5,switch,1e-08,17,12,True,-56.47356250
t0_nh3,b3lyp5,switch,1e-08,18,12,True,-56.47356250
t0_nh3,b3lyp5,switch,1e-08,19,12,True,-56.47356250
t0_nh3,b3lyp5,switch,1e-08,2,12,True,-56.47356250
t0_nh3,b3lyp5,switch,1e-08,20,12,True,-56.47356250
t0_nh3,b3lyp5,switch,1e-08,21,12,True,-56.47356250
t0_nh3,b3lyp5,switch,1e-08,22,12,True,-56.47356250
t0_nh3,b3lyp5,switch,1e-08,23,12,True,-56.47356250
t0_nh3,b3lyp5,switch,1e-08,24,12,True,-56.47356250
t0_nh3,b3lyp5,switch,1e-08,25,12,True,-56.47356250
t0_nh3,b3lyp5,switch,1e-08,26,12,True,-56.47356250
t0_nh3,b3lyp5,switch,1e-08,27,12,True,-56.47356250
t0_nh3,b3lyp5,switch,1e-08,28,12,True,-56.47356250
t0_nh3,b3lyp5,switch,1e-08,29,12,True,-56.47356250
t0_nh3,b3lyp5,switch,1e-08,3,12,True,-56.47356250
t0_nh3,b3lyp5,switch,1e-08,30,12,True,-56.47356250
t0_nh3,b3lyp5,switch,1e-08,4,12,True,-56.47356250
t0_nh3,b3lyp5,switch,1e-08,5,12,True,-56.47356250
t0_nh3,b3lyp5,switch,1e-08,6,12,True,-56.47356250
t0_nh3,b3lyp5,switch,1e-08,7,12,True,-56.47356250
t0_nh3,b3lyp5,switch,1e-08,8,12,True,-56.47356250
t0_nh3,b3lyp5,switch,1e-08,9,12,True,-56.47356250
t0_nh3,b3lyp5,switch,1e-09,1,12,True,-56.47356250
t0_nh3,b3lyp5,switch,1e-09,10,12,True,-56.47356250
t0_nh3,b3lyp5,switch,1e-09,11,12,True,-56.47356250
t0_nh3,b3lyp5,switch,1e-09,12,12,True,-56.47356250
t0_nh3,b3lyp5,switch,1e-09,13,12,True,-56.47356250
t0_nh3,b3lyp5,switch,1e-09,14,12,True,-56.47356250
t0_nh3,b3lyp5,switch,1e-09,15,12,True,-56.47356250
t0_nh3,b3lyp5,switch,1e-09,16,12,True,-56.47356250
t0_nh3,b3lyp5,switch,1e-09,17,12,True,-56.47356250
t0_nh3,b3lyp5,switch,1e-09,18,12,True,-56.47356250
t0_nh3,b3lyp5,switch,1e-09,19,12,True,-56.47356250
t0_nh3,b3lyp5,switch,1e-09,2,12,True,-56.47356250
t0_nh3,b3lyp5,switch,1e-09,20,12,True,-56.47356250
t0_nh3,b3lyp5,switch,1e-09,21,12,True,-56.47356250
t0_nh3,b3lyp5,switch,1e-09,22,12,True,-56.47356250
t0_nh3,b3lyp5,switch,1e-09,23,12,True,-56.47356250
t0_nh3,b3lyp5,switch,1e-09,24,12,True,-56.47356250
t0_nh3,b3lyp5,switch,1e-09,25,12,True,-56.47356250
t0_nh3,b3lyp5,switch,1e-09,26,12,True,-56.47356250
t0_nh3,b3lyp5,switch,1e-09,27,12,True,-56.47356250
t0_nh3,b3lyp5,switch,1e-09,28,12,True,-56.47356250
t0_nh3,b3lyp5,switch,1e-09,29,12,True,-56.47356250
t0_nh3,b3lyp5,switch,1e-09,3,12,True,-56.47356250
t0_nh3,b3lyp5,switch,1e-09,30,12,True,-56.47356250
t0_nh3,b3lyp5,switch,1e-09,4,12,True,-56.47356250
t0_nh3,b3lyp5,switch,1e-09,5,12,True,-56.47356250
t0_nh3,b3lyp5,switch,1e-09,6,12,True,-56.47356250
t0_nh3,b3lyp5,switch,1e-09,7,12,True,-56.47356250
t0_nh3,b3lyp5,switch,1e-09,8,12,True,-56.47356250
t0_nh3,b3lyp5,switch,1e-09,9,12,True,-56.47356250
t0_nh3,b3lyp5,switch,3e-08,1,12,True,-56.47356250
t0_nh3,b3lyp5,switch,3e-08,10,12,True,-56.47356250
t0_nh3,b3lyp5,switch,3e-08,11,12,True,-56.47356250
t0_nh3,b3lyp5,switch,3e-08,12,12,True,-56.47356250
t0_nh3,b3lyp5,switch,3e-08,13,12,True,-56.47356250
t0_nh3,b3lyp5,switch,3e-08,14,12,True,-56.47356250
t0_nh3,b3lyp5,switch,3e-08,15,12,True,-56.47356250
t0_nh3,b3lyp5,switch,3e-08,16,12,True,-56.47356250
t0_nh3,b3lyp5,switch,3e-08,17,12,True,-56.47356250
t0_nh3,b3lyp5,switch,3e-08,18,12,True,-56.47356250
t0_nh3,b3lyp5,switch,3e-08,19,12,True,-56.47356250
t0_nh3,b3lyp5,switch,3e-08,2,12,True,-56.47356250
t0_nh3,b3lyp5,switch,3e-08,20,12,True,-56.47356250
t0_nh3,b3lyp5,switch,3e-08,21,12,True,-56.47356250
t0_nh3,b3lyp5,switch,3e-08,22,12,True,-56.47356250
t0_nh3,b3lyp5,switch,3e-08,23,12,True,-56.47356250
t0_nh3,b3lyp5,switch,3e-08,24,12,True,-56.47356250
t0_nh3,b3lyp5,switch,3e-08,25,12,True,-56.47356250
t0_nh3,b3lyp5,switch,3e-08,26,12,True,-56.47356250
t0_nh3,b3lyp5,switch,3e-08,27,12,True,-56.47356250
t0_nh3,b3lyp5,switch,3e-08,28,12,True,-56.47356250
t0_nh3,b3lyp5,switch,3e-08,29,12,True,-56.47356250
t0_nh3,b3lyp5,switch,3e-08,3,12,True,-56.47356250
t0_nh3,b3lyp5,switch,3e-08,30,12,True,-56.47356250
t0_nh3,b3lyp5,switch,3e-08,4,12,True,-56.47356250
t0_nh3,b3lyp5,switch,3e-08,5,12,True,-56.47356250
t0_nh3,b3lyp5,switch,3e-08,6,12,True,-56.47356250
t0_nh3,b3lyp5,switch,3e-08,7,12,True,-56.47356250
t0_nh3,b3lyp5,switch,3e-08,8,12,True,-56.47356250
t0_nh3,b3lyp5,switch,3e-08,9,12,True,-56.47356250
t0_nh3,hf,diis,0e+00,1,11,True,-56.15034519
t0_nh3,hf,diis,1e-07,1,93,True,-56.15034519
t0_nh3,hf,diis,1e-07,10,84,True,-56.15034519
t0_nh3,hf,diis,1e-07,11,83,True,-56.15034519
t0_nh3,hf,diis,1e-07,12,82,True,-56.15034519
t0_nh3,hf,diis,1e-07,13,81,True,-56.15034519
t0_nh3,hf,diis,1e-07,14,80,True,-56.15034519
t0_nh3,hf,diis,1e-07,15,79,True,-56.15034519
t0_nh3,hf,diis,1e-07,16,78,True,-56.15034519
t0_nh3,hf,diis,1e-07,17,77,True,-56.15034519
t0_nh3,hf,diis,1e-07,18,76,True,-56.15034519
t0_nh3,hf,diis,1e-07,19,75,True,-56.15034519
t0_nh3,hf,diis,1e-07,2,92,True,-56.15034519
t0_nh3,hf,diis,1e-07,20,74,True,-56.15034519
t0_nh3,hf,diis,1e-07,21,73,True,-56.15034519
t0_nh3,hf,diis,1e-07,22,72,True,-56.15034519
t0_nh3,hf,diis,1e-07,23,71,True,-56.15034519
t0_nh3,hf,diis,1e-07,24,70,True,-56.15034519
t0_nh3,hf,diis,1e-07,25,69,True,-56.15034519
t0_nh3,hf,diis,1e-07,26,68,True,-56.15034519
t0_nh3,hf,diis,1e-07,27,67,True,-56.15034519
t0_nh3,hf,diis,1e-07,28,66,True,-56.15034519
t0_nh3,hf,diis,1e-07,29,65,True,-56.15034519
t0_nh3,hf,diis,1e-07,3,91,True,-56.15034519
t0_nh3,hf,diis,1e-07,30,64,True,-56.15034519
t0_nh3,hf,diis,1e-07,4,90,True,-56.15034519
t0_nh3,hf,diis,1e-07,5,89,True,-56.15034519
t0_nh3,hf,diis,1e-07,6,88,True,-56.15034519
t0_nh3,hf,diis,1e-07,7,87,True,-56.15034519
t0_nh3,hf,diis,1e-07,8,86,True,-56.15034519
t0_nh3,hf,diis,1e-07,9,85,True,-56.15034519
t0_nh3,hf,diis,1e-08,1,11,True,-56.15034519
t0_nh3,hf,diis,1e-08,10,11,True,-56.15034519
t0_nh3,hf,diis,1e-08,11,11,True,-56.15034519
t0_nh3,hf,diis,1e-08,12,11,True,-56.15034519
t0_nh3,hf,diis,1e-08,13,11,True,-56.15034519
t0_nh3,hf,diis,1e-08,14,11,True,-56.15034519
t0_nh3,hf,diis,1e-08,15,11,True,-56.15034519
t0_nh3,hf,diis,1e-08,16,11,True,-56.15034519
t0_nh3,hf,diis,1e-08,17,11,True,-56.15034519
t0_nh3,hf,diis,1e-08,18,11,True,-56.15034519
t0_nh3,hf,diis,1e-08,19,11,True,-56.15034519
t0_nh3,hf,diis,1e-08,2,11,True,-56.15034519
t0_nh3,hf,diis,1e-08,20,11,True,-56.15034519
t0_nh3,hf,diis,1e-08,21,11,True,-56.15034519
t0_nh3,hf,diis,1e-08,22,11,True,-56.15034519
t0_nh3,hf,diis,1e-08,23,11,True,-56.15034519
t0_nh3,hf,diis,1e-08,24,11,True,-56.15034519
t0_nh3,hf,diis,1e-08,25,11,True,-56.15034519
t0_nh3,hf,diis,1e-08,26,11,True,-56.15034519
t0_nh3,hf,diis,1e-08,27,11,True,-56.15034519
t0_nh3,hf,diis,1e-08,28,11,True,-56.15034519
t0_nh3,hf,diis,1e-08,29,11,True,-56.15034519
t0_nh3,hf,diis,1e-08,3,11,True,-56.15034519
t0_nh3,hf,diis,1e-08,30,11,True,-56.15034519
t0_nh3,hf,diis,1e-08,4,11,True,-56.15034519
t0_nh3,hf,diis,1e-08,5,11,True,-56.15034519
t0_nh3,hf,diis,1e-08,6,11,True,-56.15034519
t0_nh3,hf,diis,1e-08,7,11,True,-56.15034519
t0_nh3,hf,diis,1e-08,8,11,True,-56.15034519
t0_nh3,hf,diis,1e-08,9,11,True,-56.15034519
t0_nh3,hf,diis,1e-09,1,11,True,-56.15034519
t0_nh3,hf,diis,1e-09,10,11,True,-56.15034519
t0_nh3,hf,diis,1e-09,11,11,True,-56.15034519
t0_nh3,hf,diis,1e-09,12,11,True,-56.15034519
t0_nh3,hf,diis,1e-09,13,11,True,-56.15034519
t0_nh3,hf,diis,1e-09,14,11,True,-56.15034519
t0_nh3,hf,diis,1e-09,15,11,True,-56.15034519
t0_nh3,hf,diis,1e-09,16,11,True,-56.15034519
t0_nh3,hf,diis,1e-09,17,11,True,-56.15034519
t0_nh3,hf,diis,1e-09,18,11,True,-56.15034519
t0_nh3,hf,diis,1e-09,19,11,True,-56.15034519
t0_nh3,hf,diis,1e-09,2,11,True,-56.15034519
t0_nh3,hf,diis,1e-09,20,11,True,-56.15034519
t0_nh3,hf,diis,1e-09,21,11,True,-56.15034519
t0_nh3,hf,diis,1e-09,22,11,True,-56.15034519
t0_nh3,hf,diis,1e-09,23,11,True,-56.15034519
t0_nh3,hf,diis,1e-09,24,11,True,-56.15034519
t0_nh3,hf,diis,1e-09,25,11,True,-56.15034519
t0_nh3,hf,diis,1e-09,26,11,True,-56.15034519
t0_nh3,hf,diis,1e-09,27,11,True,-56.15034519
t0_nh3,hf,diis,1e-09,28,11,True,-56.15034519
t0_nh3,hf,diis,1e-09,29,11,True,-56.15034519
t0_nh3,hf,diis,1e-09,3,11,True,-56.15034519
t0_nh3,hf,diis,1e-09,30,11,True,-56.15034519
t0_nh3,hf,diis,1e-09,4,11,True,-56.15034519
t0_nh3,hf,diis,1e-09,5,11,True,-56.15034519
t0_nh3,hf,diis,1e-09,6,11,True,-56.15034519
t0_nh3,hf,diis,1e-09,7,11,True,-56.15034519
t0_nh3,hf,diis,1e-09,8,11,True,-56.15034519
t0_nh3,hf,diis,1e-09,9,11,True,-56.15034519
t0_nh3,hf,diis,3e-08,1,11,True,-56.15034519
t0_nh3,hf,diis,3e-08,10,11,True,-56.15034519
t0_nh3,hf,diis,3e-08,11,11,True,-56.15034519
t0_nh3,hf,diis,3e-08,12,11,True,-56.15034519
t0_nh3,hf,diis,3e-08,13,11,True,-56.15034519
t0_nh3,hf,diis,3e-08,14,11,True,-56.15034519
t0_nh3,hf,diis,3e-08,15,11,True,-56.15034519
t0_nh3,hf,diis,3e-08,16,11,True,-56.15034519
t0_nh3,hf,diis,3e-08,17,11,True,-56.15034519
t0_nh3,hf,diis,3e-08,18,11,True,-56.15034519
t0_nh3,hf,diis,3e-08,19,11,True,-56.15034519
t0_nh3,hf,diis,3e-08,2,11,True,-56.15034519
t0_nh3,hf,diis,3e-08,20,11,True,-56.15034519
t0_nh3,hf,diis,3e-08,21,11,True,-56.15034519
t0_nh3,hf,diis,3e-08,22,11,True,-56.15034519
t0_nh3,hf,diis,3e-08,23,11,True,-56.15034519
t0_nh3,hf,diis,3e-08,24,11,True,-56.15034519
t0_nh3,hf,diis,3e-08,25,11,True,-56.15034519
t0_nh3,hf,diis,3e-08,26,11,True,-56.15034519
t0_nh3,hf,diis,3e-08,27,11,True,-56.15034519
t0_nh3,hf,diis,3e-08,28,11,True,-56.15034519
t0_nh3,hf,diis,3e-08,29,11,True,-56.15034519
t0_nh3,hf,diis,3e-08,3,11,True,-56.15034519
t0_nh3,hf,diis,3e-08,30,11,True,-56.15034519
t0_nh3,hf,diis,3e-08,4,11,True,-56.15034519
t0_nh3,hf,diis,3e-08,5,11,True,-56.15034519
t0_nh3,hf,diis,3e-08,6,11,True,-56.15034519
t0_nh3,hf,diis,3e-08,7,11,True,-56.15034519
t0_nh3,hf,diis,3e-08,8,11,True,-56.15034519
t0_nh3,hf,diis,3e-08,9,11,True,-56.15034519
t0_nh3,hf,ensemble,0e+00,1,22,True,-56.15034519
t0_nh3,hf,ensemble,1e-07,1,100,False,-56.15034519
t0_nh3,hf,ensemble,1e-07,10,100,False,-56.15034519
t0_nh3,hf,ensemble,1e-07,11,100,False,-56.15034519
t0_nh3,hf,ensemble,1e-07,12,100,False,-56.15034519
t0_nh3,hf,ensemble,1e-07,13,100,False,-56.15034519
t0_nh3,hf,ensemble,1e-07,14,100,False,-56.15034519
t0_nh3,hf,ensemble,1e-07,15,100,False,-56.15034519
t0_nh3,hf,ensemble,1e-07,16,100,False,-56.15034519
t0_nh3,hf,ensemble,1e-07,17,100,False,-56.15034519
t0_nh3,hf,ensemble,1e-07,18,100,False,-56.15034519
t0_nh3,hf,ensemble,1e-07,19,100,False,-56.15034519
t0_nh3,hf,ensemble,1e-07,2,100,False,-56.15034519
t0_nh3,hf,ensemble,1e-07,20,100,False,-56.15034519
t0_nh3,hf,ensemble,1e-07,21,100,False,-56.15034519
t0_nh3,hf,ensemble,1e-07,22,100,False,-56.15034519
t0_nh3,hf,ensemble,1e-07,23,100,False,-56.15034519
t0_nh3,hf,ensemble,1e-07,24,100,False,-56.15034519
t0_nh3,hf,ensemble,1e-07,25,100,False,-56.15034519
t0_nh3,hf,ensemble,1e-07,26,100,False,-56.15034519
t0_nh3,hf,ensemble,1e-07,27,100,False,-56.15034519
t0_nh3,hf,ensemble,1e-07,28,100,False,-56.15034519
t0_nh3,hf,ensemble,1e-07,29,100,False,-56.15034519
t0_nh3,hf,ensemble,1e-07,3,100,False,-56.15034519
t0_nh3,hf,ensemble,1e-07,30,100,False,-56.15034519
t0_nh3,hf,ensemble,1e-07,4,100,False,-56.15034519
t0_nh3,hf,ensemble,1e-07,5,100,False,-56.15034519
t0_nh3,hf,ensemble,1e-07,6,100,False,-56.15034519
t0_nh3,hf,ensemble,1e-07,7,100,False,-56.15034519
t0_nh3,hf,ensemble,1e-07,8,100,False,-56.15034519
t0_nh3,hf,ensemble,1e-07,9,100,False,-56.15034519
t0_nh3,hf,ensemble,1e-08,1,28,True,-56.15034519
t0_nh3,hf,ensemble,1e-08,10,20,True,-56.15034519
t0_nh3,hf,ensemble,1e-08,11,17,True,-56.15034519
t0_nh3,hf,ensemble,1e-08,12,29,True,-56.15034519
t0_nh3,hf,ensemble,1e-08,13,19,True,-56.15034519
t0_nh3,hf,ensemble,1e-08,14,22,True,-56.15034519
t0_nh3,hf,ensemble,1e-08,15,20,True,-56.15034519
t0_nh3,hf,ensemble,1e-08,16,26,True,-56.15034519
t0_nh3,hf,ensemble,1e-08,17,27,True,-56.15034519
t0_nh3,hf,ensemble,1e-08,18,26,True,-56.15034519
t0_nh3,hf,ensemble,1e-08,19,25,True,-56.15034519
t0_nh3,hf,ensemble,1e-08,2,30,True,-56.15034519
t0_nh3,hf,ensemble,1e-08,20,20,True,-56.15034519
t0_nh3,hf,ensemble,1e-08,21,21,True,-56.15034519
t0_nh3,hf,ensemble,1e-08,22,19,True,-56.15034519
t0_nh3,hf,ensemble,1e-08,23,22,True,-56.15034519
t0_nh3,hf,ensemble,1e-08,24,28,True,-56.15034519
t0_nh3,hf,ensemble,1e-08,25,22,True,-56.15034519
t0_nh3,hf,ensemble,1e-08,26,18,True,-56.15034519
t0_nh3,hf,ensemble,1e-08,27,18,True,-56.15034519
t0_nh3,hf,ensemble,1e-08,28,19,True,-56.15034519
t0_nh3,hf,ensemble,1e-08,29,25,True,-56.15034519
t0_nh3,hf,ensemble,1e-08,3,22,True,-56.15034519
t0_nh3,hf,ensemble,1e-08,30,19,True,-56.15034519
t0_nh3,hf,ensemble,1e-08,4,24,True,-56.15034519
t0_nh3,hf,ensemble,1e-08,5,17,True,-56.15034519
t0_nh3,hf,ensemble,1e-08,6,23,True,-56.15034519
t0_nh3,hf,ensemble,1e-08,7,18,True,-56.15034519
t0_nh3,hf,ensemble,1e-08,8,20,True,-56.15034519
t0_nh3,hf,ensemble,1e-08,9,28,True,-56.15034519
t0_nh3,hf,ensemble,1e-09,1,21,True,-56.15034519
t0_nh3,hf,ensemble,1e-09,10,20,True,-56.15034519
t0_nh3,hf,ensemble,1e-09,11,22,True,-56.15034519
t0_nh3,hf,ensemble,1e-09,12,21,True,-56.15034519
t0_nh3,hf,ensemble,1e-09,13,19,True,-56.15034519
t0_nh3,hf,ensemble,1e-09,14,23,True,-56.15034519
t0_nh3,hf,ensemble,1e-09,15,23,True,-56.15034519
t0_nh3,hf,ensemble,1e-09,16,17,True,-56.15034519
t0_nh3,hf,ensemble,1e-09,17,27,True,-56.15034519
t0_nh3,hf,ensemble,1e-09,18,17,True,-56.15034519
t0_nh3,hf,ensemble,1e-09,19,18,True,-56.15034519
t0_nh3,hf,ensemble,1e-09,2,20,True,-56.15034519
t0_nh3,hf,ensemble,1e-09,20,19,True,-56.15034519
t0_nh3,hf,ensemble,1e-09,21,26,True,-56.15034519
t0_nh3,hf,ensemble,1e-09,22,23,True,-56.15034519
t0_nh3,hf,ensemble,1e-09,23,17,True,-56.15034519
t0_nh3,hf,ensemble,1e-09,24,25,True,-56.15034519
t0_nh3,hf,ensemble,1e-09,25,21,True,-56.15034519
t0_nh3,hf,ensemble,1e-09,26,23,True,-56.15034519
t0_nh3,hf,ensemble,1e-09,27,22,True,-56.15034519
t0_nh3,hf,ensemble,1e-09,28,17,True,-56.15034519
t0_nh3,hf,ensemble,1e-09,29,17,True,-56.15034519
t0_nh3,hf,ensemble,1e-09,3,23,True,-56.15034519
t0_nh3,hf,ensemble,1e-09,30,19,True,-56.15034519
t0_nh3,hf,ensemble,1e-09,4,30,True,-56.15034519
t0_nh3,hf,ensemble,1e-09,5,18,True,-56.15034519
t0_nh3,hf,ensemble,1e-09,6,17,True,-56.15034519
t0_nh3,hf,ensemble,1e-09,7,23,True,-56.15034519
t0_nh3,hf,ensemble,1e-09,8,25,True,-56.15034519
t0_nh3,hf,ensemble,1e-09,9,23,True,-56.15034519
t0_nh3,hf,ensemble,3e-08,1,20,True,-56.15034519
t0_nh3,hf,ensemble,3e-08,10,20,True,-56.15034519
t0_nh3,hf,ensemble,3e-08,11,25,True,-56.15034519
t0_nh3,hf,ensemble,3e-08,12,26,True,-56.15034519
t0_nh3,hf,ensemble,3e-08,13,32,True,-56.15034519
t0_nh3,hf,ensemble,3e-08,14,20,True,-56.15034519
t0_nh3,hf,ensemble,3e-08,15,20,True,-56.15034519
t0_nh3,hf,ensemble,3e-08,16,18,True,-56.15034519
t0_nh3,hf,ensemble,3e-08,17,28,True,-56.15034519
t0_nh3,hf,ensemble,3e-08,18,21,True,-56.15034519
t0_nh3,hf,ensemble,3e-08,19,33,True,-56.15034519
t0_nh3,hf,ensemble,3e-08,2,22,True,-56.15034519
t0_nh3,hf,ensemble,3e-08,20,19,True,-56.15034519
t0_nh3,hf,ensemble,3e-08,21,19,True,-56.15034519
t0_nh3,hf,ensemble,3e-08,22,19,True,-56.15034519
t0_nh3,hf,ensemble,3e-08,23,26,True,-56.15034519
t0_nh3,hf,ensemble,3e-08,24,24,True,-56.15034519
t0_nh3,hf,ensemble,3e-08,25,23,True,-56.15034519
t0_nh3,hf,ensemble,3e-08,26,17,True,-56.15034519
t0_nh3,hf,ensemble,3e-08,27,19,True,-56.15034519
t0_nh3,hf,ensemble,3e-08,28,19,True,-56.15034519
t0_nh3,hf,ensemble,3e-08,29,16,True,-56.15034519
t0_nh3,hf,ensemble,3e-08,3,22,True,-56.15034519
t0_nh3,hf,ensemble,3e-08,30,18,True,-56.15034519
t0_nh3,hf,ensemble,3e-08,4,22,True,-56.15034519
t0_nh3,hf,ensemble,3e-08,5,19,True,-56.15034519
t0_nh3,hf,ensemble,3e-08,6,19,True,-56.15034519
t0_nh3,hf,ensemble,3e-08,7,21,True,-56.15034519
t0_nh3,hf,ensemble,3e-08,8,22,True,-56.15034519
t0_nh3,hf,ensemble,3e-08,9,23,True,-56.15034519
t0_nh3,hf,histqn,0e+00,1,52,True,-56.15034519
t0_nh3,hf,histqn,1e-07,1,100,False,-56.15034519
t0_nh3,hf,histqn,1e-07,10,100,False,-56.15034519
t0_nh3,hf,histqn,1e-07,11,100,False,-56.15034519
t0_nh3,hf,histqn,1e-07,12,100,False,-56.15034519
t0_nh3,hf,histqn,1e-07,13,100,False,-56.15034519
t0_nh3,hf,histqn,1e-07,14,100,False,-56.15034519
t0_nh3,hf,histqn,1e-07,15,100,False,-56.15034519
t0_nh3,hf,histqn,1e-07,16,100,False,-56.15034519
t0_nh3,hf,histqn,1e-07,17,100,False,-56.15034519
t0_nh3,hf,histqn,1e-07,18,100,False,-56.15034519
t0_nh3,hf,histqn,1e-07,19,100,False,-56.15034519
t0_nh3,hf,histqn,1e-07,2,100,False,-56.15034519
t0_nh3,hf,histqn,1e-07,20,100,False,-56.15034519
t0_nh3,hf,histqn,1e-07,21,100,False,-56.15034519
t0_nh3,hf,histqn,1e-07,22,100,False,-56.15034519
t0_nh3,hf,histqn,1e-07,23,100,False,-56.15034519
t0_nh3,hf,histqn,1e-07,24,100,False,-56.15034519
t0_nh3,hf,histqn,1e-07,25,100,False,-56.15034519
t0_nh3,hf,histqn,1e-07,26,100,False,-56.15034519
t0_nh3,hf,histqn,1e-07,27,100,False,-56.15034519
t0_nh3,hf,histqn,1e-07,28,100,False,-56.15034519
t0_nh3,hf,histqn,1e-07,29,100,False,-56.15034519
t0_nh3,hf,histqn,1e-07,3,100,False,-56.15034519
t0_nh3,hf,histqn,1e-07,30,100,False,-56.15034519
t0_nh3,hf,histqn,1e-07,4,100,False,-56.15034519
t0_nh3,hf,histqn,1e-07,5,100,False,-56.15034519
t0_nh3,hf,histqn,1e-07,6,100,False,-56.15034519
t0_nh3,hf,histqn,1e-07,7,100,False,-56.15034519
t0_nh3,hf,histqn,1e-07,8,100,False,-56.15034519
t0_nh3,hf,histqn,1e-07,9,100,False,-56.15034519
t0_nh3,hf,histqn,1e-08,1,52,True,-56.15034519
t0_nh3,hf,histqn,1e-08,10,50,True,-56.15034519
t0_nh3,hf,histqn,1e-08,11,54,True,-56.15034519
t0_nh3,hf,histqn,1e-08,12,52,True,-56.15034519
t0_nh3,hf,histqn,1e-08,13,52,True,-56.15034519
t0_nh3,hf,histqn,1e-08,14,52,True,-56.15034519
t0_nh3,hf,histqn,1e-08,15,52,True,-56.15034519
t0_nh3,hf,histqn,1e-08,16,52,True,-56.15034519
t0_nh3,hf,histqn,1e-08,17,53,True,-56.15034519
t0_nh3,hf,histqn,1e-08,18,52,True,-56.15034519
t0_nh3,hf,histqn,1e-08,19,51,True,-56.15034519
t0_nh3,hf,histqn,1e-08,2,52,True,-56.15034519
t0_nh3,hf,histqn,1e-08,20,50,True,-56.15034519
t0_nh3,hf,histqn,1e-08,21,52,True,-56.15034519
t0_nh3,hf,histqn,1e-08,22,50,True,-56.15034519
t0_nh3,hf,histqn,1e-08,23,52,True,-56.15034519
t0_nh3,hf,histqn,1e-08,24,50,True,-56.15034519
t0_nh3,hf,histqn,1e-08,25,52,True,-56.15034519
t0_nh3,hf,histqn,1e-08,26,52,True,-56.15034519
t0_nh3,hf,histqn,1e-08,27,52,True,-56.15034519
t0_nh3,hf,histqn,1e-08,28,52,True,-56.15034519
t0_nh3,hf,histqn,1e-08,29,53,True,-56.15034519
t0_nh3,hf,histqn,1e-08,3,52,True,-56.15034519
t0_nh3,hf,histqn,1e-08,30,52,True,-56.15034519
t0_nh3,hf,histqn,1e-08,4,52,True,-56.15034519
t0_nh3,hf,histqn,1e-08,5,53,True,-56.15034519
t0_nh3,hf,histqn,1e-08,6,54,True,-56.15034519
t0_nh3,hf,histqn,1e-08,7,52,True,-56.15034519
t0_nh3,hf,histqn,1e-08,8,52,True,-56.15034519
t0_nh3,hf,histqn,1e-08,9,52,True,-56.15034519
t0_nh3,hf,histqn,1e-09,1,52,True,-56.15034519
t0_nh3,hf,histqn,1e-09,10,52,True,-56.15034519
t0_nh3,hf,histqn,1e-09,11,52,True,-56.15034519
t0_nh3,hf,histqn,1e-09,12,52,True,-56.15034519
t0_nh3,hf,histqn,1e-09,13,52,True,-56.15034519
t0_nh3,hf,histqn,1e-09,14,52,True,-56.15034519
t0_nh3,hf,histqn,1e-09,15,52,True,-56.15034519
t0_nh3,hf,histqn,1e-09,16,52,True,-56.15034519
t0_nh3,hf,histqn,1e-09,17,52,True,-56.15034519
t0_nh3,hf,histqn,1e-09,18,52,True,-56.15034519
t0_nh3,hf,histqn,1e-09,19,52,True,-56.15034519
t0_nh3,hf,histqn,1e-09,2,52,True,-56.15034519
t0_nh3,hf,histqn,1e-09,20,52,True,-56.15034519
t0_nh3,hf,histqn,1e-09,21,52,True,-56.15034519
t0_nh3,hf,histqn,1e-09,22,52,True,-56.15034519
t0_nh3,hf,histqn,1e-09,23,52,True,-56.15034519
t0_nh3,hf,histqn,1e-09,24,52,True,-56.15034519
t0_nh3,hf,histqn,1e-09,25,52,True,-56.15034519
t0_nh3,hf,histqn,1e-09,26,52,True,-56.15034519
t0_nh3,hf,histqn,1e-09,27,52,True,-56.15034519
t0_nh3,hf,histqn,1e-09,28,52,True,-56.15034519
t0_nh3,hf,histqn,1e-09,29,52,True,-56.15034519
t0_nh3,hf,histqn,1e-09,3,52,True,-56.15034519
t0_nh3,hf,histqn,1e-09,30,52,True,-56.15034519
t0_nh3,hf,histqn,1e-09,4,52,True,-56.15034519
t0_nh3,hf,histqn,1e-09,5,52,True,-56.15034519
t0_nh3,hf,histqn,1e-09,6,52,True,-56.15034519
t0_nh3,hf,histqn,1e-09,7,52,True,-56.15034519
t0_nh3,hf,histqn,1e-09,8,52,True,-56.15034519
t0_nh3,hf,histqn,1e-09,9,52,True,-56.15034519
t0_nh3,hf,histqn,3e-08,1,50,True,-56.15034519
t0_nh3,hf,histqn,3e-08,10,50,True,-56.15034519
t0_nh3,hf,histqn,3e-08,11,54,True,-56.15034519
t0_nh3,hf,histqn,3e-08,12,54,True,-56.15034519
t0_nh3,hf,histqn,3e-08,13,52,True,-56.15034519
t0_nh3,hf,histqn,3e-08,14,52,True,-56.15034519
t0_nh3,hf,histqn,3e-08,15,50,True,-56.15034519
t0_nh3,hf,histqn,3e-08,16,53,True,-56.15034519
t0_nh3,hf,histqn,3e-08,17,49,True,-56.15034519
t0_nh3,hf,histqn,3e-08,18,54,True,-56.15034519
t0_nh3,hf,histqn,3e-08,19,51,True,-56.15034519
t0_nh3,hf,histqn,3e-08,2,53,True,-56.15034519
t0_nh3,hf,histqn,3e-08,20,52,True,-56.15034519
t0_nh3,hf,histqn,3e-08,21,53,True,-56.15034519
t0_nh3,hf,histqn,3e-08,22,55,True,-56.15034519
t0_nh3,hf,histqn,3e-08,23,54,True,-56.15034519
t0_nh3,hf,histqn,3e-08,24,53,True,-56.15034519
t0_nh3,hf,histqn,3e-08,25,54,True,-56.15034519
t0_nh3,hf,histqn,3e-08,26,51,True,-56.15034519
t0_nh3,hf,histqn,3e-08,27,52,True,-56.15034519
t0_nh3,hf,histqn,3e-08,28,51,True,-56.15034519
t0_nh3,hf,histqn,3e-08,29,53,True,-56.15034519
t0_nh3,hf,histqn,3e-08,3,52,True,-56.15034519
t0_nh3,hf,histqn,3e-08,30,52,True,-56.15034519
t0_nh3,hf,histqn,3e-08,4,51,True,-56.15034519
t0_nh3,hf,histqn,3e-08,5,53,True,-56.15034519
t0_nh3,hf,histqn,3e-08,6,53,True,-56.15034519
t0_nh3,hf,histqn,3e-08,7,48,True,-56.15034519
t0_nh3,hf,histqn,3e-08,8,52,True,-56.15034519
t0_nh3,hf,histqn,3e-08,9,52,True,-56.15034519
t0_nh3,hf,soscf,0e+00,1,16,True,-56.15034519
t0_nh3,hf,soscf,1e-07,1,100,False,-56.15034519
t0_nh3,hf,soscf,1e-07,10,100,False,-56.15034519
t0_nh3,hf,soscf,1e-07,11,100,False,-56.15034519
t0_nh3,hf,soscf,1e-07,12,100,False,-56.15034519
t0_nh3,hf,soscf,1e-07,13,100,False,-56.15034519
t0_nh3,hf,soscf,1e-07,14,100,False,-56.15034519
t0_nh3,hf,soscf,1e-07,15,100,False,-56.15034519
t0_nh3,hf,soscf,1e-07,16,100,False,-56.15034519
t0_nh3,hf,soscf,1e-07,17,100,False,-56.15034519
t0_nh3,hf,soscf,1e-07,18,100,False,-56.15034519
t0_nh3,hf,soscf,1e-07,19,100,False,-56.15034519
t0_nh3,hf,soscf,1e-07,2,100,False,-56.15034519
t0_nh3,hf,soscf,1e-07,20,100,False,-56.15034519
t0_nh3,hf,soscf,1e-07,21,100,False,-56.15034519
t0_nh3,hf,soscf,1e-07,22,100,False,-56.15034519
t0_nh3,hf,soscf,1e-07,23,100,False,-56.15034519
t0_nh3,hf,soscf,1e-07,24,100,False,-56.15034519
t0_nh3,hf,soscf,1e-07,25,100,False,-56.15034519
t0_nh3,hf,soscf,1e-07,26,100,False,-56.15034519
t0_nh3,hf,soscf,1e-07,27,100,False,-56.15034519
t0_nh3,hf,soscf,1e-07,28,100,False,-56.15034519
t0_nh3,hf,soscf,1e-07,29,100,False,-56.15034519
t0_nh3,hf,soscf,1e-07,3,100,False,-56.15034519
t0_nh3,hf,soscf,1e-07,30,100,False,-56.15034519
t0_nh3,hf,soscf,1e-07,4,100,False,-56.15034519
t0_nh3,hf,soscf,1e-07,5,100,False,-56.15034519
t0_nh3,hf,soscf,1e-07,6,100,False,-56.15034519
t0_nh3,hf,soscf,1e-07,7,100,False,-56.15034519
t0_nh3,hf,soscf,1e-07,8,100,False,-56.15034519
t0_nh3,hf,soscf,1e-07,9,100,False,-56.15034519
t0_nh3,hf,soscf,1e-08,1,25,True,-56.15034519
t0_nh3,hf,soscf,1e-08,10,20,True,-56.15034519
t0_nh3,hf,soscf,1e-08,11,17,True,-56.15034519
t0_nh3,hf,soscf,1e-08,12,29,True,-56.15034519
t0_nh3,hf,soscf,1e-08,13,19,True,-56.15034519
t0_nh3,hf,soscf,1e-08,14,22,True,-56.15034519
t0_nh3,hf,soscf,1e-08,15,20,True,-56.15034519
t0_nh3,hf,soscf,1e-08,16,26,True,-56.15034519
t0_nh3,hf,soscf,1e-08,17,27,True,-56.15034519
t0_nh3,hf,soscf,1e-08,18,26,True,-56.15034519
t0_nh3,hf,soscf,1e-08,19,25,True,-56.15034519
t0_nh3,hf,soscf,1e-08,2,30,True,-56.15034519
t0_nh3,hf,soscf,1e-08,20,20,True,-56.15034519
t0_nh3,hf,soscf,1e-08,21,19,True,-56.15034519
t0_nh3,hf,soscf,1e-08,22,19,True,-56.15034519
t0_nh3,hf,soscf,1e-08,23,22,True,-56.15034519
t0_nh3,hf,soscf,1e-08,24,28,True,-56.15034519
t0_nh3,hf,soscf,1e-08,25,22,True,-56.15034519
t0_nh3,hf,soscf,1e-08,26,18,True,-56.15034519
t0_nh3,hf,soscf,1e-08,27,18,True,-56.15034519
t0_nh3,hf,soscf,1e-08,28,19,True,-56.15034519
t0_nh3,hf,soscf,1e-08,29,25,True,-56.15034519
t0_nh3,hf,soscf,1e-08,3,22,True,-56.15034519
t0_nh3,hf,soscf,1e-08,30,19,True,-56.15034519
t0_nh3,hf,soscf,1e-08,4,24,True,-56.15034519
t0_nh3,hf,soscf,1e-08,5,17,True,-56.15034519
t0_nh3,hf,soscf,1e-08,6,23,True,-56.15034519
t0_nh3,hf,soscf,1e-08,7,18,True,-56.15034519
t0_nh3,hf,soscf,1e-08,8,20,True,-56.15034519
t0_nh3,hf,soscf,1e-08,9,28,True,-56.15034519
t0_nh3,hf,soscf,1e-09,1,21,True,-56.15034519
t0_nh3,hf,soscf,1e-09,10,20,True,-56.15034519
t0_nh3,hf,soscf,1e-09,11,22,True,-56.15034519
t0_nh3,hf,soscf,1e-09,12,21,True,-56.15034519
t0_nh3,hf,soscf,1e-09,13,19,True,-56.15034519
t0_nh3,hf,soscf,1e-09,14,24,True,-56.15034519
t0_nh3,hf,soscf,1e-09,15,23,True,-56.15034519
t0_nh3,hf,soscf,1e-09,16,17,True,-56.15034519
t0_nh3,hf,soscf,1e-09,17,27,True,-56.15034519
t0_nh3,hf,soscf,1e-09,18,17,True,-56.15034519
t0_nh3,hf,soscf,1e-09,19,18,True,-56.15034519
t0_nh3,hf,soscf,1e-09,2,20,True,-56.15034519
t0_nh3,hf,soscf,1e-09,20,19,True,-56.15034519
t0_nh3,hf,soscf,1e-09,21,26,True,-56.15034519
t0_nh3,hf,soscf,1e-09,22,23,True,-56.15034519
t0_nh3,hf,soscf,1e-09,23,17,True,-56.15034519
t0_nh3,hf,soscf,1e-09,24,25,True,-56.15034519
t0_nh3,hf,soscf,1e-09,25,21,True,-56.15034519
t0_nh3,hf,soscf,1e-09,26,23,True,-56.15034519
t0_nh3,hf,soscf,1e-09,27,22,True,-56.15034519
t0_nh3,hf,soscf,1e-09,28,17,True,-56.15034519
t0_nh3,hf,soscf,1e-09,29,17,True,-56.15034519
t0_nh3,hf,soscf,1e-09,3,24,True,-56.15034519
t0_nh3,hf,soscf,1e-09,30,19,True,-56.15034519
t0_nh3,hf,soscf,1e-09,4,30,True,-56.15034519
t0_nh3,hf,soscf,1e-09,5,18,True,-56.15034519
t0_nh3,hf,soscf,1e-09,6,17,True,-56.15034519
t0_nh3,hf,soscf,1e-09,7,23,True,-56.15034519
t0_nh3,hf,soscf,1e-09,8,25,True,-56.15034519
t0_nh3,hf,soscf,1e-09,9,23,True,-56.15034519
t0_nh3,hf,soscf,3e-08,1,20,True,-56.15034519
t0_nh3,hf,soscf,3e-08,10,20,True,-56.15034519
t0_nh3,hf,soscf,3e-08,11,25,True,-56.15034519
t0_nh3,hf,soscf,3e-08,12,26,True,-56.15034519
t0_nh3,hf,soscf,3e-08,13,22,True,-56.15034519
t0_nh3,hf,soscf,3e-08,14,20,True,-56.15034519
t0_nh3,hf,soscf,3e-08,15,20,True,-56.15034519
t0_nh3,hf,soscf,3e-08,16,18,True,-56.15034519
t0_nh3,hf,soscf,3e-08,17,28,True,-56.15034519
t0_nh3,hf,soscf,3e-08,18,21,True,-56.15034519
t0_nh3,hf,soscf,3e-08,19,33,True,-56.15034519
t0_nh3,hf,soscf,3e-08,2,22,True,-56.15034519
t0_nh3,hf,soscf,3e-08,20,19,True,-56.15034519
t0_nh3,hf,soscf,3e-08,21,19,True,-56.15034519
t0_nh3,hf,soscf,3e-08,22,19,True,-56.15034519
t0_nh3,hf,soscf,3e-08,23,26,True,-56.15034519
t0_nh3,hf,soscf,3e-08,24,24,True,-56.15034519
t0_nh3,hf,soscf,3e-08,25,23,True,-56.15034519
t0_nh3,hf,soscf,3e-08,26,17,True,-56.15034519
t0_nh3,hf,soscf,3e-08,27,19,True,-56.15034519
t0_nh3,hf,soscf,3e-08,28,19,True,-56.15034519
t0_nh3,hf,soscf,3e-08,29,16,True,-56.15034519
t0_nh3,hf,soscf,3e-08,3,22,True,-56.15034519
t0_nh3,hf,soscf,3e-08,30,18,True,-56.15034519
t0_nh3,hf,soscf,3e-08,4,22,True,-56.15034519
t0_nh3,hf,soscf,3e-08,5,19,True,-56.15034519
t0_nh3,hf,soscf,3e-08,6,19,True,-56.15034519
t0_nh3,hf,soscf,3e-08,7,19,True,-56.15034519
t0_nh3,hf,soscf,3e-08,8,22,True,-56.15034519
t0_nh3,hf,soscf,3e-08,9,23,True,-56.15034519
t0_nh3,hf,switch,0e+00,1,13,True,-56.15034519
t0_nh3,hf,switch,1e-07,1,100,False,-56.15034519
t0_nh3,hf,switch,1e-07,10,100,False,-56.15034519
t0_nh3,hf,switch,1e-07,11,100,False,-56.15034519
t0_nh3,hf,switch,1e-07,12,100,False,-56.15034519
t0_nh3,hf,switch,1e-07,13,100,False,-56.15034519
t0_nh3,hf,switch,1e-07,14,100,False,-56.15034519
t0_nh3,hf,switch,1e-07,15,100,False,-56.15034519
t0_nh3,hf,switch,1e-07,16,100,False,-56.15034519
t0_nh3,hf,switch,1e-07,17,100,False,-56.15034519
t0_nh3,hf,switch,1e-07,18,100,False,-56.15034519
t0_nh3,hf,switch,1e-07,19,100,False,-56.15034519
t0_nh3,hf,switch,1e-07,2,100,False,-56.15034519
t0_nh3,hf,switch,1e-07,20,100,False,-56.15034519
t0_nh3,hf,switch,1e-07,21,100,False,-56.15034519
t0_nh3,hf,switch,1e-07,22,100,False,-56.15034519
t0_nh3,hf,switch,1e-07,23,100,False,-56.15034519
t0_nh3,hf,switch,1e-07,24,100,False,-56.15034519
t0_nh3,hf,switch,1e-07,25,100,False,-56.15034519
t0_nh3,hf,switch,1e-07,26,100,False,-56.15034519
t0_nh3,hf,switch,1e-07,27,100,False,-56.15034519
t0_nh3,hf,switch,1e-07,28,100,False,-56.15034519
t0_nh3,hf,switch,1e-07,29,100,False,-56.15034519
t0_nh3,hf,switch,1e-07,3,100,False,-56.15034519
t0_nh3,hf,switch,1e-07,30,100,False,-56.15034519
t0_nh3,hf,switch,1e-07,4,100,False,-56.15034519
t0_nh3,hf,switch,1e-07,5,100,False,-56.15034519
t0_nh3,hf,switch,1e-07,6,100,False,-56.15034519
t0_nh3,hf,switch,1e-07,7,100,False,-56.15034519
t0_nh3,hf,switch,1e-07,8,100,False,-56.15034519
t0_nh3,hf,switch,1e-07,9,100,False,-56.15034519
t0_nh3,hf,switch,1e-08,1,13,True,-56.15034519
t0_nh3,hf,switch,1e-08,10,13,True,-56.15034519
t0_nh3,hf,switch,1e-08,11,13,True,-56.15034519
t0_nh3,hf,switch,1e-08,12,13,True,-56.15034519
t0_nh3,hf,switch,1e-08,13,13,True,-56.15034519
t0_nh3,hf,switch,1e-08,14,13,True,-56.15034519
t0_nh3,hf,switch,1e-08,15,13,True,-56.15034519
t0_nh3,hf,switch,1e-08,16,13,True,-56.15034519
t0_nh3,hf,switch,1e-08,17,13,True,-56.15034519
t0_nh3,hf,switch,1e-08,18,13,True,-56.15034519
t0_nh3,hf,switch,1e-08,19,13,True,-56.15034519
t0_nh3,hf,switch,1e-08,2,13,True,-56.15034519
t0_nh3,hf,switch,1e-08,20,13,True,-56.15034519
t0_nh3,hf,switch,1e-08,21,13,True,-56.15034519
t0_nh3,hf,switch,1e-08,22,13,True,-56.15034519
t0_nh3,hf,switch,1e-08,23,13,True,-56.15034519
t0_nh3,hf,switch,1e-08,24,13,True,-56.15034519
t0_nh3,hf,switch,1e-08,25,13,True,-56.15034519
t0_nh3,hf,switch,1e-08,26,13,True,-56.15034519
t0_nh3,hf,switch,1e-08,27,13,True,-56.15034519
t0_nh3,hf,switch,1e-08,28,13,True,-56.15034519
t0_nh3,hf,switch,1e-08,29,13,True,-56.15034519
t0_nh3,hf,switch,1e-08,3,13,True,-56.15034519
t0_nh3,hf,switch,1e-08,30,13,True,-56.15034519
t0_nh3,hf,switch,1e-08,4,13,True,-56.15034519
t0_nh3,hf,switch,1e-08,5,13,True,-56.15034519
t0_nh3,hf,switch,1e-08,6,13,True,-56.15034519
t0_nh3,hf,switch,1e-08,7,13,True,-56.15034519
t0_nh3,hf,switch,1e-08,8,13,True,-56.15034519
t0_nh3,hf,switch,1e-08,9,13,True,-56.15034519
t0_nh3,hf,switch,1e-09,1,13,True,-56.15034519
t0_nh3,hf,switch,1e-09,10,13,True,-56.15034519
t0_nh3,hf,switch,1e-09,11,13,True,-56.15034519
t0_nh3,hf,switch,1e-09,12,13,True,-56.15034519
t0_nh3,hf,switch,1e-09,13,13,True,-56.15034519
t0_nh3,hf,switch,1e-09,14,13,True,-56.15034519
t0_nh3,hf,switch,1e-09,15,13,True,-56.15034519
t0_nh3,hf,switch,1e-09,16,13,True,-56.15034519
t0_nh3,hf,switch,1e-09,17,13,True,-56.15034519
t0_nh3,hf,switch,1e-09,18,13,True,-56.15034519
t0_nh3,hf,switch,1e-09,19,13,True,-56.15034519
t0_nh3,hf,switch,1e-09,2,13,True,-56.15034519
t0_nh3,hf,switch,1e-09,20,13,True,-56.15034519
t0_nh3,hf,switch,1e-09,21,13,True,-56.15034519
t0_nh3,hf,switch,1e-09,22,13,True,-56.15034519
t0_nh3,hf,switch,1e-09,23,13,True,-56.15034519
t0_nh3,hf,switch,1e-09,24,13,True,-56.15034519
t0_nh3,hf,switch,1e-09,25,13,True,-56.15034519
t0_nh3,hf,switch,1e-09,26,13,True,-56.15034519
t0_nh3,hf,switch,1e-09,27,13,True,-56.15034519
t0_nh3,hf,switch,1e-09,28,13,True,-56.15034519
t0_nh3,hf,switch,1e-09,29,13,True,-56.15034519
t0_nh3,hf,switch,1e-09,3,13,True,-56.15034519
t0_nh3,hf,switch,1e-09,30,13,True,-56.15034519
t0_nh3,hf,switch,1e-09,4,13,True,-56.15034519
t0_nh3,hf,switch,1e-09,5,13,True,-56.15034519
t0_nh3,hf,switch,1e-09,6,13,True,-56.15034519
t0_nh3,hf,switch,1e-09,7,13,True,-56.15034519
t0_nh3,hf,switch,1e-09,8,13,True,-56.15034519
t0_nh3,hf,switch,1e-09,9,13,True,-56.15034519
t0_nh3,hf,switch,3e-08,1,13,True,-56.15034519
t0_nh3,hf,switch,3e-08,10,13,True,-56.15034519
t0_nh3,hf,switch,3e-08,11,13,True,-56.15034519
t0_nh3,hf,switch,3e-08,12,13,True,-56.15034519
t0_nh3,hf,switch,3e-08,13,13,True,-56.15034519
t0_nh3,hf,switch,3e-08,14,13,True,-56.15034519
t0_nh3,hf,switch,3e-08,15,13,True,-56.15034519
t0_nh3,hf,switch,3e-08,16,13,True,-56.15034519
t0_nh3,hf,switch,3e-08,17,13,True,-56.15034519
t0_nh3,hf,switch,3e-08,18,13,True,-56.15034519
t0_nh3,hf,switch,3e-08,19,13,True,-56.15034519
t0_nh3,hf,switch,3e-08,2,13,True,-56.15034519
t0_nh3,hf,switch,3e-08,20,13,True,-56.15034519
t0_nh3,hf,switch,3e-08,21,13,True,-56.15034519
t0_nh3,hf,switch,3e-08,22,13,True,-56.15034519
t0_nh3,hf,switch,3e-08,23,13,True,-56.15034519
t0_nh3,hf,switch,3e-08,24,13,True,-56.15034519
t0_nh3,hf,switch,3e-08,25,13,True,-56.15034519
t0_nh3,hf,switch,3e-08,26,13,True,-56.15034519
t0_nh3,hf,switch,3e-08,27,13,True,-56.15034519
t0_nh3,hf,switch,3e-08,28,13,True,-56.15034519
t0_nh3,hf,switch,3e-08,29,13,True,-56.15034519
t0_nh3,hf,switch,3e-08,3,13,True,-56.15034519
t0_nh3,hf,switch,3e-08,30,13,True,-56.15034519
t0_nh3,hf,switch,3e-08,4,13,True,-56.15034519
t0_nh3,hf,switch,3e-08,5,13,True,-56.15034519
t0_nh3,hf,switch,3e-08,6,13,True,-56.15034519
t0_nh3,hf,switch,3e-08,7,13,True,-56.15034519
t0_nh3,hf,switch,3e-08,8,13,True,-56.15034519
t0_nh3,hf,switch,3e-08,9,13,True,-56.15034519
t1_c16,b3lyp5,diis,0e+00,1,-1,TIMEOUT,nan
t1_c16,b3lyp5,diis,1e-07,1,100,False,-619.37610179
t1_c16,b3lyp5,diis,1e-07,10,-1,TIMEOUT,nan
t1_c16,b3lyp5,diis,1e-07,11,-1,TIMEOUT,nan
t1_c16,b3lyp5,diis,1e-07,12,-1,TIMEOUT,nan
t1_c16,b3lyp5,diis,1e-07,13,-1,TIMEOUT,nan
t1_c16,b3lyp5,diis,1e-07,14,-1,TIMEOUT,nan
t1_c16,b3lyp5,diis,1e-07,15,-1,TIMEOUT,nan
t1_c16,b3lyp5,diis,1e-07,16,-1,TIMEOUT,nan
t1_c16,b3lyp5,diis,1e-07,17,-1,TIMEOUT,nan
t1_c16,b3lyp5,diis,1e-07,18,-1,TIMEOUT,nan
t1_c16,b3lyp5,diis,1e-07,19,-1,TIMEOUT,nan
t1_c16,b3lyp5,diis,1e-07,2,-1,TIMEOUT,nan
t1_c16,b3lyp5,diis,1e-07,20,-1,TIMEOUT,nan
t1_c16,b3lyp5,diis,1e-07,21,-1,TIMEOUT,nan
t1_c16,b3lyp5,diis,1e-07,22,-1,TIMEOUT,nan
t1_c16,b3lyp5,diis,1e-07,23,-1,TIMEOUT,nan
t1_c16,b3lyp5,diis,1e-07,24,-1,TIMEOUT,nan
t1_c16,b3lyp5,diis,1e-07,25,100,False,-619.37610179
t1_c16,b3lyp5,diis,1e-07,26,-1,TIMEOUT,nan
t1_c16,b3lyp5,diis,1e-07,27,-1,TIMEOUT,nan
t1_c16,b3lyp5,diis,1e-07,28,-1,TIMEOUT,nan
t1_c16,b3lyp5,diis,1e-07,29,-1,TIMEOUT,nan
t1_c16,b3lyp5,diis,1e-07,3,-1,TIMEOUT,nan
t1_c16,b3lyp5,diis,1e-07,30,-1,TIMEOUT,nan
t1_c16,b3lyp5,diis,1e-07,4,-1,TIMEOUT,nan
t1_c16,b3lyp5,diis,1e-07,5,-1,TIMEOUT,nan
t1_c16,b3lyp5,diis,1e-07,6,-1,TIMEOUT,nan
t1_c16,b3lyp5,diis,1e-07,7,-1,TIMEOUT,nan
t1_c16,b3lyp5,diis,1e-07,8,-1,TIMEOUT,nan
t1_c16,b3lyp5,diis,1e-07,9,-1,TIMEOUT,nan
t1_c16,b3lyp5,diis,1e-08,1,-1,TIMEOUT,nan
t1_c16,b3lyp5,diis,1e-08,10,22,True,-619.37610179
t1_c16,b3lyp5,diis,1e-08,11,-1,TIMEOUT,nan
t1_c16,b3lyp5,diis,1e-08,12,-1,TIMEOUT,nan
t1_c16,b3lyp5,diis,1e-08,13,-1,TIMEOUT,nan
t1_c16,b3lyp5,diis,1e-08,14,-1,TIMEOUT,nan
t1_c16,b3lyp5,diis,1e-08,15,-1,TIMEOUT,nan
t1_c16,b3lyp5,diis,1e-08,16,-1,TIMEOUT,nan
t1_c16,b3lyp5,diis,1e-08,17,-1,TIMEOUT,nan
t1_c16,b3lyp5,diis,1e-08,18,-1,TIMEOUT,nan
t1_c16,b3lyp5,diis,1e-08,19,-1,TIMEOUT,nan
t1_c16,b3lyp5,diis,1e-08,2,-1,TIMEOUT,nan
t1_c16,b3lyp5,diis,1e-08,20,-1,TIMEOUT,nan
t1_c16,b3lyp5,diis,1e-08,21,-1,TIMEOUT,nan
t1_c16,b3lyp5,diis,1e-08,22,-1,TIMEOUT,nan
t1_c16,b3lyp5,diis,1e-08,23,-1,TIMEOUT,nan
t1_c16,b3lyp5,diis,1e-08,24,-1,TIMEOUT,nan
t1_c16,b3lyp5,diis,1e-08,25,23,True,-619.37610179
t1_c16,b3lyp5,diis,1e-08,26,22,True,-619.37610179
t1_c16,b3lyp5,diis,1e-08,27,-1,TIMEOUT,nan
t1_c16,b3lyp5,diis,1e-08,28,-1,TIMEOUT,nan
t1_c16,b3lyp5,diis,1e-08,29,-1,TIMEOUT,nan
t1_c16,b3lyp5,diis,1e-08,3,-1,TIMEOUT,nan
t1_c16,b3lyp5,diis,1e-08,30,-1,TIMEOUT,nan
t1_c16,b3lyp5,diis,1e-08,4,-1,TIMEOUT,nan
t1_c16,b3lyp5,diis,1e-08,5,22,True,-619.37610179
t1_c16,b3lyp5,diis,1e-08,6,23,True,-619.37610179
t1_c16,b3lyp5,diis,1e-08,7,23,True,-619.37610179
t1_c16,b3lyp5,diis,1e-08,8,22,True,-619.37610179
t1_c16,b3lyp5,diis,1e-08,9,23,True,-619.37610179
t1_c16,b3lyp5,diis,1e-09,1,-1,TIMEOUT,nan
t1_c16,b3lyp5,diis,1e-09,10,-1,TIMEOUT,nan
t1_c16,b3lyp5,diis,1e-09,11,-1,TIMEOUT,nan
t1_c16,b3lyp5,diis,1e-09,12,-1,TIMEOUT,nan
t1_c16,b3lyp5,diis,1e-09,13,-1,TIMEOUT,nan
t1_c16,b3lyp5,diis,1e-09,14,-1,TIMEOUT,nan
t1_c16,b3lyp5,diis,1e-09,15,23,True,-619.37610179
t1_c16,b3lyp5,diis,1e-09,16,23,True,-619.37610179
t1_c16,b3lyp5,diis,1e-09,17,23,True,-619.37610179
t1_c16,b3lyp5,diis,1e-09,18,23,True,-619.37610179
t1_c16,b3lyp5,diis,1e-09,19,23,True,-619.37610179
t1_c16,b3lyp5,diis,1e-09,2,23,True,-619.37610179
t1_c16,b3lyp5,diis,1e-09,20,-1,TIMEOUT,nan
t1_c16,b3lyp5,diis,1e-09,21,-1,TIMEOUT,nan
t1_c16,b3lyp5,diis,1e-09,22,-1,TIMEOUT,nan
t1_c16,b3lyp5,diis,1e-09,23,-1,TIMEOUT,nan
t1_c16,b3lyp5,diis,1e-09,24,-1,TIMEOUT,nan
t1_c16,b3lyp5,diis,1e-09,25,-1,TIMEOUT,nan
t1_c16,b3lyp5,diis,1e-09,26,-1,TIMEOUT,nan
t1_c16,b3lyp5,diis,1e-09,27,-1,TIMEOUT,nan
t1_c16,b3lyp5,diis,1e-09,28,-1,TIMEOUT,nan
t1_c16,b3lyp5,diis,1e-09,29,-1,TIMEOUT,nan
t1_c16,b3lyp5,diis,1e-09,3,23,True,-619.37610179
t1_c16,b3lyp5,diis,1e-09,30,-1,TIMEOUT,nan
t1_c16,b3lyp5,diis,1e-09,4,23,True,-619.37610179
t1_c16,b3lyp5,diis,1e-09,5,23,True,-619.37610179
t1_c16,b3lyp5,diis,1e-09,6,23,True,-619.37610179
t1_c16,b3lyp5,diis,1e-09,7,23,True,-619.37610179
t1_c16,b3lyp5,diis,1e-09,8,23,True,-619.37610179
t1_c16,b3lyp5,diis,1e-09,9,23,True,-619.37610179
t1_c16,b3lyp5,diis,3e-08,1,-1,TIMEOUT,nan
t1_c16,b3lyp5,diis,3e-08,10,-1,TIMEOUT,nan
t1_c16,b3lyp5,diis,3e-08,11,-1,TIMEOUT,nan
t1_c16,b3lyp5,diis,3e-08,12,-1,TIMEOUT,nan
t1_c16,b3lyp5,diis,3e-08,13,-1,TIMEOUT,nan
t1_c16,b3lyp5,diis,3e-08,14,-1,TIMEOUT,nan
t1_c16,b3lyp5,diis,3e-08,15,-1,TIMEOUT,nan
t1_c16,b3lyp5,diis,3e-08,16,-1,TIMEOUT,nan
t1_c16,b3lyp5,diis,3e-08,17,-1,TIMEOUT,nan
t1_c16,b3lyp5,diis,3e-08,18,-1,TIMEOUT,nan
t1_c16,b3lyp5,diis,3e-08,19,-1,TIMEOUT,nan
t1_c16,b3lyp5,diis,3e-08,2,-1,TIMEOUT,nan
t1_c16,b3lyp5,diis,3e-08,20,-1,TIMEOUT,nan
t1_c16,b3lyp5,diis,3e-08,21,-1,TIMEOUT,nan
t1_c16,b3lyp5,diis,3e-08,22,-1,TIMEOUT,nan
t1_c16,b3lyp5,diis,3e-08,23,-1,TIMEOUT,nan
t1_c16,b3lyp5,diis,3e-08,24,-1,TIMEOUT,nan
t1_c16,b3lyp5,diis,3e-08,25,-1,TIMEOUT,nan
t1_c16,b3lyp5,diis,3e-08,26,-1,TIMEOUT,nan
t1_c16,b3lyp5,diis,3e-08,27,-1,TIMEOUT,nan
t1_c16,b3lyp5,diis,3e-08,28,-1,TIMEOUT,nan
t1_c16,b3lyp5,diis,3e-08,29,-1,TIMEOUT,nan
t1_c16,b3lyp5,diis,3e-08,3,-1,TIMEOUT,nan
t1_c16,b3lyp5,diis,3e-08,30,-1,TIMEOUT,nan
t1_c16,b3lyp5,diis,3e-08,4,-1,TIMEOUT,nan
t1_c16,b3lyp5,diis,3e-08,5,100,False,-619.37610179
t1_c16,b3lyp5,diis,3e-08,6,-1,TIMEOUT,nan
t1_c16,b3lyp5,diis,3e-08,7,-1,TIMEOUT,nan
t1_c16,b3lyp5,diis,3e-08,8,-1,TIMEOUT,nan
t1_c16,b3lyp5,diis,3e-08,9,-1,TIMEOUT,nan
t1_c16,b3lyp5,ensemble,0e+00,1,-1,TIMEOUT,nan
t1_c16,b3lyp5,ensemble,1e-07,1,-1,TIMEOUT,nan
t1_c16,b3lyp5,ensemble,1e-07,10,-1,TIMEOUT,nan
t1_c16,b3lyp5,ensemble,1e-07,11,-1,TIMEOUT,nan
t1_c16,b3lyp5,ensemble,1e-07,12,-1,TIMEOUT,nan
t1_c16,b3lyp5,ensemble,1e-07,13,-1,TIMEOUT,nan
t1_c16,b3lyp5,ensemble,1e-07,14,-1,TIMEOUT,nan
t1_c16,b3lyp5,ensemble,1e-07,15,-1,TIMEOUT,nan
t1_c16,b3lyp5,ensemble,1e-07,16,-1,TIMEOUT,nan
t1_c16,b3lyp5,ensemble,1e-07,17,-1,TIMEOUT,nan
t1_c16,b3lyp5,ensemble,1e-07,18,-1,TIMEOUT,nan
t1_c16,b3lyp5,ensemble,1e-07,19,-1,TIMEOUT,nan
t1_c16,b3lyp5,ensemble,1e-07,2,-1,TIMEOUT,nan
t1_c16,b3lyp5,ensemble,1e-07,20,-1,TIMEOUT,nan
t1_c16,b3lyp5,ensemble,1e-07,21,-1,TIMEOUT,nan
t1_c16,b3lyp5,ensemble,1e-07,22,-1,TIMEOUT,nan
t1_c16,b3lyp5,ensemble,1e-07,23,-1,TIMEOUT,nan
t1_c16,b3lyp5,ensemble,1e-07,24,-1,TIMEOUT,nan
t1_c16,b3lyp5,ensemble,1e-07,25,-1,TIMEOUT,nan
t1_c16,b3lyp5,ensemble,1e-07,26,-1,TIMEOUT,nan
t1_c16,b3lyp5,ensemble,1e-07,27,-1,TIMEOUT,nan
t1_c16,b3lyp5,ensemble,1e-07,28,-1,TIMEOUT,nan
t1_c16,b3lyp5,ensemble,1e-07,29,-1,TIMEOUT,nan
t1_c16,b3lyp5,ensemble,1e-07,3,100,False,-614.79193688
t1_c16,b3lyp5,ensemble,1e-07,30,-1,TIMEOUT,nan
t1_c16,b3lyp5,ensemble,1e-07,4,-1,TIMEOUT,nan
t1_c16,b3lyp5,ensemble,1e-07,5,-1,TIMEOUT,nan
t1_c16,b3lyp5,ensemble,1e-07,6,-1,TIMEOUT,nan
t1_c16,b3lyp5,ensemble,1e-07,7,-1,TIMEOUT,nan
t1_c16,b3lyp5,ensemble,1e-07,8,-1,TIMEOUT,nan
t1_c16,b3lyp5,ensemble,1e-07,9,-1,TIMEOUT,nan
t1_c16,b3lyp5,ensemble,1e-08,1,-1,TIMEOUT,nan
t1_c16,b3lyp5,ensemble,1e-08,10,-1,TIMEOUT,nan
t1_c16,b3lyp5,ensemble,1e-08,11,-1,TIMEOUT,nan
t1_c16,b3lyp5,ensemble,1e-08,12,-1,TIMEOUT,nan
t1_c16,b3lyp5,ensemble,1e-08,13,-1,TIMEOUT,nan
t1_c16,b3lyp5,ensemble,1e-08,14,-1,TIMEOUT,nan
t1_c16,b3lyp5,ensemble,1e-08,15,-1,TIMEOUT,nan
t1_c16,b3lyp5,ensemble,1e-08,16,-1,TIMEOUT,nan
t1_c16,b3lyp5,ensemble,1e-08,17,-1,TIMEOUT,nan
t1_c16,b3lyp5,ensemble,1e-08,18,-1,TIMEOUT,nan
t1_c16,b3lyp5,ensemble,1e-08,19,-1,TIMEOUT,nan
t1_c16,b3lyp5,ensemble,1e-08,2,-1,TIMEOUT,nan
t1_c16,b3lyp5,ensemble,1e-08,20,-1,TIMEOUT,nan
t1_c16,b3lyp5,ensemble,1e-08,21,-1,TIMEOUT,nan
t1_c16,b3lyp5,ensemble,1e-08,22,-1,TIMEOUT,nan
t1_c16,b3lyp5,ensemble,1e-08,23,100,False,-615.33409686
t1_c16,b3lyp5,ensemble,1e-08,24,-1,TIMEOUT,nan
t1_c16,b3lyp5,ensemble,1e-08,25,-1,TIMEOUT,nan
t1_c16,b3lyp5,ensemble,1e-08,26,-1,TIMEOUT,nan
t1_c16,b3lyp5,ensemble,1e-08,27,-1,TIMEOUT,nan
t1_c16,b3lyp5,ensemble,1e-08,28,-1,TIMEOUT,nan
t1_c16,b3lyp5,ensemble,1e-08,29,-1,TIMEOUT,nan
t1_c16,b3lyp5,ensemble,1e-08,3,100,False,-616.32403969
t1_c16,b3lyp5,ensemble,1e-08,30,-1,TIMEOUT,nan
t1_c16,b3lyp5,ensemble,1e-08,4,-1,TIMEOUT,nan
t1_c16,b3lyp5,ensemble,1e-08,5,-1,TIMEOUT,nan
t1_c16,b3lyp5,ensemble,1e-08,6,-1,TIMEOUT,nan
t1_c16,b3lyp5,ensemble,1e-08,7,-1,TIMEOUT,nan
t1_c16,b3lyp5,ensemble,1e-08,8,-1,TIMEOUT,nan
t1_c16,b3lyp5,ensemble,1e-08,9,-1,TIMEOUT,nan
t1_c16,b3lyp5,ensemble,1e-09,1,-1,TIMEOUT,nan
t1_c16,b3lyp5,ensemble,1e-09,10,-1,TIMEOUT,nan
t1_c16,b3lyp5,ensemble,1e-09,11,-1,TIMEOUT,nan
t1_c16,b3lyp5,ensemble,1e-09,12,-1,TIMEOUT,nan
t1_c16,b3lyp5,ensemble,1e-09,13,100,False,-614.81880318
t1_c16,b3lyp5,ensemble,1e-09,14,-1,TIMEOUT,nan
t1_c16,b3lyp5,ensemble,1e-09,15,-1,TIMEOUT,nan
t1_c16,b3lyp5,ensemble,1e-09,16,-1,TIMEOUT,nan
t1_c16,b3lyp5,ensemble,1e-09,17,-1,TIMEOUT,nan
t1_c16,b3lyp5,ensemble,1e-09,18,-1,TIMEOUT,nan
t1_c16,b3lyp5,ensemble,1e-09,19,-1,TIMEOUT,nan
t1_c16,b3lyp5,ensemble,1e-09,2,-1,TIMEOUT,nan
t1_c16,b3lyp5,ensemble,1e-09,20,-1,TIMEOUT,nan
t1_c16,b3lyp5,ensemble,1e-09,21,-1,TIMEOUT,nan
t1_c16,b3lyp5,ensemble,1e-09,22,-1,TIMEOUT,nan
t1_c16,b3lyp5,ensemble,1e-09,23,-1,TIMEOUT,nan
t1_c16,b3lyp5,ensemble,1e-09,24,-1,TIMEOUT,nan
t1_c16,b3lyp5,ensemble,1e-09,25,-1,TIMEOUT,nan
t1_c16,b3lyp5,ensemble,1e-09,26,-1,TIMEOUT,nan
t1_c16,b3lyp5,ensemble,1e-09,27,-1,TIMEOUT,nan
t1_c16,b3lyp5,ensemble,1e-09,28,-1,TIMEOUT,nan
t1_c16,b3lyp5,ensemble,1e-09,29,-1,TIMEOUT,nan
t1_c16,b3lyp5,ensemble,1e-09,3,-1,TIMEOUT,nan
t1_c16,b3lyp5,ensemble,1e-09,30,-1,TIMEOUT,nan
t1_c16,b3lyp5,ensemble,1e-09,4,-1,TIMEOUT,nan
t1_c16,b3lyp5,ensemble,1e-09,5,-1,TIMEOUT,nan
t1_c16,b3lyp5,ensemble,1e-09,6,-1,TIMEOUT,nan
t1_c16,b3lyp5,ensemble,1e-09,7,-1,TIMEOUT,nan
t1_c16,b3lyp5,ensemble,1e-09,8,-1,TIMEOUT,nan
t1_c16,b3lyp5,ensemble,1e-09,9,-1,TIMEOUT,nan
t1_c16,b3lyp5,ensemble,3e-08,1,-1,TIMEOUT,nan
t1_c16,b3lyp5,ensemble,3e-08,10,-1,TIMEOUT,nan
t1_c16,b3lyp5,ensemble,3e-08,11,-1,TIMEOUT,nan
t1_c16,b3lyp5,ensemble,3e-08,12,-1,TIMEOUT,nan
t1_c16,b3lyp5,ensemble,3e-08,13,100,False,-615.92933098
t1_c16,b3lyp5,ensemble,3e-08,14,-1,TIMEOUT,nan
t1_c16,b3lyp5,ensemble,3e-08,15,-1,TIMEOUT,nan
t1_c16,b3lyp5,ensemble,3e-08,16,-1,TIMEOUT,nan
t1_c16,b3lyp5,ensemble,3e-08,17,-1,TIMEOUT,nan
t1_c16,b3lyp5,ensemble,3e-08,18,-1,TIMEOUT,nan
t1_c16,b3lyp5,ensemble,3e-08,19,-1,TIMEOUT,nan
t1_c16,b3lyp5,ensemble,3e-08,2,-1,TIMEOUT,nan
t1_c16,b3lyp5,ensemble,3e-08,20,-1,TIMEOUT,nan
t1_c16,b3lyp5,ensemble,3e-08,21,-1,TIMEOUT,nan
t1_c16,b3lyp5,ensemble,3e-08,22,-1,TIMEOUT,nan
t1_c16,b3lyp5,ensemble,3e-08,23,-1,TIMEOUT,nan
t1_c16,b3lyp5,ensemble,3e-08,24,-1,TIMEOUT,nan
t1_c16,b3lyp5,ensemble,3e-08,25,-1,TIMEOUT,nan
t1_c16,b3lyp5,ensemble,3e-08,26,-1,TIMEOUT,nan
t1_c16,b3lyp5,ensemble,3e-08,27,-1,TIMEOUT,nan
t1_c16,b3lyp5,ensemble,3e-08,28,-1,TIMEOUT,nan
t1_c16,b3lyp5,ensemble,3e-08,29,-1,TIMEOUT,nan
t1_c16,b3lyp5,ensemble,3e-08,3,100,False,-619.10279001
t1_c16,b3lyp5,ensemble,3e-08,30,-1,TIMEOUT,nan
t1_c16,b3lyp5,ensemble,3e-08,4,100,False,-617.34295512
t1_c16,b3lyp5,ensemble,3e-08,5,-1,TIMEOUT,nan
t1_c16,b3lyp5,ensemble,3e-08,6,-1,TIMEOUT,nan
t1_c16,b3lyp5,ensemble,3e-08,7,-1,TIMEOUT,nan
t1_c16,b3lyp5,ensemble,3e-08,8,-1,TIMEOUT,nan
t1_c16,b3lyp5,ensemble,3e-08,9,-1,TIMEOUT,nan
t1_c16,b3lyp5,histqn,0e+00,1,-1,TIMEOUT,nan
t1_c16,b3lyp5,histqn,1e-07,1,-1,TIMEOUT,nan
t1_c16,b3lyp5,histqn,1e-07,10,-1,TIMEOUT,nan
t1_c16,b3lyp5,histqn,1e-07,11,-1,TIMEOUT,nan
t1_c16,b3lyp5,histqn,1e-07,12,-1,TIMEOUT,nan
t1_c16,b3lyp5,histqn,1e-07,13,-1,TIMEOUT,nan
t1_c16,b3lyp5,histqn,1e-07,14,-1,TIMEOUT,nan
t1_c16,b3lyp5,histqn,1e-07,15,-1,TIMEOUT,nan
t1_c16,b3lyp5,histqn,1e-07,16,-1,TIMEOUT,nan
t1_c16,b3lyp5,histqn,1e-07,17,-1,TIMEOUT,nan
t1_c16,b3lyp5,histqn,1e-07,18,-1,TIMEOUT,nan
t1_c16,b3lyp5,histqn,1e-07,19,-1,TIMEOUT,nan
t1_c16,b3lyp5,histqn,1e-07,2,-1,TIMEOUT,nan
t1_c16,b3lyp5,histqn,1e-07,20,-1,TIMEOUT,nan
t1_c16,b3lyp5,histqn,1e-07,21,-1,TIMEOUT,nan
t1_c16,b3lyp5,histqn,1e-07,22,-1,TIMEOUT,nan
t1_c16,b3lyp5,histqn,1e-07,23,-1,TIMEOUT,nan
t1_c16,b3lyp5,histqn,1e-07,24,-1,TIMEOUT,nan
t1_c16,b3lyp5,histqn,1e-07,25,-1,TIMEOUT,nan
t1_c16,b3lyp5,histqn,1e-07,26,-1,TIMEOUT,nan
t1_c16,b3lyp5,histqn,1e-07,27,-1,TIMEOUT,nan
t1_c16,b3lyp5,histqn,1e-07,28,-1,TIMEOUT,nan
t1_c16,b3lyp5,histqn,1e-07,29,-1,TIMEOUT,nan
t1_c16,b3lyp5,histqn,1e-07,3,-1,TIMEOUT,nan
t1_c16,b3lyp5,histqn,1e-07,30,-1,TIMEOUT,nan
t1_c16,b3lyp5,histqn,1e-07,4,-1,TIMEOUT,nan
t1_c16,b3lyp5,histqn,1e-07,5,-1,TIMEOUT,nan
t1_c16,b3lyp5,histqn,1e-07,6,-1,TIMEOUT,nan
t1_c16,b3lyp5,histqn,1e-07,7,-1,TIMEOUT,nan
t1_c16,b3lyp5,histqn,1e-07,8,-1,TIMEOUT,nan
t1_c16,b3lyp5,histqn,1e-07,9,-1,TIMEOUT,nan
t1_c16,b3lyp5,histqn,1e-08,1,49,True,-619.37610179
t1_c16,b3lyp5,histqn,1e-08,10,-1,TIMEOUT,nan
t1_c16,b3lyp5,histqn,1e-08,11,-1,TIMEOUT,nan
t1_c16,b3lyp5,histqn,1e-08,12,-1,TIMEOUT,nan
t1_c16,b3lyp5,histqn,1e-08,13,-1,TIMEOUT,nan
t1_c16,b3lyp5,histqn,1e-08,14,-1,TIMEOUT,nan
t1_c16,b3lyp5,histqn,1e-08,15,-1,TIMEOUT,nan
t1_c16,b3lyp5,histqn,1e-08,16,-1,TIMEOUT,nan
t1_c16,b3lyp5,histqn,1e-08,17,-1,TIMEOUT,nan
t1_c16,b3lyp5,histqn,1e-08,18,-1,TIMEOUT,nan
t1_c16,b3lyp5,histqn,1e-08,19,-1,TIMEOUT,nan
t1_c16,b3lyp5,histqn,1e-08,2,-1,TIMEOUT,nan
t1_c16,b3lyp5,histqn,1e-08,20,-1,TIMEOUT,nan
t1_c16,b3lyp5,histqn,1e-08,21,69,True,-619.37610179
t1_c16,b3lyp5,histqn,1e-08,22,58,True,-619.37610179
t1_c16,b3lyp5,histqn,1e-08,23,-1,TIMEOUT,nan
t1_c16,b3lyp5,histqn,1e-08,24,-1,TIMEOUT,nan
t1_c16,b3lyp5,histqn,1e-08,25,-1,TIMEOUT,nan
t1_c16,b3lyp5,histqn,1e-08,26,-1,TIMEOUT,nan
t1_c16,b3lyp5,histqn,1e-08,27,-1,TIMEOUT,nan
t1_c16,b3lyp5,histqn,1e-08,28,-1,TIMEOUT,nan
t1_c16,b3lyp5,histqn,1e-08,29,-1,TIMEOUT,nan
t1_c16,b3lyp5,histqn,1e-08,3,-1,TIMEOUT,nan
t1_c16,b3lyp5,histqn,1e-08,30,-1,TIMEOUT,nan
t1_c16,b3lyp5,histqn,1e-08,4,-1,TIMEOUT,nan
t1_c16,b3lyp5,histqn,1e-08,5,-1,TIMEOUT,nan
t1_c16,b3lyp5,histqn,1e-08,6,-1,TIMEOUT,nan
t1_c16,b3lyp5,histqn,1e-08,7,-1,TIMEOUT,nan
t1_c16,b3lyp5,histqn,1e-08,8,-1,TIMEOUT,nan
t1_c16,b3lyp5,histqn,1e-08,9,-1,TIMEOUT,nan
t1_c16,b3lyp5,histqn,1e-09,1,-1,TIMEOUT,nan
t1_c16,b3lyp5,histqn,1e-09,10,-1,TIMEOUT,nan
t1_c16,b3lyp5,histqn,1e-09,11,38,True,-619.37610179
t1_c16,b3lyp5,histqn,1e-09,12,-1,TIMEOUT,nan
t1_c16,b3lyp5,histqn,1e-09,13,-1,TIMEOUT,nan
t1_c16,b3lyp5,histqn,1e-09,14,-1,TIMEOUT,nan
t1_c16,b3lyp5,histqn,1e-09,15,-1,TIMEOUT,nan
t1_c16,b3lyp5,histqn,1e-09,16,-1,TIMEOUT,nan
t1_c16,b3lyp5,histqn,1e-09,17,-1,TIMEOUT,nan
t1_c16,b3lyp5,histqn,1e-09,18,-1,TIMEOUT,nan
t1_c16,b3lyp5,histqn,1e-09,19,-1,TIMEOUT,nan
t1_c16,b3lyp5,histqn,1e-09,2,-1,TIMEOUT,nan
t1_c16,b3lyp5,histqn,1e-09,20,-1,TIMEOUT,nan
t1_c16,b3lyp5,histqn,1e-09,21,-1,TIMEOUT,nan
t1_c16,b3lyp5,histqn,1e-09,22,-1,TIMEOUT,nan
t1_c16,b3lyp5,histqn,1e-09,23,-1,TIMEOUT,nan
t1_c16,b3lyp5,histqn,1e-09,24,-1,TIMEOUT,nan
t1_c16,b3lyp5,histqn,1e-09,25,-1,TIMEOUT,nan
t1_c16,b3lyp5,histqn,1e-09,26,-1,TIMEOUT,nan
t1_c16,b3lyp5,histqn,1e-09,27,-1,TIMEOUT,nan
t1_c16,b3lyp5,histqn,1e-09,28,-1,TIMEOUT,nan
t1_c16,b3lyp5,histqn,1e-09,29,-1,TIMEOUT,nan
t1_c16,b3lyp5,histqn,1e-09,3,-1,TIMEOUT,nan
t1_c16,b3lyp5,histqn,1e-09,30,-1,TIMEOUT,nan
t1_c16,b3lyp5,histqn,1e-09,4,-1,TIMEOUT,nan
t1_c16,b3lyp5,histqn,1e-09,5,-1,TIMEOUT,nan
t1_c16,b3lyp5,histqn,1e-09,6,-1,TIMEOUT,nan
t1_c16,b3lyp5,histqn,1e-09,7,-1,TIMEOUT,nan
t1_c16,b3lyp5,histqn,1e-09,8,-1,TIMEOUT,nan
t1_c16,b3lyp5,histqn,1e-09,9,-1,TIMEOUT,nan
t1_c16,b3lyp5,histqn,3e-08,1,100,False,-619.37610179
t1_c16,b3lyp5,histqn,3e-08,10,-1,TIMEOUT,nan
t1_c16,b3lyp5,histqn,3e-08,11,-1,TIMEOUT,nan
t1_c16,b3lyp5,histqn,3e-08,12,-1,TIMEOUT,nan
t1_c16,b3lyp5,histqn,3e-08,13,-1,TIMEOUT,nan
t1_c16,b3lyp5,histqn,3e-08,14,-1,TIMEOUT,nan
t1_c16,b3lyp5,histqn,3e-08,15,-1,TIMEOUT,nan
t1_c16,b3lyp5,histqn,3e-08,16,-1,TIMEOUT,nan
t1_c16,b3lyp5,histqn,3e-08,17,-1,TIMEOUT,nan
t1_c16,b3lyp5,histqn,3e-08,18,-1,TIMEOUT,nan
t1_c16,b3lyp5,histqn,3e-08,19,-1,TIMEOUT,nan
t1_c16,b3lyp5,histqn,3e-08,2,100,False,-619.37610179
t1_c16,b3lyp5,histqn,3e-08,20,-1,TIMEOUT,nan
t1_c16,b3lyp5,histqn,3e-08,21,-1,TIMEOUT,nan
t1_c16,b3lyp5,histqn,3e-08,22,-1,TIMEOUT,nan
t1_c16,b3lyp5,histqn,3e-08,23,-1,TIMEOUT,nan
t1_c16,b3lyp5,histqn,3e-08,24,-1,TIMEOUT,nan
t1_c16,b3lyp5,histqn,3e-08,25,-1,TIMEOUT,nan
t1_c16,b3lyp5,histqn,3e-08,26,-1,TIMEOUT,nan
t1_c16,b3lyp5,histqn,3e-08,27,-1,TIMEOUT,nan
t1_c16,b3lyp5,histqn,3e-08,28,-1,TIMEOUT,nan
t1_c16,b3lyp5,histqn,3e-08,29,-1,TIMEOUT,nan
t1_c16,b3lyp5,histqn,3e-08,3,-1,TIMEOUT,nan
t1_c16,b3lyp5,histqn,3e-08,30,-1,TIMEOUT,nan
t1_c16,b3lyp5,histqn,3e-08,4,-1,TIMEOUT,nan
t1_c16,b3lyp5,histqn,3e-08,5,-1,TIMEOUT,nan
t1_c16,b3lyp5,histqn,3e-08,6,-1,TIMEOUT,nan
t1_c16,b3lyp5,histqn,3e-08,7,-1,TIMEOUT,nan
t1_c16,b3lyp5,histqn,3e-08,8,-1,TIMEOUT,nan
t1_c16,b3lyp5,histqn,3e-08,9,-1,TIMEOUT,nan
t1_c16,b3lyp5,soscf,0e+00,1,-1,TIMEOUT,nan
t1_c16,b3lyp5,soscf,1e-07,1,-1,TIMEOUT,nan
t1_c16,b3lyp5,soscf,1e-07,10,-1,TIMEOUT,nan
t1_c16,b3lyp5,soscf,1e-07,11,-1,TIMEOUT,nan
t1_c16,b3lyp5,soscf,1e-07,12,-1,TIMEOUT,nan
t1_c16,b3lyp5,soscf,1e-07,13,-1,TIMEOUT,nan
t1_c16,b3lyp5,soscf,1e-07,14,-1,TIMEOUT,nan
t1_c16,b3lyp5,soscf,1e-07,15,-1,TIMEOUT,nan
t1_c16,b3lyp5,soscf,1e-07,16,-1,TIMEOUT,nan
t1_c16,b3lyp5,soscf,1e-07,17,-1,TIMEOUT,nan
t1_c16,b3lyp5,soscf,1e-07,18,-1,TIMEOUT,nan
t1_c16,b3lyp5,soscf,1e-07,19,-1,TIMEOUT,nan
t1_c16,b3lyp5,soscf,1e-07,2,-1,TIMEOUT,nan
t1_c16,b3lyp5,soscf,1e-07,20,-1,TIMEOUT,nan
t1_c16,b3lyp5,soscf,1e-07,21,-1,TIMEOUT,nan
t1_c16,b3lyp5,soscf,1e-07,22,-1,TIMEOUT,nan
t1_c16,b3lyp5,soscf,1e-07,23,-1,TIMEOUT,nan
t1_c16,b3lyp5,soscf,1e-07,24,100,False,-619.08723599
t1_c16,b3lyp5,soscf,1e-07,25,-1,TIMEOUT,nan
t1_c16,b3lyp5,soscf,1e-07,26,-1,TIMEOUT,nan
t1_c16,b3lyp5,soscf,1e-07,27,-1,TIMEOUT,nan
t1_c16,b3lyp5,soscf,1e-07,28,-1,TIMEOUT,nan
t1_c16,b3lyp5,soscf,1e-07,29,-1,TIMEOUT,nan
t1_c16,b3lyp5,soscf,1e-07,3,-1,TIMEOUT,nan
t1_c16,b3lyp5,soscf,1e-07,30,-1,TIMEOUT,nan
t1_c16,b3lyp5,soscf,1e-07,4,100,False,-619.29317700
t1_c16,b3lyp5,soscf,1e-07,5,-1,TIMEOUT,nan
t1_c16,b3lyp5,soscf,1e-07,6,-1,TIMEOUT,nan
t1_c16,b3lyp5,soscf,1e-07,7,-1,TIMEOUT,nan
t1_c16,b3lyp5,soscf,1e-07,8,-1,TIMEOUT,nan
t1_c16,b3lyp5,soscf,1e-07,9,-1,TIMEOUT,nan
t1_c16,b3lyp5,soscf,1e-08,1,-1,TIMEOUT,nan
t1_c16,b3lyp5,soscf,1e-08,10,-1,TIMEOUT,nan
t1_c16,b3lyp5,soscf,1e-08,11,-1,TIMEOUT,nan
t1_c16,b3lyp5,soscf,1e-08,12,-1,TIMEOUT,nan
t1_c16,b3lyp5,soscf,1e-08,13,-1,TIMEOUT,nan
t1_c16,b3lyp5,soscf,1e-08,14,-1,TIMEOUT,nan
t1_c16,b3lyp5,soscf,1e-08,15,-1,TIMEOUT,nan
t1_c16,b3lyp5,soscf,1e-08,16,-1,TIMEOUT,nan
t1_c16,b3lyp5,soscf,1e-08,17,-1,TIMEOUT,nan
t1_c16,b3lyp5,soscf,1e-08,18,-1,TIMEOUT,nan
t1_c16,b3lyp5,soscf,1e-08,19,-1,TIMEOUT,nan
t1_c16,b3lyp5,soscf,1e-08,2,-1,TIMEOUT,nan
t1_c16,b3lyp5,soscf,1e-08,20,-1,TIMEOUT,nan
t1_c16,b3lyp5,soscf,1e-08,21,-1,TIMEOUT,nan
t1_c16,b3lyp5,soscf,1e-08,22,-1,TIMEOUT,nan
t1_c16,b3lyp5,soscf,1e-08,23,-1,TIMEOUT,nan
t1_c16,b3lyp5,soscf,1e-08,24,100,False,-618.71084541
t1_c16,b3lyp5,soscf,1e-08,25,-1,TIMEOUT,nan
t1_c16,b3lyp5,soscf,1e-08,26,-1,TIMEOUT,nan
t1_c16,b3lyp5,soscf,1e-08,27,-1,TIMEOUT,nan
t1_c16,b3lyp5,soscf,1e-08,28,-1,TIMEOUT,nan
t1_c16,b3lyp5,soscf,1e-08,29,-1,TIMEOUT,nan
t1_c16,b3lyp5,soscf,1e-08,3,-1,TIMEOUT,nan
t1_c16,b3lyp5,soscf,1e-08,30,-1,TIMEOUT,nan
t1_c16,b3lyp5,soscf,1e-08,4,100,False,-617.30905486
t1_c16,b3lyp5,soscf,1e-08,5,-1,TIMEOUT,nan
t1_c16,b3lyp5,soscf,1e-08,6,-1,TIMEOUT,nan
t1_c16,b3lyp5,soscf,1e-08,7,-1,TIMEOUT,nan
t1_c16,b3lyp5,soscf,1e-08,8,-1,TIMEOUT,nan
t1_c16,b3lyp5,soscf,1e-08,9,-1,TIMEOUT,nan
t1_c16,b3lyp5,soscf,1e-09,1,-1,TIMEOUT,nan
t1_c16,b3lyp5,soscf,1e-09,10,-1,TIMEOUT,nan
t1_c16,b3lyp5,soscf,1e-09,11,-1,TIMEOUT,nan
t1_c16,b3lyp5,soscf,1e-09,12,-1,TIMEOUT,nan
t1_c16,b3lyp5,soscf,1e-09,13,-1,TIMEOUT,nan
t1_c16,b3lyp5,soscf,1e-09,14,100,False,-618.44619005
t1_c16,b3lyp5,soscf,1e-09,15,-1,TIMEOUT,nan
t1_c16,b3lyp5,soscf,1e-09,16,-1,TIMEOUT,nan
t1_c16,b3lyp5,soscf,1e-09,17,-1,TIMEOUT,nan
t1_c16,b3lyp5,soscf,1e-09,18,-1,TIMEOUT,nan
t1_c16,b3lyp5,soscf,1e-09,19,-1,TIMEOUT,nan
t1_c16,b3lyp5,soscf,1e-09,2,-1,TIMEOUT,nan
t1_c16,b3lyp5,soscf,1e-09,20,-1,TIMEOUT,nan
t1_c16,b3lyp5,soscf,1e-09,21,-1,TIMEOUT,nan
t1_c16,b3lyp5,soscf,1e-09,22,-1,TIMEOUT,nan
t1_c16,b3lyp5,soscf,1e-09,23,-1,TIMEOUT,nan
t1_c16,b3lyp5,soscf,1e-09,24,-1,TIMEOUT,nan
t1_c16,b3lyp5,soscf,1e-09,25,-1,TIMEOUT,nan
t1_c16,b3lyp5,soscf,1e-09,26,-1,TIMEOUT,nan
t1_c16,b3lyp5,soscf,1e-09,27,-1,TIMEOUT,nan
t1_c16,b3lyp5,soscf,1e-09,28,-1,TIMEOUT,nan
t1_c16,b3lyp5,soscf,1e-09,29,-1,TIMEOUT,nan
t1_c16,b3lyp5,soscf,1e-09,3,-1,TIMEOUT,nan
t1_c16,b3lyp5,soscf,1e-09,30,-1,TIMEOUT,nan
t1_c16,b3lyp5,soscf,1e-09,4,-1,TIMEOUT,nan
t1_c16,b3lyp5,soscf,1e-09,5,-1,TIMEOUT,nan
t1_c16,b3lyp5,soscf,1e-09,6,-1,TIMEOUT,nan
t1_c16,b3lyp5,soscf,1e-09,7,-1,TIMEOUT,nan
t1_c16,b3lyp5,soscf,1e-09,8,-1,TIMEOUT,nan
t1_c16,b3lyp5,soscf,1e-09,9,-1,TIMEOUT,nan
t1_c16,b3lyp5,soscf,3e-08,1,-1,TIMEOUT,nan
t1_c16,b3lyp5,soscf,3e-08,10,-1,TIMEOUT,nan
t1_c16,b3lyp5,soscf,3e-08,11,-1,TIMEOUT,nan
t1_c16,b3lyp5,soscf,3e-08,12,-1,TIMEOUT,nan
t1_c16,b3lyp5,soscf,3e-08,13,-1,TIMEOUT,nan
t1_c16,b3lyp5,soscf,3e-08,14,100,False,-617.03624229
t1_c16,b3lyp5,soscf,3e-08,15,-1,TIMEOUT,nan
t1_c16,b3lyp5,soscf,3e-08,16,-1,TIMEOUT,nan
t1_c16,b3lyp5,soscf,3e-08,17,-1,TIMEOUT,nan
t1_c16,b3lyp5,soscf,3e-08,18,-1,TIMEOUT,nan
t1_c16,b3lyp5,soscf,3e-08,19,-1,TIMEOUT,nan
t1_c16,b3lyp5,soscf,3e-08,2,-1,TIMEOUT,nan
t1_c16,b3lyp5,soscf,3e-08,20,-1,TIMEOUT,nan
t1_c16,b3lyp5,soscf,3e-08,21,-1,TIMEOUT,nan
t1_c16,b3lyp5,soscf,3e-08,22,-1,TIMEOUT,nan
t1_c16,b3lyp5,soscf,3e-08,23,-1,TIMEOUT,nan
t1_c16,b3lyp5,soscf,3e-08,24,-1,TIMEOUT,nan
t1_c16,b3lyp5,soscf,3e-08,25,-1,TIMEOUT,nan
t1_c16,b3lyp5,soscf,3e-08,26,-1,TIMEOUT,nan
t1_c16,b3lyp5,soscf,3e-08,27,-1,TIMEOUT,nan
t1_c16,b3lyp5,soscf,3e-08,28,-1,TIMEOUT,nan
t1_c16,b3lyp5,soscf,3e-08,29,-1,TIMEOUT,nan
t1_c16,b3lyp5,soscf,3e-08,3,-1,TIMEOUT,nan
t1_c16,b3lyp5,soscf,3e-08,30,-1,TIMEOUT,nan
t1_c16,b3lyp5,soscf,3e-08,4,100,False,-619.03969834
t1_c16,b3lyp5,soscf,3e-08,5,100,False,-617.20069642
t1_c16,b3lyp5,soscf,3e-08,6,-1,TIMEOUT,nan
t1_c16,b3lyp5,soscf,3e-08,7,-1,TIMEOUT,nan
t1_c16,b3lyp5,soscf,3e-08,8,-1,TIMEOUT,nan
t1_c16,b3lyp5,soscf,3e-08,9,-1,TIMEOUT,nan
t1_c16,b3lyp5,switch,0e+00,1,-1,TIMEOUT,nan
t1_c16,b3lyp5,switch,1e-07,1,-1,TIMEOUT,nan
t1_c16,b3lyp5,switch,1e-07,10,-1,TIMEOUT,nan
t1_c16,b3lyp5,switch,1e-07,11,-1,TIMEOUT,nan
t1_c16,b3lyp5,switch,1e-07,12,-1,TIMEOUT,nan
t1_c16,b3lyp5,switch,1e-07,13,-1,TIMEOUT,nan
t1_c16,b3lyp5,switch,1e-07,14,-1,TIMEOUT,nan
t1_c16,b3lyp5,switch,1e-07,15,-1,TIMEOUT,nan
t1_c16,b3lyp5,switch,1e-07,16,-1,TIMEOUT,nan
t1_c16,b3lyp5,switch,1e-07,17,-1,TIMEOUT,nan
t1_c16,b3lyp5,switch,1e-07,18,-1,TIMEOUT,nan
t1_c16,b3lyp5,switch,1e-07,19,-1,TIMEOUT,nan
t1_c16,b3lyp5,switch,1e-07,2,-1,TIMEOUT,nan
t1_c16,b3lyp5,switch,1e-07,20,-1,TIMEOUT,nan
t1_c16,b3lyp5,switch,1e-07,21,-1,TIMEOUT,nan
t1_c16,b3lyp5,switch,1e-07,22,100,False,-619.37610178
t1_c16,b3lyp5,switch,1e-07,23,-1,TIMEOUT,nan
t1_c16,b3lyp5,switch,1e-07,24,-1,TIMEOUT,nan
t1_c16,b3lyp5,switch,1e-07,25,-1,TIMEOUT,nan
t1_c16,b3lyp5,switch,1e-07,26,-1,TIMEOUT,nan
t1_c16,b3lyp5,switch,1e-07,27,-1,TIMEOUT,nan
t1_c16,b3lyp5,switch,1e-07,28,-1,TIMEOUT,nan
t1_c16,b3lyp5,switch,1e-07,29,-1,TIMEOUT,nan
t1_c16,b3lyp5,switch,1e-07,3,-1,TIMEOUT,nan
t1_c16,b3lyp5,switch,1e-07,30,-1,TIMEOUT,nan
t1_c16,b3lyp5,switch,1e-07,4,-1,TIMEOUT,nan
t1_c16,b3lyp5,switch,1e-07,5,-1,TIMEOUT,nan
t1_c16,b3lyp5,switch,1e-07,6,-1,TIMEOUT,nan
t1_c16,b3lyp5,switch,1e-07,7,-1,TIMEOUT,nan
t1_c16,b3lyp5,switch,1e-07,8,-1,TIMEOUT,nan
t1_c16,b3lyp5,switch,1e-07,9,-1,TIMEOUT,nan
t1_c16,b3lyp5,switch,1e-08,1,-1,TIMEOUT,nan
t1_c16,b3lyp5,switch,1e-08,10,-1,TIMEOUT,nan
t1_c16,b3lyp5,switch,1e-08,11,-1,TIMEOUT,nan
t1_c16,b3lyp5,switch,1e-08,12,-1,TIMEOUT,nan
t1_c16,b3lyp5,switch,1e-08,13,-1,TIMEOUT,nan
t1_c16,b3lyp5,switch,1e-08,14,-1,TIMEOUT,nan
t1_c16,b3lyp5,switch,1e-08,15,-1,TIMEOUT,nan
t1_c16,b3lyp5,switch,1e-08,16,-1,TIMEOUT,nan
t1_c16,b3lyp5,switch,1e-08,17,-1,TIMEOUT,nan
t1_c16,b3lyp5,switch,1e-08,18,-1,TIMEOUT,nan
t1_c16,b3lyp5,switch,1e-08,19,-1,TIMEOUT,nan
t1_c16,b3lyp5,switch,1e-08,2,24,True,-619.37610179
t1_c16,b3lyp5,switch,1e-08,20,-1,TIMEOUT,nan
t1_c16,b3lyp5,switch,1e-08,21,-1,TIMEOUT,nan
t1_c16,b3lyp5,switch,1e-08,22,24,True,-619.37610179
t1_c16,b3lyp5,switch,1e-08,23,24,True,-619.37610179
t1_c16,b3lyp5,switch,1e-08,24,24,True,-619.37610179
t1_c16,b3lyp5,switch,1e-08,25,24,True,-619.37610179
t1_c16,b3lyp5,switch,1e-08,26,24,True,-619.37610179
t1_c16,b3lyp5,switch,1e-08,27,-1,TIMEOUT,nan
t1_c16,b3lyp5,switch,1e-08,28,-1,TIMEOUT,nan
t1_c16,b3lyp5,switch,1e-08,29,-1,TIMEOUT,nan
t1_c16,b3lyp5,switch,1e-08,3,24,True,-619.37610179
t1_c16,b3lyp5,switch,1e-08,30,-1,TIMEOUT,nan
t1_c16,b3lyp5,switch,1e-08,4,24,True,-619.37610179
t1_c16,b3lyp5,switch,1e-08,5,24,True,-619.37610179
t1_c16,b3lyp5,switch,1e-08,6,24,True,-619.37610179
t1_c16,b3lyp5,switch,1e-08,7,-1,TIMEOUT,nan
t1_c16,b3lyp5,switch,1e-08,8,-1,TIMEOUT,nan
t1_c16,b3lyp5,switch,1e-08,9,-1,TIMEOUT,nan
t1_c16,b3lyp5,switch,1e-09,1,-1,TIMEOUT,nan
t1_c16,b3lyp5,switch,1e-09,10,-1,TIMEOUT,nan
t1_c16,b3lyp5,switch,1e-09,11,-1,TIMEOUT,nan
t1_c16,b3lyp5,switch,1e-09,12,24,True,-619.37610179
t1_c16,b3lyp5,switch,1e-09,13,24,True,-619.37610179
t1_c16,b3lyp5,switch,1e-09,14,24,True,-619.37610179
t1_c16,b3lyp5,switch,1e-09,15,24,True,-619.37610179
t1_c16,b3lyp5,switch,1e-09,16,24,True,-619.37610179
t1_c16,b3lyp5,switch,1e-09,17,-1,TIMEOUT,nan
t1_c16,b3lyp5,switch,1e-09,18,-1,TIMEOUT,nan
t1_c16,b3lyp5,switch,1e-09,19,-1,TIMEOUT,nan
t1_c16,b3lyp5,switch,1e-09,2,-1,TIMEOUT,nan
t1_c16,b3lyp5,switch,1e-09,20,-1,TIMEOUT,nan
t1_c16,b3lyp5,switch,1e-09,21,-1,TIMEOUT,nan
t1_c16,b3lyp5,switch,1e-09,22,-1,TIMEOUT,nan
t1_c16,b3lyp5,switch,1e-09,23,-1,TIMEOUT,nan
t1_c16,b3lyp5,switch,1e-09,24,-1,TIMEOUT,nan
t1_c16,b3lyp5,switch,1e-09,25,-1,TIMEOUT,nan
t1_c16,b3lyp5,switch,1e-09,26,-1,TIMEOUT,nan
t1_c16,b3lyp5,switch,1e-09,27,-1,TIMEOUT,nan
t1_c16,b3lyp5,switch,1e-09,28,-1,TIMEOUT,nan
t1_c16,b3lyp5,switch,1e-09,29,-1,TIMEOUT,nan
t1_c16,b3lyp5,switch,1e-09,3,-1,TIMEOUT,nan
t1_c16,b3lyp5,switch,1e-09,30,-1,TIMEOUT,nan
t1_c16,b3lyp5,switch,1e-09,4,-1,TIMEOUT,nan
t1_c16,b3lyp5,switch,1e-09,5,-1,TIMEOUT,nan
t1_c16,b3lyp5,switch,1e-09,6,-1,TIMEOUT,nan
t1_c16,b3lyp5,switch,1e-09,7,-1,TIMEOUT,nan
t1_c16,b3lyp5,switch,1e-09,8,-1,TIMEOUT,nan
t1_c16,b3lyp5,switch,1e-09,9,-1,TIMEOUT,nan
t1_c16,b3lyp5,switch,3e-08,1,-1,TIMEOUT,nan
t1_c16,b3lyp5,switch,3e-08,10,-1,TIMEOUT,nan
t1_c16,b3lyp5,switch,3e-08,11,-1,TIMEOUT,nan
t1_c16,b3lyp5,switch,3e-08,12,100,False,-619.37610179
t1_c16,b3lyp5,switch,3e-08,13,-1,TIMEOUT,nan
t1_c16,b3lyp5,switch,3e-08,14,-1,TIMEOUT,nan
t1_c16,b3lyp5,switch,3e-08,15,-1,TIMEOUT,nan
t1_c16,b3lyp5,switch,3e-08,16,-1,TIMEOUT,nan
t1_c16,b3lyp5,switch,3e-08,17,-1,TIMEOUT,nan
t1_c16,b3lyp5,switch,3e-08,18,-1,TIMEOUT,nan
t1_c16,b3lyp5,switch,3e-08,19,-1,TIMEOUT,nan
t1_c16,b3lyp5,switch,3e-08,2,100,False,-619.37610179
t1_c16,b3lyp5,switch,3e-08,20,-1,TIMEOUT,nan
t1_c16,b3lyp5,switch,3e-08,21,-1,TIMEOUT,nan
t1_c16,b3lyp5,switch,3e-08,22,-1,TIMEOUT,nan
t1_c16,b3lyp5,switch,3e-08,23,-1,TIMEOUT,nan
t1_c16,b3lyp5,switch,3e-08,24,-1,TIMEOUT,nan
t1_c16,b3lyp5,switch,3e-08,25,-1,TIMEOUT,nan
t1_c16,b3lyp5,switch,3e-08,26,-1,TIMEOUT,nan
t1_c16,b3lyp5,switch,3e-08,27,-1,TIMEOUT,nan
t1_c16,b3lyp5,switch,3e-08,28,-1,TIMEOUT,nan
t1_c16,b3lyp5,switch,3e-08,29,-1,TIMEOUT,nan
t1_c16,b3lyp5,switch,3e-08,3,100,False,-619.37610179
t1_c16,b3lyp5,switch,3e-08,30,-1,TIMEOUT,nan
t1_c16,b3lyp5,switch,3e-08,4,-1,TIMEOUT,nan
t1_c16,b3lyp5,switch,3e-08,5,-1,TIMEOUT,nan
t1_c16,b3lyp5,switch,3e-08,6,-1,TIMEOUT,nan
t1_c16,b3lyp5,switch,3e-08,7,-1,TIMEOUT,nan
t1_c16,b3lyp5,switch,3e-08,8,-1,TIMEOUT,nan
t1_c16,b3lyp5,switch,3e-08,9,-1,TIMEOUT,nan
t1_c16,hf,diis,0e+00,1,20,True,-615.60531609
t1_c16,hf,diis,1e-07,1,-1,TIMEOUT,nan
t1_c16,hf,diis,1e-07,10,100,False,-615.60531609
t1_c16,hf,diis,1e-07,11,-1,TIMEOUT,nan
t1_c16,hf,diis,1e-07,12,-1,TIMEOUT,nan
t1_c16,hf,diis,1e-07,13,-1,TIMEOUT,nan
t1_c16,hf,diis,1e-07,14,-1,TIMEOUT,nan
t1_c16,hf,diis,1e-07,15,-1,TIMEOUT,nan
t1_c16,hf,diis,1e-07,16,-1,TIMEOUT,nan
t1_c16,hf,diis,1e-07,17,-1,TIMEOUT,nan
t1_c16,hf,diis,1e-07,18,-1,TIMEOUT,nan
t1_c16,hf,diis,1e-07,19,-1,TIMEOUT,nan
t1_c16,hf,diis,1e-07,2,-1,TIMEOUT,nan
t1_c16,hf,diis,1e-07,20,-1,TIMEOUT,nan
t1_c16,hf,diis,1e-07,21,-1,TIMEOUT,nan
t1_c16,hf,diis,1e-07,22,-1,TIMEOUT,nan
t1_c16,hf,diis,1e-07,23,-1,TIMEOUT,nan
t1_c16,hf,diis,1e-07,24,-1,TIMEOUT,nan
t1_c16,hf,diis,1e-07,25,-1,TIMEOUT,nan
t1_c16,hf,diis,1e-07,26,-1,TIMEOUT,nan
t1_c16,hf,diis,1e-07,27,-1,TIMEOUT,nan
t1_c16,hf,diis,1e-07,28,-1,TIMEOUT,nan
t1_c16,hf,diis,1e-07,29,-1,TIMEOUT,nan
t1_c16,hf,diis,1e-07,3,-1,TIMEOUT,nan
t1_c16,hf,diis,1e-07,30,100,False,-615.60531609
t1_c16,hf,diis,1e-07,4,-1,TIMEOUT,nan
t1_c16,hf,diis,1e-07,5,100,False,-615.60531609
t1_c16,hf,diis,1e-07,6,-1,TIMEOUT,nan
t1_c16,hf,diis,1e-07,7,-1,TIMEOUT,nan
t1_c16,hf,diis,1e-07,8,-1,TIMEOUT,nan
t1_c16,hf,diis,1e-07,9,-1,TIMEOUT,nan
t1_c16,hf,diis,1e-08,1,21,True,-615.60531609
t1_c16,hf,diis,1e-08,10,21,True,-615.60531609
t1_c16,hf,diis,1e-08,11,21,True,-615.60531609
t1_c16,hf,diis,1e-08,12,21,True,-615.60531609
t1_c16,hf,diis,1e-08,13,21,True,-615.60531609
t1_c16,hf,diis,1e-08,14,20,True,-615.60531609
t1_c16,hf,diis,1e-08,15,21,True,-615.60531609
t1_c16,hf,diis,1e-08,16,21,True,-615.60531609
t1_c16,hf,diis,1e-08,17,21,True,-615.60531609
t1_c16,hf,diis,1e-08,18,21,True,-615.60531609
t1_c16,hf,diis,1e-08,19,21,True,-615.60531609
t1_c16,hf,diis,1e-08,2,21,True,-615.60531609
t1_c16,hf,diis,1e-08,20,21,True,-615.60531609
t1_c16,hf,diis,1e-08,21,-1,TIMEOUT,nan
t1_c16,hf,diis,1e-08,22,-1,TIMEOUT,nan
t1_c16,hf,diis,1e-08,23,-1,TIMEOUT,nan
t1_c16,hf,diis,1e-08,24,-1,TIMEOUT,nan
t1_c16,hf,diis,1e-08,25,-1,TIMEOUT,nan
t1_c16,hf,diis,1e-08,26,-1,TIMEOUT,nan
t1_c16,hf,diis,1e-08,27,-1,TIMEOUT,nan
t1_c16,hf,diis,1e-08,28,-1,TIMEOUT,nan
t1_c16,hf,diis,1e-08,29,-1,TIMEOUT,nan
t1_c16,hf,diis,1e-08,3,21,True,-615.60531609
t1_c16,hf,diis,1e-08,30,21,True,-615.60531609
t1_c16,hf,diis,1e-08,4,21,True,-615.60531609
t1_c16,hf,diis,1e-08,5,21,True,-615.60531609
t1_c16,hf,diis,1e-08,6,21,True,-615.60531609
t1_c16,hf,diis,1e-08,7,21,True,-615.60531609
t1_c16,hf,diis,1e-08,8,21,True,-615.60531609
t1_c16,hf,diis,1e-08,9,21,True,-615.60531609
t1_c16,hf,diis,1e-09,1,20,True,-615.60531609
t1_c16,hf,diis,1e-09,10,-1,TIMEOUT,nan
t1_c16,hf,diis,1e-09,11,-1,TIMEOUT,nan
t1_c16,hf,diis,1e-09,12,-1,TIMEOUT,nan
t1_c16,hf,diis,1e-09,13,20,True,-615.60531609
t1_c16,hf,diis,1e-09,14,20,True,-615.60531609
t1_c16,hf,diis,1e-09,15,20,True,-615.60531609
t1_c16,hf,diis,1e-09,16,20,True,-615.60531609
t1_c16,hf,diis,1e-09,17,20,True,-615.60531609
t1_c16,hf,diis,1e-09,18,20,True,-615.60531609
t1_c16,hf,diis,1e-09,19,20,True,-615.60531609
t1_c16,hf,diis,1e-09,2,20,True,-615.60531609
t1_c16,hf,diis,1e-09,20,20,True,-615.60531609
t1_c16,hf,diis,1e-09,21,20,True,-615.60531609
t1_c16,hf,diis,1e-09,22,20,True,-615.60531609
t1_c16,hf,diis,1e-09,23,20,True,-615.60531609
t1_c16,hf,diis,1e-09,24,20,True,-615.60531609
t1_c16,hf,diis,1e-09,25,20,True,-615.60531609
t1_c16,hf,diis,1e-09,26,20,True,-615.60531609
t1_c16,hf,diis,1e-09,27,20,True,-615.60531609
t1_c16,hf,diis,1e-09,28,20,True,-615.60531609
t1_c16,hf,diis,1e-09,29,20,True,-615.60531609
t1_c16,hf,diis,1e-09,3,20,True,-615.60531609
t1_c16,hf,diis,1e-09,30,20,True,-615.60531609
t1_c16,hf,diis,1e-09,4,20,True,-615.60531609
t1_c16,hf,diis,1e-09,5,20,True,-615.60531609
t1_c16,hf,diis,1e-09,6,-1,TIMEOUT,nan
t1_c16,hf,diis,1e-09,7,-1,TIMEOUT,nan
t1_c16,hf,diis,1e-09,8,-1,TIMEOUT,nan
t1_c16,hf,diis,1e-09,9,-1,TIMEOUT,nan
t1_c16,hf,diis,3e-08,1,100,False,-615.60531609
t1_c16,hf,diis,3e-08,10,-1,TIMEOUT,nan
t1_c16,hf,diis,3e-08,11,-1,TIMEOUT,nan
t1_c16,hf,diis,3e-08,12,-1,TIMEOUT,nan
t1_c16,hf,diis,3e-08,13,-1,TIMEOUT,nan
t1_c16,hf,diis,3e-08,14,-1,TIMEOUT,nan
t1_c16,hf,diis,3e-08,15,-1,TIMEOUT,nan
t1_c16,hf,diis,3e-08,16,-1,TIMEOUT,nan
t1_c16,hf,diis,3e-08,17,-1,TIMEOUT,nan
t1_c16,hf,diis,3e-08,18,-1,TIMEOUT,nan
t1_c16,hf,diis,3e-08,19,-1,TIMEOUT,nan
t1_c16,hf,diis,3e-08,2,100,False,-615.60531609
t1_c16,hf,diis,3e-08,20,100,False,-615.60531609
t1_c16,hf,diis,3e-08,21,-1,TIMEOUT,nan
t1_c16,hf,diis,3e-08,22,-1,TIMEOUT,nan
t1_c16,hf,diis,3e-08,23,-1,TIMEOUT,nan
t1_c16,hf,diis,3e-08,24,-1,TIMEOUT,nan
t1_c16,hf,diis,3e-08,25,-1,TIMEOUT,nan
t1_c16,hf,diis,3e-08,26,-1,TIMEOUT,nan
t1_c16,hf,diis,3e-08,27,-1,TIMEOUT,nan
t1_c16,hf,diis,3e-08,28,-1,TIMEOUT,nan
t1_c16,hf,diis,3e-08,29,-1,TIMEOUT,nan
t1_c16,hf,diis,3e-08,3,100,False,-615.60531609
t1_c16,hf,diis,3e-08,30,-1,TIMEOUT,nan
t1_c16,hf,diis,3e-08,4,100,False,-615.60531609
t1_c16,hf,diis,3e-08,5,100,False,-615.60531609
t1_c16,hf,diis,3e-08,6,-1,TIMEOUT,nan
t1_c16,hf,diis,3e-08,7,-1,TIMEOUT,nan
t1_c16,hf,diis,3e-08,8,-1,TIMEOUT,nan
t1_c16,hf,diis,3e-08,9,-1,TIMEOUT,nan
t1_c16,hf,ensemble,0e+00,1,49,True,-615.60531609
t1_c16,hf,ensemble,1e-07,1,-1,TIMEOUT,nan
t1_c16,hf,ensemble,1e-07,10,-1,TIMEOUT,nan
t1_c16,hf,ensemble,1e-07,11,-1,TIMEOUT,nan
t1_c16,hf,ensemble,1e-07,12,-1,TIMEOUT,nan
t1_c16,hf,ensemble,1e-07,13,-1,TIMEOUT,nan
t1_c16,hf,ensemble,1e-07,14,-1,TIMEOUT,nan
t1_c16,hf,ensemble,1e-07,15,-1,TIMEOUT,nan
t1_c16,hf,ensemble,1e-07,16,-1,TIMEOUT,nan
t1_c16,hf,ensemble,1e-07,17,-1,TIMEOUT,nan
t1_c16,hf,ensemble,1e-07,18,-1,TIMEOUT,nan
t1_c16,hf,ensemble,1e-07,19,-1,TIMEOUT,nan
t1_c16,hf,ensemble,1e-07,2,-1,TIMEOUT,nan
t1_c16,hf,ensemble,1e-07,20,-1,TIMEOUT,nan
t1_c16,hf,ensemble,1e-07,21,-1,TIMEOUT,nan
t1_c16,hf,ensemble,1e-07,22,-1,TIMEOUT,nan
t1_c16,hf,ensemble,1e-07,23,-1,TIMEOUT,nan
t1_c16,hf,ensemble,1e-07,24,-1,TIMEOUT,nan
t1_c16,hf,ensemble,1e-07,25,-1,TIMEOUT,nan
t1_c16,hf,ensemble,1e-07,26,-1,TIMEOUT,nan
t1_c16,hf,ensemble,1e-07,27,-1,TIMEOUT,nan
t1_c16,hf,ensemble,1e-07,28,100,False,-615.60531609
t1_c16,hf,ensemble,1e-07,29,100,False,-615.60531608
t1_c16,hf,ensemble,1e-07,3,100,False,-615.60531608
t1_c16,hf,ensemble,1e-07,30,100,False,-615.60531608
t1_c16,hf,ensemble,1e-07,4,100,False,-615.60531609
t1_c16,hf,ensemble,1e-07,5,100,False,-615.60531609
t1_c16,hf,ensemble,1e-07,6,-1,TIMEOUT,nan
t1_c16,hf,ensemble,1e-07,7,-1,TIMEOUT,nan
t1_c16,hf,ensemble,1e-07,8,100,False,-615.60531608
t1_c16,hf,ensemble,1e-07,9,100,False,-615.60531608
t1_c16,hf,ensemble,1e-08,1,52,True,-615.60531609
t1_c16,hf,ensemble,1e-08,10,-1,TIMEOUT,nan
t1_c16,hf,ensemble,1e-08,11,-1,TIMEOUT,nan
t1_c16,hf,ensemble,1e-08,12,-1,TIMEOUT,nan
t1_c16,hf,ensemble,1e-08,13,-1,TIMEOUT,nan
t1_c16,hf,ensemble,1e-08,14,-1,TIMEOUT,nan
t1_c16,hf,ensemble,1e-08,15,-1,TIMEOUT,nan
t1_c16,hf,ensemble,1e-08,16,-1,TIMEOUT,nan
t1_c16,hf,ensemble,1e-08,17,-1,TIMEOUT,nan
t1_c16,hf,ensemble,1e-08,18,-1,TIMEOUT,nan
t1_c16,hf,ensemble,1e-08,19,-1,TIMEOUT,nan
t1_c16,hf,ensemble,1e-08,2,54,True,-615.60531609
t1_c16,hf,ensemble,1e-08,20,-1,TIMEOUT,nan
t1_c16,hf,ensemble,1e-08,21,-1,TIMEOUT,nan
t1_c16,hf,ensemble,1e-08,22,-1,TIMEOUT,nan
t1_c16,hf,ensemble,1e-08,23,-1,TIMEOUT,nan
t1_c16,hf,ensemble,1e-08,24,53,True,-615.60531609
t1_c16,hf,ensemble,1e-08,25,53,True,-615.60531609
t1_c16,hf,ensemble,1e-08,26,50,True,-615.60531609
t1_c16,hf,ensemble,1e-08,27,-1,TIMEOUT,nan
t1_c16,hf,ensemble,1e-08,28,46,True,-615.60531609
t1_c16,hf,ensemble,1e-08,29,46,True,-615.60531609
t1_c16,hf,ensemble,1e-08,3,56,True,-615.60531609
t1_c16,hf,ensemble,1e-08,30,48,True,-615.60531609
t1_c16,hf,ensemble,1e-08,4,50,True,-615.60531609
t1_c16,hf,ensemble,1e-08,5,-1,TIMEOUT,nan
t1_c16,hf,ensemble,1e-08,6,-1,TIMEOUT,nan
t1_c16,hf,ensemble,1e-08,7,-1,TIMEOUT,nan
t1_c16,hf,ensemble,1e-08,8,48,True,-615.60531609
t1_c16,hf,ensemble,1e-08,9,62,True,-615.60531609
t1_c16,hf,ensemble,1e-09,1,-1,TIMEOUT,nan
t1_c16,hf,ensemble,1e-09,10,-1,TIMEOUT,nan
t1_c16,hf,ensemble,1e-09,11,-1,TIMEOUT,nan
t1_c16,hf,ensemble,1e-09,12,-1,TIMEOUT,nan
t1_c16,hf,ensemble,1e-09,13,-1,TIMEOUT,nan
t1_c16,hf,ensemble,1e-09,14,-1,TIMEOUT,nan
t1_c16,hf,ensemble,1e-09,15,-1,TIMEOUT,nan
t1_c16,hf,ensemble,1e-09,16,-1,TIMEOUT,nan
t1_c16,hf,ensemble,1e-09,17,-1,TIMEOUT,nan
t1_c16,hf,ensemble,1e-09,18,51,True,-615.60531609
t1_c16,hf,ensemble,1e-09,19,49,True,-615.60531609
t1_c16,hf,ensemble,1e-09,2,-1,TIMEOUT,nan
t1_c16,hf,ensemble,1e-09,20,-1,TIMEOUT,nan
t1_c16,hf,ensemble,1e-09,21,-1,TIMEOUT,nan
t1_c16,hf,ensemble,1e-09,22,-1,TIMEOUT,nan
t1_c16,hf,ensemble,1e-09,23,-1,TIMEOUT,nan
t1_c16,hf,ensemble,1e-09,24,-1,TIMEOUT,nan
t1_c16,hf,ensemble,1e-09,25,-1,TIMEOUT,nan
t1_c16,hf,ensemble,1e-09,26,-1,TIMEOUT,nan
t1_c16,hf,ensemble,1e-09,27,-1,TIMEOUT,nan
t1_c16,hf,ensemble,1e-09,28,-1,TIMEOUT,nan
t1_c16,hf,ensemble,1e-09,29,-1,TIMEOUT,nan
t1_c16,hf,ensemble,1e-09,3,-1,TIMEOUT,nan
t1_c16,hf,ensemble,1e-09,30,-1,TIMEOUT,nan
t1_c16,hf,ensemble,1e-09,4,-1,TIMEOUT,nan
t1_c16,hf,ensemble,1e-09,5,-1,TIMEOUT,nan
t1_c16,hf,ensemble,1e-09,6,-1,TIMEOUT,nan
t1_c16,hf,ensemble,1e-09,7,-1,TIMEOUT,nan
t1_c16,hf,ensemble,1e-09,8,-1,TIMEOUT,nan
t1_c16,hf,ensemble,1e-09,9,-1,TIMEOUT,nan
t1_c16,hf,ensemble,3e-08,1,-1,TIMEOUT,nan
t1_c16,hf,ensemble,3e-08,10,-1,TIMEOUT,nan
t1_c16,hf,ensemble,3e-08,11,-1,TIMEOUT,nan
t1_c16,hf,ensemble,3e-08,12,-1,TIMEOUT,nan
t1_c16,hf,ensemble,3e-08,13,-1,TIMEOUT,nan
t1_c16,hf,ensemble,3e-08,14,-1,TIMEOUT,nan
t1_c16,hf,ensemble,3e-08,15,-1,TIMEOUT,nan
t1_c16,hf,ensemble,3e-08,16,-1,TIMEOUT,nan
t1_c16,hf,ensemble,3e-08,17,-1,TIMEOUT,nan
t1_c16,hf,ensemble,3e-08,18,100,False,-615.60531609
t1_c16,hf,ensemble,3e-08,19,-1,TIMEOUT,nan
t1_c16,hf,ensemble,3e-08,2,-1,TIMEOUT,nan
t1_c16,hf,ensemble,3e-08,20,-1,TIMEOUT,nan
t1_c16,hf,ensemble,3e-08,21,-1,TIMEOUT,nan
t1_c16,hf,ensemble,3e-08,22,-1,TIMEOUT,nan
t1_c16,hf,ensemble,3e-08,23,-1,TIMEOUT,nan
t1_c16,hf,ensemble,3e-08,24,-1,TIMEOUT,nan
t1_c16,hf,ensemble,3e-08,25,-1,TIMEOUT,nan
t1_c16,hf,ensemble,3e-08,26,-1,TIMEOUT,nan
t1_c16,hf,ensemble,3e-08,27,-1,TIMEOUT,nan
t1_c16,hf,ensemble,3e-08,28,-1,TIMEOUT,nan
t1_c16,hf,ensemble,3e-08,29,-1,TIMEOUT,nan
t1_c16,hf,ensemble,3e-08,3,-1,TIMEOUT,nan
t1_c16,hf,ensemble,3e-08,30,-1,TIMEOUT,nan
t1_c16,hf,ensemble,3e-08,4,-1,TIMEOUT,nan
t1_c16,hf,ensemble,3e-08,5,-1,TIMEOUT,nan
t1_c16,hf,ensemble,3e-08,6,-1,TIMEOUT,nan
t1_c16,hf,ensemble,3e-08,7,-1,TIMEOUT,nan
t1_c16,hf,ensemble,3e-08,8,-1,TIMEOUT,nan
t1_c16,hf,ensemble,3e-08,9,-1,TIMEOUT,nan
t1_c16,hf,histqn,0e+00,1,100,False,-615.60531609
t1_c16,hf,histqn,1e-07,1,100,False,-615.60531608
t1_c16,hf,histqn,1e-07,10,-1,TIMEOUT,nan
t1_c16,hf,histqn,1e-07,11,-1,TIMEOUT,nan
t1_c16,hf,histqn,1e-07,12,-1,TIMEOUT,nan
t1_c16,hf,histqn,1e-07,13,-1,TIMEOUT,nan
t1_c16,hf,histqn,1e-07,14,-1,TIMEOUT,nan
t1_c16,hf,histqn,1e-07,15,-1,TIMEOUT,nan
t1_c16,hf,histqn,1e-07,16,-1,TIMEOUT,nan
t1_c16,hf,histqn,1e-07,17,-1,TIMEOUT,nan
t1_c16,hf,histqn,1e-07,18,-1,TIMEOUT,nan
t1_c16,hf,histqn,1e-07,19,-1,TIMEOUT,nan
t1_c16,hf,histqn,1e-07,2,100,False,-615.60531608
t1_c16,hf,histqn,1e-07,20,-1,TIMEOUT,nan
t1_c16,hf,histqn,1e-07,21,-1,TIMEOUT,nan
t1_c16,hf,histqn,1e-07,22,-1,TIMEOUT,nan
t1_c16,hf,histqn,1e-07,23,-1,TIMEOUT,nan
t1_c16,hf,histqn,1e-07,24,-1,TIMEOUT,nan
t1_c16,hf,histqn,1e-07,25,-1,TIMEOUT,nan
t1_c16,hf,histqn,1e-07,26,100,False,-615.60531608
t1_c16,hf,histqn,1e-07,27,-1,TIMEOUT,nan
t1_c16,hf,histqn,1e-07,28,-1,TIMEOUT,nan
t1_c16,hf,histqn,1e-07,29,-1,TIMEOUT,nan
t1_c16,hf,histqn,1e-07,3,100,False,-615.60531608
t1_c16,hf,histqn,1e-07,30,-1,TIMEOUT,nan
t1_c16,hf,histqn,1e-07,4,100,False,-615.60531608
t1_c16,hf,histqn,1e-07,5,100,False,-615.60531608
t1_c16,hf,histqn,1e-07,6,100,False,-615.60531608
t1_c16,hf,histqn,1e-07,7,100,False,-615.60531608
t1_c16,hf,histqn,1e-07,8,-1,TIMEOUT,nan
t1_c16,hf,histqn,1e-07,9,-1,TIMEOUT,nan
t1_c16,hf,histqn,1e-08,1,100,False,-615.60531609
t1_c16,hf,histqn,1e-08,10,-1,TIMEOUT,nan
t1_c16,hf,histqn,1e-08,11,-1,TIMEOUT,nan
t1_c16,hf,histqn,1e-08,12,-1,TIMEOUT,nan
t1_c16,hf,histqn,1e-08,13,-1,TIMEOUT,nan
t1_c16,hf,histqn,1e-08,14,-1,TIMEOUT,nan
t1_c16,hf,histqn,1e-08,15,-1,TIMEOUT,nan
t1_c16,hf,histqn,1e-08,16,-1,TIMEOUT,nan
t1_c16,hf,histqn,1e-08,17,-1,TIMEOUT,nan
t1_c16,hf,histqn,1e-08,18,-1,TIMEOUT,nan
t1_c16,hf,histqn,1e-08,19,-1,TIMEOUT,nan
t1_c16,hf,histqn,1e-08,2,-1,TIMEOUT,nan
t1_c16,hf,histqn,1e-08,20,-1,TIMEOUT,nan
t1_c16,hf,histqn,1e-08,21,-1,TIMEOUT,nan
t1_c16,hf,histqn,1e-08,22,-1,TIMEOUT,nan
t1_c16,hf,histqn,1e-08,23,-1,TIMEOUT,nan
t1_c16,hf,histqn,1e-08,24,-1,TIMEOUT,nan
t1_c16,hf,histqn,1e-08,25,-1,TIMEOUT,nan
t1_c16,hf,histqn,1e-08,26,100,False,-615.60531609
t1_c16,hf,histqn,1e-08,27,100,False,-615.60531609
t1_c16,hf,histqn,1e-08,28,100,False,-615.60531609
t1_c16,hf,histqn,1e-08,29,-1,TIMEOUT,nan
t1_c16,hf,histqn,1e-08,3,-1,TIMEOUT,nan
t1_c16,hf,histqn,1e-08,30,-1,TIMEOUT,nan
t1_c16,hf,histqn,1e-08,4,-1,TIMEOUT,nan
t1_c16,hf,histqn,1e-08,5,-1,TIMEOUT,nan
t1_c16,hf,histqn,1e-08,6,100,False,-615.60531609
t1_c16,hf,histqn,1e-08,7,-1,TIMEOUT,nan
t1_c16,hf,histqn,1e-08,8,-1,TIMEOUT,nan
t1_c16,hf,histqn,1e-08,9,-1,TIMEOUT,nan
t1_c16,hf,histqn,1e-09,1,-1,TIMEOUT,nan
t1_c16,hf,histqn,1e-09,10,-1,TIMEOUT,nan
t1_c16,hf,histqn,1e-09,11,-1,TIMEOUT,nan
t1_c16,hf,histqn,1e-09,12,-1,TIMEOUT,nan
t1_c16,hf,histqn,1e-09,13,-1,TIMEOUT,nan
t1_c16,hf,histqn,1e-09,14,-1,TIMEOUT,nan
t1_c16,hf,histqn,1e-09,15,-1,TIMEOUT,nan
t1_c16,hf,histqn,1e-09,16,100,False,-615.60531609
t1_c16,hf,histqn,1e-09,17,100,False,-615.60531609
t1_c16,hf,histqn,1e-09,18,-1,TIMEOUT,nan
t1_c16,hf,histqn,1e-09,19,-1,TIMEOUT,nan
t1_c16,hf,histqn,1e-09,2,-1,TIMEOUT,nan
t1_c16,hf,histqn,1e-09,20,-1,TIMEOUT,nan
t1_c16,hf,histqn,1e-09,21,-1,TIMEOUT,nan
t1_c16,hf,histqn,1e-09,22,-1,TIMEOUT,nan
t1_c16,hf,histqn,1e-09,23,-1,TIMEOUT,nan
t1_c16,hf,histqn,1e-09,24,-1,TIMEOUT,nan
t1_c16,hf,histqn,1e-09,25,-1,TIMEOUT,nan
t1_c16,hf,histqn,1e-09,26,-1,TIMEOUT,nan
t1_c16,hf,histqn,1e-09,27,-1,TIMEOUT,nan
t1_c16,hf,histqn,1e-09,28,-1,TIMEOUT,nan
t1_c16,hf,histqn,1e-09,29,-1,TIMEOUT,nan
t1_c16,hf,histqn,1e-09,3,-1,TIMEOUT,nan
t1_c16,hf,histqn,1e-09,30,-1,TIMEOUT,nan
t1_c16,hf,histqn,1e-09,4,-1,TIMEOUT,nan
t1_c16,hf,histqn,1e-09,5,-1,TIMEOUT,nan
t1_c16,hf,histqn,1e-09,6,-1,TIMEOUT,nan
t1_c16,hf,histqn,1e-09,7,-1,TIMEOUT,nan
t1_c16,hf,histqn,1e-09,8,-1,TIMEOUT,nan
t1_c16,hf,histqn,1e-09,9,-1,TIMEOUT,nan
t1_c16,hf,histqn,3e-08,1,-1,TIMEOUT,nan
t1_c16,hf,histqn,3e-08,10,-1,TIMEOUT,nan
t1_c16,hf,histqn,3e-08,11,-1,TIMEOUT,nan
t1_c16,hf,histqn,3e-08,12,-1,TIMEOUT,nan
t1_c16,hf,histqn,3e-08,13,-1,TIMEOUT,nan
t1_c16,hf,histqn,3e-08,14,-1,TIMEOUT,nan
t1_c16,hf,histqn,3e-08,15,-1,TIMEOUT,nan
t1_c16,hf,histqn,3e-08,16,100,False,-615.60531609
t1_c16,hf,histqn,3e-08,17,100,False,-615.60531609
t1_c16,hf,histqn,3e-08,18,100,False,-615.60531609
t1_c16,hf,histqn,3e-08,19,-1,TIMEOUT,nan
t1_c16,hf,histqn,3e-08,2,-1,TIMEOUT,nan
t1_c16,hf,histqn,3e-08,20,-1,TIMEOUT,nan
t1_c16,hf,histqn,3e-08,21,-1,TIMEOUT,nan
t1_c16,hf,histqn,3e-08,22,-1,TIMEOUT,nan
t1_c16,hf,histqn,3e-08,23,-1,TIMEOUT,nan
t1_c16,hf,histqn,3e-08,24,-1,TIMEOUT,nan
t1_c16,hf,histqn,3e-08,25,-1,TIMEOUT,nan
t1_c16,hf,histqn,3e-08,26,-1,TIMEOUT,nan
t1_c16,hf,histqn,3e-08,27,-1,TIMEOUT,nan
t1_c16,hf,histqn,3e-08,28,-1,TIMEOUT,nan
t1_c16,hf,histqn,3e-08,29,-1,TIMEOUT,nan
t1_c16,hf,histqn,3e-08,3,-1,TIMEOUT,nan
t1_c16,hf,histqn,3e-08,30,-1,TIMEOUT,nan
t1_c16,hf,histqn,3e-08,4,-1,TIMEOUT,nan
t1_c16,hf,histqn,3e-08,5,-1,TIMEOUT,nan
t1_c16,hf,histqn,3e-08,6,-1,TIMEOUT,nan
t1_c16,hf,histqn,3e-08,7,-1,TIMEOUT,nan
t1_c16,hf,histqn,3e-08,8,-1,TIMEOUT,nan
t1_c16,hf,histqn,3e-08,9,-1,TIMEOUT,nan
t1_c16,hf,soscf,0e+00,1,100,False,-615.60480469
t1_c16,hf,soscf,1e-07,1,-1,TIMEOUT,nan
t1_c16,hf,soscf,1e-07,10,100,False,-615.60531608
t1_c16,hf,soscf,1e-07,11,-1,TIMEOUT,nan
t1_c16,hf,soscf,1e-07,12,-1,TIMEOUT,nan
t1_c16,hf,soscf,1e-07,13,-1,TIMEOUT,nan
t1_c16,hf,soscf,1e-07,14,-1,TIMEOUT,nan
t1_c16,hf,soscf,1e-07,15,-1,TIMEOUT,nan
t1_c16,hf,soscf,1e-07,16,-1,TIMEOUT,nan
t1_c16,hf,soscf,1e-07,17,-1,TIMEOUT,nan
t1_c16,hf,soscf,1e-07,18,-1,TIMEOUT,nan
t1_c16,hf,soscf,1e-07,19,-1,TIMEOUT,nan
t1_c16,hf,soscf,1e-07,2,-1,TIMEOUT,nan
t1_c16,hf,soscf,1e-07,20,-1,TIMEOUT,nan
t1_c16,hf,soscf,1e-07,21,-1,TIMEOUT,nan
t1_c16,hf,soscf,1e-07,22,-1,TIMEOUT,nan
t1_c16,hf,soscf,1e-07,23,-1,TIMEOUT,nan
t1_c16,hf,soscf,1e-07,24,-1,TIMEOUT,nan
t1_c16,hf,soscf,1e-07,25,-1,TIMEOUT,nan
t1_c16,hf,soscf,1e-07,26,-1,TIMEOUT,nan
t1_c16,hf,soscf,1e-07,27,-1,TIMEOUT,nan
t1_c16,hf,soscf,1e-07,28,-1,TIMEOUT,nan
t1_c16,hf,soscf,1e-07,29,100,False,-615.60531608
t1_c16,hf,soscf,1e-07,3,-1,TIMEOUT,nan
t1_c16,hf,soscf,1e-07,30,-1,TIMEOUT,nan
t1_c16,hf,soscf,1e-07,4,100,False,-615.60531609
t1_c16,hf,soscf,1e-07,5,100,False,-615.60531609
t1_c16,hf,soscf,1e-07,6,-1,TIMEOUT,nan
t1_c16,hf,soscf,1e-07,7,-1,TIMEOUT,nan
t1_c16,hf,soscf,1e-07,8,-1,TIMEOUT,nan
t1_c16,hf,soscf,1e-07,9,100,False,-615.60531608
t1_c16,hf,soscf,1e-08,1,52,True,-615.60531609
t1_c16,hf,soscf,1e-08,10,47,True,-615.60531609
t1_c16,hf,soscf,1e-08,11,46,True,-615.60531609
t1_c16,hf,soscf,1e-08,12,46,True,-615.60531609
t1_c16,hf,soscf,1e-08,13,47,True,-615.60531609
t1_c16,hf,soscf,1e-08,14,54,True,-615.60531609
t1_c16,hf,soscf,1e-08,15,-1,TIMEOUT,nan
t1_c16,hf,soscf,1e-08,16,49,True,-615.60531609
t1_c16,hf,soscf,1e-08,17,55,True,-615.60531609
t1_c16,hf,soscf,1e-08,18,79,True,-615.60531609
t1_c16,hf,soscf,1e-08,19,-1,TIMEOUT,nan
t1_c16,hf,soscf,1e-08,2,54,True,-615.60531609
t1_c16,hf,soscf,1e-08,20,-1,TIMEOUT,nan
t1_c16,hf,soscf,1e-08,21,-1,TIMEOUT,nan
t1_c16,hf,soscf,1e-08,22,-1,TIMEOUT,nan
t1_c16,hf,soscf,1e-08,23,-1,TIMEOUT,nan
t1_c16,hf,soscf,1e-08,24,-1,TIMEOUT,nan
t1_c16,hf,soscf,1e-08,25,-1,TIMEOUT,nan
t1_c16,hf,soscf,1e-08,26,-1,TIMEOUT,nan
t1_c16,hf,soscf,1e-08,27,-1,TIMEOUT,nan
t1_c16,hf,soscf,1e-08,28,-1,TIMEOUT,nan
t1_c16,hf,soscf,1e-08,29,46,True,-615.60531609
t1_c16,hf,soscf,1e-08,3,56,True,-615.60531609
t1_c16,hf,soscf,1e-08,30,48,True,-615.60531609
t1_c16,hf,soscf,1e-08,4,50,True,-615.60531609
t1_c16,hf,soscf,1e-08,5,88,True,-615.60531609
t1_c16,hf,soscf,1e-08,6,-1,TIMEOUT,nan
t1_c16,hf,soscf,1e-08,7,-1,TIMEOUT,nan
t1_c16,hf,soscf,1e-08,8,-1,TIMEOUT,nan
t1_c16,hf,soscf,1e-08,9,62,True,-615.60531609
t1_c16,hf,soscf,1e-09,1,-1,TIMEOUT,nan
t1_c16,hf,soscf,1e-09,10,-1,TIMEOUT,nan
t1_c16,hf,soscf,1e-09,11,-1,TIMEOUT,nan
t1_c16,hf,soscf,1e-09,12,-1,TIMEOUT,nan
t1_c16,hf,soscf,1e-09,13,-1,TIMEOUT,nan
t1_c16,hf,soscf,1e-09,14,-1,TIMEOUT,nan
t1_c16,hf,soscf,1e-09,15,-1,TIMEOUT,nan
t1_c16,hf,soscf,1e-09,16,-1,TIMEOUT,nan
t1_c16,hf,soscf,1e-09,17,-1,TIMEOUT,nan
t1_c16,hf,soscf,1e-09,18,-1,TIMEOUT,nan
t1_c16,hf,soscf,1e-09,19,49,True,-615.60531609
t1_c16,hf,soscf,1e-09,2,-1,TIMEOUT,nan
t1_c16,hf,soscf,1e-09,20,54,True,-615.60531609
t1_c16,hf,soscf,1e-09,21,54,True,-615.60531609
t1_c16,hf,soscf,1e-09,22,84,True,-615.60531609
t1_c16,hf,soscf,1e-09,23,-1,TIMEOUT,nan
t1_c16,hf,soscf,1e-09,24,-1,TIMEOUT,nan
t1_c16,hf,soscf,1e-09,25,-1,TIMEOUT,nan
t1_c16,hf,soscf,1e-09,26,-1,TIMEOUT,nan
t1_c16,hf,soscf,1e-09,27,-1,TIMEOUT,nan
t1_c16,hf,soscf,1e-09,28,-1,TIMEOUT,nan
t1_c16,hf,soscf,1e-09,29,-1,TIMEOUT,nan
t1_c16,hf,soscf,1e-09,3,-1,TIMEOUT,nan
t1_c16,hf,soscf,1e-09,30,-1,TIMEOUT,nan
t1_c16,hf,soscf,1e-09,4,-1,TIMEOUT,nan
t1_c16,hf,soscf,1e-09,5,-1,TIMEOUT,nan
t1_c16,hf,soscf,1e-09,6,-1,TIMEOUT,nan
t1_c16,hf,soscf,1e-09,7,-1,TIMEOUT,nan
t1_c16,hf,soscf,1e-09,8,-1,TIMEOUT,nan
t1_c16,hf,soscf,1e-09,9,-1,TIMEOUT,nan
t1_c16,hf,soscf,3e-08,1,100,False,-615.60531609
t1_c16,hf,soscf,3e-08,10,-1,TIMEOUT,nan
t1_c16,hf,soscf,3e-08,11,-1,TIMEOUT,nan
t1_c16,hf,soscf,3e-08,12,-1,TIMEOUT,nan
t1_c16,hf,soscf,3e-08,13,-1,TIMEOUT,nan
t1_c16,hf,soscf,3e-08,14,-1,TIMEOUT,nan
t1_c16,hf,soscf,3e-08,15,-1,TIMEOUT,nan
t1_c16,hf,soscf,3e-08,16,-1,TIMEOUT,nan
t1_c16,hf,soscf,3e-08,17,-1,TIMEOUT,nan
t1_c16,hf,soscf,3e-08,18,-1,TIMEOUT,nan
t1_c16,hf,soscf,3e-08,19,100,False,-615.60531609
t1_c16,hf,soscf,3e-08,2,-1,TIMEOUT,nan
t1_c16,hf,soscf,3e-08,20,-1,TIMEOUT,nan
t1_c16,hf,soscf,3e-08,21,-1,TIMEOUT,nan
t1_c16,hf,soscf,3e-08,22,-1,TIMEOUT,nan
t1_c16,hf,soscf,3e-08,23,-1,TIMEOUT,nan
t1_c16,hf,soscf,3e-08,24,-1,TIMEOUT,nan
t1_c16,hf,soscf,3e-08,25,-1,TIMEOUT,nan
t1_c16,hf,soscf,3e-08,26,-1,TIMEOUT,nan
t1_c16,hf,soscf,3e-08,27,-1,TIMEOUT,nan
t1_c16,hf,soscf,3e-08,28,-1,TIMEOUT,nan
t1_c16,hf,soscf,3e-08,29,-1,TIMEOUT,nan
t1_c16,hf,soscf,3e-08,3,-1,TIMEOUT,nan
t1_c16,hf,soscf,3e-08,30,-1,TIMEOUT,nan
t1_c16,hf,soscf,3e-08,4,-1,TIMEOUT,nan
t1_c16,hf,soscf,3e-08,5,-1,TIMEOUT,nan
t1_c16,hf,soscf,3e-08,6,-1,TIMEOUT,nan
t1_c16,hf,soscf,3e-08,7,-1,TIMEOUT,nan
t1_c16,hf,soscf,3e-08,8,-1,TIMEOUT,nan
t1_c16,hf,soscf,3e-08,9,-1,TIMEOUT,nan
t1_c16,hf,switch,0e+00,1,20,True,-615.60531609
t1_c16,hf,switch,1e-07,1,-1,TIMEOUT,nan
t1_c16,hf,switch,1e-07,10,-1,TIMEOUT,nan
t1_c16,hf,switch,1e-07,11,-1,TIMEOUT,nan
t1_c16,hf,switch,1e-07,12,-1,TIMEOUT,nan
t1_c16,hf,switch,1e-07,13,-1,TIMEOUT,nan
t1_c16,hf,switch,1e-07,14,-1,TIMEOUT,nan
t1_c16,hf,switch,1e-07,15,-1,TIMEOUT,nan
t1_c16,hf,switch,1e-07,16,-1,TIMEOUT,nan
t1_c16,hf,switch,1e-07,17,-1,TIMEOUT,nan
t1_c16,hf,switch,1e-07,18,-1,TIMEOUT,nan
t1_c16,hf,switch,1e-07,19,-1,TIMEOUT,nan
t1_c16,hf,switch,1e-07,2,100,False,-615.60531608
t1_c16,hf,switch,1e-07,20,-1,TIMEOUT,nan
t1_c16,hf,switch,1e-07,21,-1,TIMEOUT,nan
t1_c16,hf,switch,1e-07,22,-1,TIMEOUT,nan
t1_c16,hf,switch,1e-07,23,-1,TIMEOUT,nan
t1_c16,hf,switch,1e-07,24,-1,TIMEOUT,nan
t1_c16,hf,switch,1e-07,25,-1,TIMEOUT,nan
t1_c16,hf,switch,1e-07,26,-1,TIMEOUT,nan
t1_c16,hf,switch,1e-07,27,100,False,-615.60531608
t1_c16,hf,switch,1e-07,28,100,False,-615.60531609
t1_c16,hf,switch,1e-07,29,-1,TIMEOUT,nan
t1_c16,hf,switch,1e-07,3,100,False,-615.60531609
t1_c16,hf,switch,1e-07,30,-1,TIMEOUT,nan
t1_c16,hf,switch,1e-07,4,100,False,-615.60531608
t1_c16,hf,switch,1e-07,5,100,False,-615.60531609
t1_c16,hf,switch,1e-07,6,-1,TIMEOUT,nan
t1_c16,hf,switch,1e-07,7,100,False,-615.60531609
t1_c16,hf,switch,1e-07,8,100,False,-615.60531608
t1_c16,hf,switch,1e-07,9,-1,TIMEOUT,nan
t1_c16,hf,switch,1e-08,1,20,True,-615.60531609
t1_c16,hf,switch,1e-08,10,20,True,-615.60531609
t1_c16,hf,switch,1e-08,11,20,True,-615.60531609
t1_c16,hf,switch,1e-08,12,20,True,-615.60531609
t1_c16,hf,switch,1e-08,13,20,True,-615.60531609
t1_c16,hf,switch,1e-08,14,20,True,-615.60531609
t1_c16,hf,switch,1e-08,15,20,True,-615.60531609
t1_c16,hf,switch,1e-08,16,20,True,-615.60531609
t1_c16,hf,switch,1e-08,17,20,True,-615.60531609
t1_c16,hf,switch,1e-08,18,20,True,-615.60531609
t1_c16,hf,switch,1e-08,19,20,True,-615.60531609
t1_c16,hf,switch,1e-08,2,20,True,-615.60531609
t1_c16,hf,switch,1e-08,20,20,True,-615.60531609
t1_c16,hf,switch,1e-08,21,20,True,-615.60531609
t1_c16,hf,switch,1e-08,22,20,True,-615.60531609
t1_c16,hf,switch,1e-08,23,20,True,-615.60531609
t1_c16,hf,switch,1e-08,24,20,True,-615.60531609
t1_c16,hf,switch,1e-08,25,20,True,-615.60531609
t1_c16,hf,switch,1e-08,26,20,True,-615.60531609
t1_c16,hf,switch,1e-08,27,20,True,-615.60531609
t1_c16,hf,switch,1e-08,28,20,True,-615.60531609
t1_c16,hf,switch,1e-08,29,20,True,-615.60531609
t1_c16,hf,switch,1e-08,3,20,True,-615.60531609
t1_c16,hf,switch,1e-08,30,20,True,-615.60531609
t1_c16,hf,switch,1e-08,4,20,True,-615.60531609
t1_c16,hf,switch,1e-08,5,20,True,-615.60531609
t1_c16,hf,switch,1e-08,6,20,True,-615.60531609
t1_c16,hf,switch,1e-08,7,20,True,-615.60531609
t1_c16,hf,switch,1e-08,8,20,True,-615.60531609
t1_c16,hf,switch,1e-08,9,20,True,-615.60531609
t1_c16,hf,switch,1e-09,1,-1,TIMEOUT,nan
t1_c16,hf,switch,1e-09,10,20,True,-615.60531609
t1_c16,hf,switch,1e-09,11,20,True,-615.60531609
t1_c16,hf,switch,1e-09,12,20,True,-615.60531609
t1_c16,hf,switch,1e-09,13,20,True,-615.60531609
t1_c16,hf,switch,1e-09,14,20,True,-615.60531609
t1_c16,hf,switch,1e-09,15,20,True,-615.60531609
t1_c16,hf,switch,1e-09,16,20,True,-615.60531609
t1_c16,hf,switch,1e-09,17,20,True,-615.60531609
t1_c16,hf,switch,1e-09,18,20,True,-615.60531609
t1_c16,hf,switch,1e-09,19,20,True,-615.60531609
t1_c16,hf,switch,1e-09,2,-1,TIMEOUT,nan
t1_c16,hf,switch,1e-09,20,20,True,-615.60531609
t1_c16,hf,switch,1e-09,21,20,True,-615.60531609
t1_c16,hf,switch,1e-09,22,20,True,-615.60531609
t1_c16,hf,switch,1e-09,23,20,True,-615.60531609
t1_c16,hf,switch,1e-09,24,20,True,-615.60531609
t1_c16,hf,switch,1e-09,25,20,True,-615.60531609
t1_c16,hf,switch,1e-09,26,20,True,-615.60531609
t1_c16,hf,switch,1e-09,27,20,True,-615.60531609
t1_c16,hf,switch,1e-09,28,20,True,-615.60531609
t1_c16,hf,switch,1e-09,29,20,True,-615.60531609
t1_c16,hf,switch,1e-09,3,-1,TIMEOUT,nan
t1_c16,hf,switch,1e-09,30,20,True,-615.60531609
t1_c16,hf,switch,1e-09,4,20,True,-615.60531609
t1_c16,hf,switch,1e-09,5,20,True,-615.60531609
t1_c16,hf,switch,1e-09,6,20,True,-615.60531609
t1_c16,hf,switch,1e-09,7,20,True,-615.60531609
t1_c16,hf,switch,1e-09,8,20,True,-615.60531609
t1_c16,hf,switch,1e-09,9,20,True,-615.60531609
t1_c16,hf,switch,3e-08,1,100,False,-615.60531609
t1_c16,hf,switch,3e-08,10,-1,TIMEOUT,nan
t1_c16,hf,switch,3e-08,11,-1,TIMEOUT,nan
t1_c16,hf,switch,3e-08,12,-1,TIMEOUT,nan
t1_c16,hf,switch,3e-08,13,-1,TIMEOUT,nan
t1_c16,hf,switch,3e-08,14,-1,TIMEOUT,nan
t1_c16,hf,switch,3e-08,15,-1,TIMEOUT,nan
t1_c16,hf,switch,3e-08,16,-1,TIMEOUT,nan
t1_c16,hf,switch,3e-08,17,100,False,-615.60531609
t1_c16,hf,switch,3e-08,18,100,False,-615.60531609
t1_c16,hf,switch,3e-08,19,100,False,-615.60531609
t1_c16,hf,switch,3e-08,2,-1,TIMEOUT,nan
t1_c16,hf,switch,3e-08,20,-1,TIMEOUT,nan
t1_c16,hf,switch,3e-08,21,-1,TIMEOUT,nan
t1_c16,hf,switch,3e-08,22,-1,TIMEOUT,nan
t1_c16,hf,switch,3e-08,23,-1,TIMEOUT,nan
t1_c16,hf,switch,3e-08,24,-1,TIMEOUT,nan
t1_c16,hf,switch,3e-08,25,-1,TIMEOUT,nan
t1_c16,hf,switch,3e-08,26,-1,TIMEOUT,nan
t1_c16,hf,switch,3e-08,27,-1,TIMEOUT,nan
t1_c16,hf,switch,3e-08,28,-1,TIMEOUT,nan
t1_c16,hf,switch,3e-08,29,-1,TIMEOUT,nan
t1_c16,hf,switch,3e-08,3,-1,TIMEOUT,nan
t1_c16,hf,switch,3e-08,30,-1,TIMEOUT,nan
t1_c16,hf,switch,3e-08,4,-1,TIMEOUT,nan
t1_c16,hf,switch,3e-08,5,-1,TIMEOUT,nan
t1_c16,hf,switch,3e-08,6,-1,TIMEOUT,nan
t1_c16,hf,switch,3e-08,7,-1,TIMEOUT,nan
t1_c16,hf,switch,3e-08,8,-1,TIMEOUT,nan
t1_c16,hf,switch,3e-08,9,-1,TIMEOUT,nan
t1_c8,b3lyp5,diis,0e+00,1,17,True,-310.17194093
t1_c8,b3lyp5,diis,1e-07,1,100,False,-310.17194093
t1_c8,b3lyp5,diis,1e-07,10,-1,TIMEOUT,nan
t1_c8,b3lyp5,diis,1e-07,11,-1,TIMEOUT,nan
t1_c8,b3lyp5,diis,1e-07,12,-1,TIMEOUT,nan
t1_c8,b3lyp5,diis,1e-07,13,-1,TIMEOUT,nan
t1_c8,b3lyp5,diis,1e-07,14,-1,TIMEOUT,nan
t1_c8,b3lyp5,diis,1e-07,15,100,False,-310.17194093
t1_c8,b3lyp5,diis,1e-07,16,100,False,-310.17194093
t1_c8,b3lyp5,diis,1e-07,17,100,False,-310.17194093
t1_c8,b3lyp5,diis,1e-07,18,100,False,-310.17194093
t1_c8,b3lyp5,diis,1e-07,19,100,False,-310.17194093
t1_c8,b3lyp5,diis,1e-07,2,100,False,-310.17194093
t1_c8,b3lyp5,diis,1e-07,20,100,False,-310.17194093
t1_c8,b3lyp5,diis,1e-07,21,100,False,-310.17194093
t1_c8,b3lyp5,diis,1e-07,22,100,False,-310.17194093
t1_c8,b3lyp5,diis,1e-07,23,100,False,-310.17194093
t1_c8,b3lyp5,diis,1e-07,24,100,False,-310.17194093
t1_c8,b3lyp5,diis,1e-07,25,100,False,-310.17194093
t1_c8,b3lyp5,diis,1e-07,26,100,False,-310.17194093
t1_c8,b3lyp5,diis,1e-07,27,-1,TIMEOUT,nan
t1_c8,b3lyp5,diis,1e-07,28,-1,TIMEOUT,nan
t1_c8,b3lyp5,diis,1e-07,29,-1,TIMEOUT,nan
t1_c8,b3lyp5,diis,1e-07,3,100,False,-310.17194093
t1_c8,b3lyp5,diis,1e-07,30,-1,TIMEOUT,nan
t1_c8,b3lyp5,diis,1e-07,4,100,False,-310.17194093
t1_c8,b3lyp5,diis,1e-07,5,100,False,-310.17194093
t1_c8,b3lyp5,diis,1e-07,6,-1,TIMEOUT,nan
t1_c8,b3lyp5,diis,1e-07,7,-1,TIMEOUT,nan
t1_c8,b3lyp5,diis,1e-07,8,-1,TIMEOUT,nan
t1_c8,b3lyp5,diis,1e-07,9,-1,TIMEOUT,nan
t1_c8,b3lyp5,diis,1e-08,1,17,True,-310.17194093
t1_c8,b3lyp5,diis,1e-08,10,17,True,-310.17194093
t1_c8,b3lyp5,diis,1e-08,11,17,True,-310.17194093
t1_c8,b3lyp5,diis,1e-08,12,17,True,-310.17194093
t1_c8,b3lyp5,diis,1e-08,13,17,True,-310.17194093
t1_c8,b3lyp5,diis,1e-08,14,17,True,-310.17194093
t1_c8,b3lyp5,diis,1e-08,15,17,True,-310.17194093
t1_c8,b3lyp5,diis,1e-08,16,17,True,-310.17194093
t1_c8,b3lyp5,diis,1e-08,17,17,True,-310.17194093
t1_c8,b3lyp5,diis,1e-08,18,17,True,-310.17194093
t1_c8,b3lyp5,diis,1e-08,19,17,True,-310.17194093
t1_c8,b3lyp5,diis,1e-08,2,17,True,-310.17194093
t1_c8,b3lyp5,diis,1e-08,20,17,True,-310.17194093
t1_c8,b3lyp5,diis,1e-08,21,17,True,-310.17194093
t1_c8,b3lyp5,diis,1e-08,22,17,True,-310.17194093
t1_c8,b3lyp5,diis,1e-08,23,17,True,-310.17194093
t1_c8,b3lyp5,diis,1e-08,24,17,True,-310.17194093
t1_c8,b3lyp5,diis,1e-08,25,17,True,-310.17194093
t1_c8,b3lyp5,diis,1e-08,26,17,True,-310.17194093
t1_c8,b3lyp5,diis,1e-08,27,17,True,-310.17194093
t1_c8,b3lyp5,diis,1e-08,28,17,True,-310.17194093
t1_c8,b3lyp5,diis,1e-08,29,17,True,-310.17194093
t1_c8,b3lyp5,diis,1e-08,3,17,True,-310.17194093
t1_c8,b3lyp5,diis,1e-08,30,17,True,-310.17194093
t1_c8,b3lyp5,diis,1e-08,4,17,True,-310.17194093
t1_c8,b3lyp5,diis,1e-08,5,17,True,-310.17194093
t1_c8,b3lyp5,diis,1e-08,6,17,True,-310.17194093
t1_c8,b3lyp5,diis,1e-08,7,17,True,-310.17194093
t1_c8,b3lyp5,diis,1e-08,8,17,True,-310.17194093
t1_c8,b3lyp5,diis,1e-08,9,17,True,-310.17194093
t1_c8,b3lyp5,diis,1e-09,1,17,True,-310.17194093
t1_c8,b3lyp5,diis,1e-09,10,17,True,-310.17194093
t1_c8,b3lyp5,diis,1e-09,11,17,True,-310.17194093
t1_c8,b3lyp5,diis,1e-09,12,17,True,-310.17194093
t1_c8,b3lyp5,diis,1e-09,13,17,True,-310.17194093
t1_c8,b3lyp5,diis,1e-09,14,17,True,-310.17194093
t1_c8,b3lyp5,diis,1e-09,15,17,True,-310.17194093
t1_c8,b3lyp5,diis,1e-09,16,17,True,-310.17194093
t1_c8,b3lyp5,diis,1e-09,17,17,True,-310.17194093
t1_c8,b3lyp5,diis,1e-09,18,17,True,-310.17194093
t1_c8,b3lyp5,diis,1e-09,19,17,True,-310.17194093
t1_c8,b3lyp5,diis,1e-09,2,17,True,-310.17194093
t1_c8,b3lyp5,diis,1e-09,20,17,True,-310.17194093
t1_c8,b3lyp5,diis,1e-09,21,17,True,-310.17194093
t1_c8,b3lyp5,diis,1e-09,22,17,True,-310.17194093
t1_c8,b3lyp5,diis,1e-09,23,17,True,-310.17194093
t1_c8,b3lyp5,diis,1e-09,24,17,True,-310.17194093
t1_c8,b3lyp5,diis,1e-09,25,17,True,-310.17194093
t1_c8,b3lyp5,diis,1e-09,26,17,True,-310.17194093
t1_c8,b3lyp5,diis,1e-09,27,17,True,-310.17194093
t1_c8,b3lyp5,diis,1e-09,28,17,True,-310.17194093
t1_c8,b3lyp5,diis,1e-09,29,17,True,-310.17194093
t1_c8,b3lyp5,diis,1e-09,3,17,True,-310.17194093
t1_c8,b3lyp5,diis,1e-09,30,17,True,-310.17194093
t1_c8,b3lyp5,diis,1e-09,4,17,True,-310.17194093
t1_c8,b3lyp5,diis,1e-09,5,17,True,-310.17194093
t1_c8,b3lyp5,diis,1e-09,6,17,True,-310.17194093
t1_c8,b3lyp5,diis,1e-09,7,17,True,-310.17194093
t1_c8,b3lyp5,diis,1e-09,8,17,True,-310.17194093
t1_c8,b3lyp5,diis,1e-09,9,17,True,-310.17194093
t1_c8,b3lyp5,diis,3e-08,1,31,True,-310.17194093
t1_c8,b3lyp5,diis,3e-08,10,22,True,-310.17194093
t1_c8,b3lyp5,diis,3e-08,11,28,True,-310.17194093
t1_c8,b3lyp5,diis,3e-08,12,27,True,-310.17194093
t1_c8,b3lyp5,diis,3e-08,13,26,True,-310.17194093
t1_c8,b3lyp5,diis,3e-08,14,25,True,-310.17194093
t1_c8,b3lyp5,diis,3e-08,15,24,True,-310.17194093
t1_c8,b3lyp5,diis,3e-08,16,23,True,-310.17194093
t1_c8,b3lyp5,diis,3e-08,17,28,True,-310.17194093
t1_c8,b3lyp5,diis,3e-08,18,27,True,-310.17194093
t1_c8,b3lyp5,diis,3e-08,19,26,True,-310.17194093
t1_c8,b3lyp5,diis,3e-08,2,30,True,-310.17194093
t1_c8,b3lyp5,diis,3e-08,20,82,True,-310.17194093
t1_c8,b3lyp5,diis,3e-08,21,81,True,-310.17194093
t1_c8,b3lyp5,diis,3e-08,22,-1,TIMEOUT,nan
t1_c8,b3lyp5,diis,3e-08,23,-1,TIMEOUT,nan
t1_c8,b3lyp5,diis,3e-08,24,-1,TIMEOUT,nan
t1_c8,b3lyp5,diis,3e-08,25,77,True,-310.17194093
t1_c8,b3lyp5,diis,3e-08,26,76,True,-310.17194093
t1_c8,b3lyp5,diis,3e-08,27,75,True,-310.17194093
t1_c8,b3lyp5,diis,3e-08,28,74,True,-310.17194093
t1_c8,b3lyp5,diis,3e-08,29,73,True,-310.17194093
t1_c8,b3lyp5,diis,3e-08,3,29,True,-310.17194093
t1_c8,b3lyp5,diis,3e-08,30,72,True,-310.17194093
t1_c8,b3lyp5,diis,3e-08,4,28,True,-310.17194093
t1_c8,b3lyp5,diis,3e-08,5,27,True,-310.17194093
t1_c8,b3lyp5,diis,3e-08,6,26,True,-310.17194093
t1_c8,b3lyp5,diis,3e-08,7,25,True,-310.17194093
t1_c8,b3lyp5,diis,3e-08,8,24,True,-310.17194093
t1_c8,b3lyp5,diis,3e-08,9,23,True,-310.17194093
t1_c8,b3lyp5,ensemble,0e+00,1,60,True,-310.17194093
t1_c8,b3lyp5,ensemble,1e-07,1,100,False,-310.17194093
t1_c8,b3lyp5,ensemble,1e-07,10,-1,TIMEOUT,nan
t1_c8,b3lyp5,ensemble,1e-07,11,-1,TIMEOUT,nan
t1_c8,b3lyp5,ensemble,1e-07,12,-1,TIMEOUT,nan
t1_c8,b3lyp5,ensemble,1e-07,13,100,False,-310.17194093
t1_c8,b3lyp5,ensemble,1e-07,14,100,False,-310.17194093
t1_c8,b3lyp5,ensemble,1e-07,15,100,False,-310.17194093
t1_c8,b3lyp5,ensemble,1e-07,16,100,False,-310.17194093
t1_c8,b3lyp5,ensemble,1e-07,17,100,False,-310.17194093
t1_c8,b3lyp5,ensemble,1e-07,18,100,False,-310.17194093
t1_c8,b3lyp5,ensemble,1e-07,19,100,False,-310.16437803
t1_c8,b3lyp5,ensemble,1e-07,2,100,False,-310.17194093
t1_c8,b3lyp5,ensemble,1e-07,20,100,False,-310.17194093
t1_c8,b3lyp5,ensemble,1e-07,21,100,False,-310.17194093
t1_c8,b3lyp5,ensemble,1e-07,22,100,False,-310.17194093
t1_c8,b3lyp5,ensemble,1e-07,23,100,False,-310.17194093
t1_c8,b3lyp5,ensemble,1e-07,24,100,False,-310.17194093
t1_c8,b3lyp5,ensemble,1e-07,25,-1,TIMEOUT,nan
t1_c8,b3lyp5,ensemble,1e-07,26,-1,TIMEOUT,nan
t1_c8,b3lyp5,ensemble,1e-07,27,-1,TIMEOUT,nan
t1_c8,b3lyp5,ensemble,1e-07,28,-1,TIMEOUT,nan
t1_c8,b3lyp5,ensemble,1e-07,29,-1,TIMEOUT,nan
t1_c8,b3lyp5,ensemble,1e-07,3,100,False,-310.17194093
t1_c8,b3lyp5,ensemble,1e-07,30,-1,TIMEOUT,nan
t1_c8,b3lyp5,ensemble,1e-07,4,100,False,-310.17194093
t1_c8,b3lyp5,ensemble,1e-07,5,100,False,-310.17194093
t1_c8,b3lyp5,ensemble,1e-07,6,-1,TIMEOUT,nan
t1_c8,b3lyp5,ensemble,1e-07,7,100,False,-310.17194093
t1_c8,b3lyp5,ensemble,1e-07,8,-1,TIMEOUT,nan
t1_c8,b3lyp5,ensemble,1e-07,9,-1,TIMEOUT,nan
t1_c8,b3lyp5,ensemble,1e-08,1,43,True,-310.17194093
t1_c8,b3lyp5,ensemble,1e-08,10,-1,TIMEOUT,nan
t1_c8,b3lyp5,ensemble,1e-08,11,54,True,-310.17194093
t1_c8,b3lyp5,ensemble,1e-08,12,59,True,-310.17194093
t1_c8,b3lyp5,ensemble,1e-08,13,49,True,-310.17194093
t1_c8,b3lyp5,ensemble,1e-08,14,55,True,-310.17194093
t1_c8,b3lyp5,ensemble,1e-08,15,65,True,-310.17194093
t1_c8,b3lyp5,ensemble,1e-08,16,81,True,-310.17194093
t1_c8,b3lyp5,ensemble,1e-08,17,53,True,-310.17194093
t1_c8,b3lyp5,ensemble,1e-08,18,38,True,-310.17194093
t1_c8,b3lyp5,ensemble,1e-08,19,60,True,-310.17194093
t1_c8,b3lyp5,ensemble,1e-08,2,100,False,-310.04761759
t1_c8,b3lyp5,ensemble,1e-08,20,83,True,-310.17194093
t1_c8,b3lyp5,ensemble,1e-08,21,42,True,-310.17194093
t1_c8,b3lyp5,ensemble,1e-08,22,38,True,-310.17194093
t1_c8,b3lyp5,ensemble,1e-08,23,39,True,-310.17194093
t1_c8,b3lyp5,ensemble,1e-08,24,60,True,-310.17194093
t1_c8,b3lyp5,ensemble,1e-08,25,75,True,-310.17194093
t1_c8,b3lyp5,ensemble,1e-08,26,100,False,-310.17181137
t1_c8,b3lyp5,ensemble,1e-08,27,81,True,-310.17194093
t1_c8,b3lyp5,ensemble,1e-08,28,38,True,-310.17194093
t1_c8,b3lyp5,ensemble,1e-08,29,74,True,-310.17194093
t1_c8,b3lyp5,ensemble,1e-08,3,45,True,-310.17194093
t1_c8,b3lyp5,ensemble,1e-08,30,72,True,-310.17194093
t1_c8,b3lyp5,ensemble,1e-08,4,54,True,-310.17194093
t1_c8,b3lyp5,ensemble,1e-08,5,100,False,-310.16818770
t1_c8,b3lyp5,ensemble,1e-08,6,-1,TIMEOUT,nan
t1_c8,b3lyp5,ensemble,1e-08,7,-1,TIMEOUT,nan
t1_c8,b3lyp5,ensemble,1e-08,8,-1,TIMEOUT,nan
t1_c8,b3lyp5,ensemble,1e-08,9,-1,TIMEOUT,nan
t1_c8,b3lyp5,ensemble,1e-09,1,-1,TIMEOUT,nan
t1_c8,b3lyp5,ensemble,1e-09,10,100,False,-310.17192487
t1_c8,b3lyp5,ensemble,1e-09,11,40,True,-310.17194093
t1_c8,b3lyp5,ensemble,1e-09,12,73,True,-310.17194093
t1_c8,b3lyp5,ensemble,1e-09,13,49,True,-310.17194093
t1_c8,b3lyp5,ensemble,1e-09,14,65,True,-310.17194093
t1_c8,b3lyp5,ensemble,1e-09,15,50,True,-310.17194093
t1_c8,b3lyp5,ensemble,1e-09,16,65,True,-310.17194093
t1_c8,b3lyp5,ensemble,1e-09,17,69,True,-310.17194093
t1_c8,b3lyp5,ensemble,1e-09,18,36,True,-310.17194093
t1_c8,b3lyp5,ensemble,1e-09,19,-1,TIMEOUT,nan
t1_c8,b3lyp5,ensemble,1e-09,2,-1,TIMEOUT,nan
t1_c8,b3lyp5,ensemble,1e-09,20,-1,TIMEOUT,nan
t1_c8,b3lyp5,ensemble,1e-09,21,-1,TIMEOUT,nan
t1_c8,b3lyp5,ensemble,1e-09,22,-1,TIMEOUT,nan
t1_c8,b3lyp5,ensemble,1e-09,23,37,True,-310.17194093
t1_c8,b3lyp5,ensemble,1e-09,24,42,True,-310.17194093
t1_c8,b3lyp5,ensemble,1e-09,25,53,True,-310.17194093
t1_c8,b3lyp5,ensemble,1e-09,26,93,True,-310.17194093
t1_c8,b3lyp5,ensemble,1e-09,27,99,True,-310.17194093
t1_c8,b3lyp5,ensemble,1e-09,28,38,True,-310.17194093
t1_c8,b3lyp5,ensemble,1e-09,29,100,False,-310.17194067
t1_c8,b3lyp5,ensemble,1e-09,3,45,True,-310.17194093
t1_c8,b3lyp5,ensemble,1e-09,30,49,True,-310.17194093
t1_c8,b3lyp5,ensemble,1e-09,4,100,False,-309.96218749
t1_c8,b3lyp5,ensemble,1e-09,5,100,False,-310.14855967
t1_c8,b3lyp5,ensemble,1e-09,6,57,True,-310.17194093
t1_c8,b3lyp5,ensemble,1e-09,7,52,True,-310.17194093
t1_c8,b3lyp5,ensemble,1e-09,8,44,True,-310.17194093
t1_c8,b3lyp5,ensemble,1e-09,9,60,True,-310.17194093
t1_c8,b3lyp5,ensemble,3e-08,1,100,False,-310.17194093
t1_c8,b3lyp5,ensemble,3e-08,10,100,False,-310.17194093
t1_c8,b3lyp5,ensemble,3e-08,11,100,False,-310.17194093
t1_c8,b3lyp5,ensemble,3e-08,12,100,False,-310.17194093
t1_c8,b3lyp5,ensemble,3e-08,13,100,False,-310.17194093
t1_c8,b3lyp5,ensemble,3e-08,14,100,False,-310.17194093
t1_c8,b3lyp5,ensemble,3e-08,15,100,False,-310.17194093
t1_c8,b3lyp5,ensemble,3e-08,16,100,False,-310.17194093
t1_c8,b3lyp5,ensemble,3e-08,17,100,False,-310.17194093
t1_c8,b3lyp5,ensemble,3e-08,18,100,False,-310.17194093
t1_c8,b3lyp5,ensemble,3e-08,19,100,False,-310.17194093
t1_c8,b3lyp5,ensemble,3e-08,2,100,False,-310.17194093
t1_c8,b3lyp5,ensemble,3e-08,20,-1,TIMEOUT,nan
t1_c8,b3lyp5,ensemble,3e-08,21,-1,TIMEOUT,nan
t1_c8,b3lyp5,ensemble,3e-08,22,-1,TIMEOUT,nan
t1_c8,b3lyp5,ensemble,3e-08,23,100,False,-310.17194093
t1_c8,b3lyp5,ensemble,3e-08,24,100,False,-310.17194093
t1_c8,b3lyp5,ensemble,3e-08,25,100,False,-310.17194093
t1_c8,b3lyp5,ensemble,3e-08,26,100,False,-310.17194093
t1_c8,b3lyp5,ensemble,3e-08,27,100,False,-310.17194093
t1_c8,b3lyp5,ensemble,3e-08,28,100,False,-310.17194093
t1_c8,b3lyp5,ensemble,3e-08,29,100,False,-310.17194093
t1_c8,b3lyp5,ensemble,3e-08,3,100,False,-310.17194093
t1_c8,b3lyp5,ensemble,3e-08,30,100,False,-310.16953230
t1_c8,b3lyp5,ensemble,3e-08,4,100,False,-310.17194093
t1_c8,b3lyp5,ensemble,3e-08,5,100,False,-310.17194085
t1_c8,b3lyp5,ensemble,3e-08,6,100,False,-310.17194093
t1_c8,b3lyp5,ensemble,3e-08,7,100,False,-310.17194093
t1_c8,b3lyp5,ensemble,3e-08,8,100,False,-310.17194093
t1_c8,b3lyp5,ensemble,3e-08,9,100,False,-310.17194093
t1_c8,b3lyp5,histqn,0e+00,1,36,True,-310.17194093
t1_c8,b3lyp5,histqn,1e-07,1,100,False,-310.17194093
t1_c8,b3lyp5,histqn,1e-07,10,-1,TIMEOUT,nan
t1_c8,b3lyp5,histqn,1e-07,11,100,False,-310.17194093
t1_c8,b3lyp5,histqn,1e-07,12,100,False,-310.17194093
t1_c8,b3lyp5,histqn,1e-07,13,100,False,-310.17194093
t1_c8,b3lyp5,histqn,1e-07,14,100,False,-310.17194093
t1_c8,b3lyp5,histqn,1e-07,15,100,False,-310.17194093
t1_c8,b3lyp5,histqn,1e-07,16,-1,TIMEOUT,nan
t1_c8,b3lyp5,histqn,1e-07,17,-1,TIMEOUT,nan
t1_c8,b3lyp5,histqn,1e-07,18,-1,TIMEOUT,nan
t1_c8,b3lyp5,histqn,1e-07,19,-1,TIMEOUT,nan
t1_c8,b3lyp5,histqn,1e-07,2,100,False,-310.17194093
t1_c8,b3lyp5,histqn,1e-07,20,-1,TIMEOUT,nan
t1_c8,b3lyp5,histqn,1e-07,21,100,False,-310.17194093
t1_c8,b3lyp5,histqn,1e-07,22,-1,TIMEOUT,nan
t1_c8,b3lyp5,histqn,1e-07,23,-1,TIMEOUT,nan
t1_c8,b3lyp5,histqn,1e-07,24,-1,TIMEOUT,nan
t1_c8,b3lyp5,histqn,1e-07,25,-1,TIMEOUT,nan
t1_c8,b3lyp5,histqn,1e-07,26,-1,TIMEOUT,nan
t1_c8,b3lyp5,histqn,1e-07,27,-1,TIMEOUT,nan
t1_c8,b3lyp5,histqn,1e-07,28,-1,TIMEOUT,nan
t1_c8,b3lyp5,histqn,1e-07,29,-1,TIMEOUT,nan
t1_c8,b3lyp5,histqn,1e-07,3,100,False,-310.17194093
t1_c8,b3lyp5,histqn,1e-07,30,-1,TIMEOUT,nan
t1_c8,b3lyp5,histqn,1e-07,4,100,False,-310.17194093
t1_c8,b3lyp5,histqn,1e-07,5,100,False,-310.17194093
t1_c8,b3lyp5,histqn,1e-07,6,-1,TIMEOUT,nan
t1_c8,b3lyp5,histqn,1e-07,7,-1,TIMEOUT,nan
t1_c8,b3lyp5,histqn,1e-07,8,-1,TIMEOUT,nan
t1_c8,b3lyp5,histqn,1e-07,9,-1,TIMEOUT,nan
t1_c8,b3lyp5,histqn,1e-08,1,38,True,-310.17194093
t1_c8,b3lyp5,histqn,1e-08,10,36,True,-310.17194093
t1_c8,b3lyp5,histqn,1e-08,11,38,True,-310.17194093
t1_c8,b3lyp5,histqn,1e-08,12,37,True,-310.17194093
t1_c8,b3lyp5,histqn,1e-08,13,36,True,-310.17194093
t1_c8,b3lyp5,histqn,1e-08,14,35,True,-310.17194093
t1_c8,b3lyp5,histqn,1e-08,15,38,True,-310.17194093
t1_c8,b3lyp5,histqn,1e-08,16,38,True,-310.17194093
t1_c8,b3lyp5,histqn,1e-08,17,36,True,-310.17194093
t1_c8,b3lyp5,histqn,1e-08,18,38,True,-310.17194093
t1_c8,b3lyp5,histqn,1e-08,19,36,True,-310.17194093
t1_c8,b3lyp5,histqn,1e-08,2,38,True,-310.17194093
t1_c8,b3lyp5,histqn,1e-08,20,36,True,-310.17194093
t1_c8,b3lyp5,histqn,1e-08,21,38,True,-310.17194093
t1_c8,b3lyp5,histqn,1e-08,22,36,True,-310.17194093
t1_c8,b3lyp5,histqn,1e-08,23,38,True,-310.17194093
t1_c8,b3lyp5,histqn,1e-08,24,38,True,-310.17194093
t1_c8,b3lyp5,histqn,1e-08,25,36,True,-310.17194093
t1_c8,b3lyp5,histqn,1e-08,26,39,True,-310.17194093
t1_c8,b3lyp5,histqn,1e-08,27,34,True,-310.17194093
t1_c8,b3lyp5,histqn,1e-08,28,37,True,-310.17194093
t1_c8,b3lyp5,histqn,1e-08,29,36,True,-310.17194093
t1_c8,b3lyp5,histqn,1e-08,3,37,True,-310.17194093
t1_c8,b3lyp5,histqn,1e-08,30,37,True,-310.17194093
t1_c8,b3lyp5,histqn,1e-08,4,36,True,-310.17194093
t1_c8,b3lyp5,histqn,1e-08,5,37,True,-310.17194093
t1_c8,b3lyp5,histqn,1e-08,6,34,True,-310.17194093
t1_c8,b3lyp5,histqn,1e-08,7,38,True,-310.17194093
t1_c8,b3lyp5,histqn,1e-08,8,38,True,-310.17194093
t1_c8,b3lyp5,histqn,1e-08,9,38,True,-310.17194093
t1_c8,b3lyp5,histqn,1e-09,1,36,True,-310.17194093
t1_c8,b3lyp5,histqn,1e-09,10,36,True,-310.17194093
t1_c8,b3lyp5,histqn,1e-09,11,36,True,-310.17194093
t1_c8,b3lyp5,histqn,1e-09,12,36,True,-310.17194093
t1_c8,b3lyp5,histqn,1e-09,13,36,True,-310.17194093
t1_c8,b3lyp5,histqn,1e-09,14,36,True,-310.17194093
t1_c8,b3lyp5,histqn,1e-09,15,36,True,-310.17194093
t1_c8,b3lyp5,histqn,1e-09,16,36,True,-310.17194093
t1_c8,b3lyp5,histqn,1e-09,17,36,True,-310.17194093
t1_c8,b3lyp5,histqn,1e-09,18,36,True,-310.17194093
t1_c8,b3lyp5,histqn,1e-09,19,36,True,-310.17194093
t1_c8,b3lyp5,histqn,1e-09,2,36,True,-310.17194093
t1_c8,b3lyp5,histqn,1e-09,20,36,True,-310.17194093
t1_c8,b3lyp5,histqn,1e-09,21,36,True,-310.17194093
t1_c8,b3lyp5,histqn,1e-09,22,36,True,-310.17194093
t1_c8,b3lyp5,histqn,1e-09,23,36,True,-310.17194093
t1_c8,b3lyp5,histqn,1e-09,24,36,True,-310.17194093
t1_c8,b3lyp5,histqn,1e-09,25,36,True,-310.17194093
t1_c8,b3lyp5,histqn,1e-09,26,36,True,-310.17194093
t1_c8,b3lyp5,histqn,1e-09,27,36,True,-310.17194093
t1_c8,b3lyp5,histqn,1e-09,28,36,True,-310.17194093
t1_c8,b3lyp5,histqn,1e-09,29,36,True,-310.17194093
t1_c8,b3lyp5,histqn,1e-09,3,36,True,-310.17194093
t1_c8,b3lyp5,histqn,1e-09,30,36,True,-310.17194093
t1_c8,b3lyp5,histqn,1e-09,4,36,True,-310.17194093
t1_c8,b3lyp5,histqn,1e-09,5,36,True,-310.17194093
t1_c8,b3lyp5,histqn,1e-09,6,36,True,-310.17194093
t1_c8,b3lyp5,histqn,1e-09,7,36,True,-310.17194093
t1_c8,b3lyp5,histqn,1e-09,8,36,True,-310.17194093
t1_c8,b3lyp5,histqn,1e-09,9,36,True,-310.17194093
t1_c8,b3lyp5,histqn,3e-08,1,100,False,-310.17194093
t1_c8,b3lyp5,histqn,3e-08,10,-1,TIMEOUT,nan
t1_c8,b3lyp5,histqn,3e-08,11,-1,TIMEOUT,nan
t1_c8,b3lyp5,histqn,3e-08,12,-1,TIMEOUT,nan
t1_c8,b3lyp5,histqn,3e-08,13,-1,TIMEOUT,nan
t1_c8,b3lyp5,histqn,3e-08,14,-1,TIMEOUT,nan
t1_c8,b3lyp5,histqn,3e-08,15,-1,TIMEOUT,nan
t1_c8,b3lyp5,histqn,3e-08,16,-1,TIMEOUT,nan
t1_c8,b3lyp5,histqn,3e-08,17,-1,TIMEOUT,nan
t1_c8,b3lyp5,histqn,3e-08,18,-1,TIMEOUT,nan
t1_c8,b3lyp5,histqn,3e-08,19,-1,TIMEOUT,nan
t1_c8,b3lyp5,histqn,3e-08,2,100,False,-310.17194093
t1_c8,b3lyp5,histqn,3e-08,20,-1,TIMEOUT,nan
t1_c8,b3lyp5,histqn,3e-08,21,100,False,-310.17194093
t1_c8,b3lyp5,histqn,3e-08,22,100,False,-310.17194093
t1_c8,b3lyp5,histqn,3e-08,23,100,False,-310.17194093
t1_c8,b3lyp5,histqn,3e-08,24,100,False,-310.17194093
t1_c8,b3lyp5,histqn,3e-08,25,100,False,-310.17194093
t1_c8,b3lyp5,histqn,3e-08,26,100,False,-310.17194093
t1_c8,b3lyp5,histqn,3e-08,27,-1,TIMEOUT,nan
t1_c8,b3lyp5,histqn,3e-08,28,-1,TIMEOUT,nan
t1_c8,b3lyp5,histqn,3e-08,29,-1,TIMEOUT,nan
t1_c8,b3lyp5,histqn,3e-08,3,100,False,-310.17194093
t1_c8,b3lyp5,histqn,3e-08,30,-1,TIMEOUT,nan
t1_c8,b3lyp5,histqn,3e-08,4,100,False,-310.17194093
t1_c8,b3lyp5,histqn,3e-08,5,100,False,-310.17194093
t1_c8,b3lyp5,histqn,3e-08,6,-1,TIMEOUT,nan
t1_c8,b3lyp5,histqn,3e-08,7,-1,TIMEOUT,nan
t1_c8,b3lyp5,histqn,3e-08,8,-1,TIMEOUT,nan
t1_c8,b3lyp5,histqn,3e-08,9,-1,TIMEOUT,nan
t1_c8,b3lyp5,soscf,0e+00,1,71,True,-310.17194093
t1_c8,b3lyp5,soscf,1e-07,1,100,False,-310.17194093
t1_c8,b3lyp5,soscf,1e-07,10,-1,TIMEOUT,nan
t1_c8,b3lyp5,soscf,1e-07,11,-1,TIMEOUT,nan
t1_c8,b3lyp5,soscf,1e-07,12,-1,TIMEOUT,nan
t1_c8,b3lyp5,soscf,1e-07,13,-1,TIMEOUT,nan
t1_c8,b3lyp5,soscf,1e-07,14,100,False,-310.17194093
t1_c8,b3lyp5,soscf,1e-07,15,100,False,-310.17194093
t1_c8,b3lyp5,soscf,1e-07,16,100,False,-310.17194093
t1_c8,b3lyp5,soscf,1e-07,17,100,False,-310.17194093
t1_c8,b3lyp5,soscf,1e-07,18,100,False,-310.17194093
t1_c8,b3lyp5,soscf,1e-07,19,100,False,-310.17118912
t1_c8,b3lyp5,soscf,1e-07,2,100,False,-310.17194093
t1_c8,b3lyp5,soscf,1e-07,20,100,False,-310.17194093
t1_c8,b3lyp5,soscf,1e-07,21,100,False,-310.17194093
t1_c8,b3lyp5,soscf,1e-07,22,100,False,-310.17194093
t1_c8,b3lyp5,soscf,1e-07,23,100,False,-310.17194093
t1_c8,b3lyp5,soscf,1e-07,24,100,False,-310.17194093
t1_c8,b3lyp5,soscf,1e-07,25,100,False,-310.17194093
t1_c8,b3lyp5,soscf,1e-07,26,-1,TIMEOUT,nan
t1_c8,b3lyp5,soscf,1e-07,27,-1,TIMEOUT,nan
t1_c8,b3lyp5,soscf,1e-07,28,-1,TIMEOUT,nan
t1_c8,b3lyp5,soscf,1e-07,29,-1,TIMEOUT,nan
t1_c8,b3lyp5,soscf,1e-07,3,100,False,-310.17194093
t1_c8,b3lyp5,soscf,1e-07,30,-1,TIMEOUT,nan
t1_c8,b3lyp5,soscf,1e-07,4,100,False,-310.17194093
t1_c8,b3lyp5,soscf,1e-07,5,100,False,-310.17194093
t1_c8,b3lyp5,soscf,1e-07,6,-1,TIMEOUT,nan
t1_c8,b3lyp5,soscf,1e-07,7,-1,TIMEOUT,nan
t1_c8,b3lyp5,soscf,1e-07,8,-1,TIMEOUT,nan
t1_c8,b3lyp5,soscf,1e-07,9,-1,TIMEOUT,nan
t1_c8,b3lyp5,soscf,1e-08,1,43,True,-310.17194093
t1_c8,b3lyp5,soscf,1e-08,10,61,True,-310.17194093
t1_c8,b3lyp5,soscf,1e-08,11,54,True,-310.17194093
t1_c8,b3lyp5,soscf,1e-08,12,59,True,-310.17194093
t1_c8,b3lyp5,soscf,1e-08,13,49,True,-310.17194093
t1_c8,b3lyp5,soscf,1e-08,14,55,True,-310.17194093
t1_c8,b3lyp5,soscf,1e-08,15,65,True,-310.17194093
t1_c8,b3lyp5,soscf,1e-08,16,85,True,-310.17194093
t1_c8,b3lyp5,soscf,1e-08,17,53,True,-310.17194093
t1_c8,b3lyp5,soscf,1e-08,18,38,True,-310.17194093
t1_c8,b3lyp5,soscf,1e-08,19,60,True,-310.17194093
t1_c8,b3lyp5,soscf,1e-08,2,100,False,-310.13162084
t1_c8,b3lyp5,soscf,1e-08,20,83,True,-310.17194093
t1_c8,b3lyp5,soscf,1e-08,21,42,True,-310.17194093
t1_c8,b3lyp5,soscf,1e-08,22,38,True,-310.17194093
t1_c8,b3lyp5,soscf,1e-08,23,39,True,-310.17194093
t1_c8,b3lyp5,soscf,1e-08,24,60,True,-310.17194093
t1_c8,b3lyp5,soscf,1e-08,25,75,True,-310.17194093
t1_c8,b3lyp5,soscf,1e-08,26,100,False,-310.17181048
t1_c8,b3lyp5,soscf,1e-08,27,-1,TIMEOUT,nan
t1_c8,b3lyp5,soscf,1e-08,28,38,True,-310.17194093
t1_c8,b3lyp5,soscf,1e-08,29,74,True,-310.17194093
t1_c8,b3lyp5,soscf,1e-08,3,45,True,-310.17194093
t1_c8,b3lyp5,soscf,1e-08,30,-1,TIMEOUT,nan
t1_c8,b3lyp5,soscf,1e-08,4,54,True,-310.17194093
t1_c8,b3lyp5,soscf,1e-08,5,100,False,-310.16817743
t1_c8,b3lyp5,soscf,1e-08,6,-1,TIMEOUT,nan
t1_c8,b3lyp5,soscf,1e-08,7,-1,TIMEOUT,nan
t1_c8,b3lyp5,soscf,1e-08,8,-1,TIMEOUT,nan
t1_c8,b3lyp5,soscf,1e-08,9,62,True,-310.17194093
t1_c8,b3lyp5,soscf,1e-09,1,-1,TIMEOUT,nan
t1_c8,b3lyp5,soscf,1e-09,10,100,False,-310.17194042
t1_c8,b3lyp5,soscf,1e-09,11,40,True,-310.17194093
t1_c8,b3lyp5,soscf,1e-09,12,73,True,-310.17194093
t1_c8,b3lyp5,soscf,1e-09,13,49,True,-310.17194093
t1_c8,b3lyp5,soscf,1e-09,14,65,True,-310.17194093
t1_c8,b3lyp5,soscf,1e-09,15,50,True,-310.17194093
t1_c8,b3lyp5,soscf,1e-09,16,65,True,-310.17194093
t1_c8,b3lyp5,soscf,1e-09,17,69,True,-310.17194093
t1_c8,b3lyp5,soscf,1e-09,18,36,True,-310.17194093
t1_c8,b3lyp5,soscf,1e-09,19,75,True,-310.17194093
t1_c8,b3lyp5,soscf,1e-09,2,-1,TIMEOUT,nan
t1_c8,b3lyp5,soscf,1e-09,20,45,True,-310.17194093
t1_c8,b3lyp5,soscf,1e-09,21,42,True,-310.17194093
t1_c8,b3lyp5,soscf,1e-09,22,38,True,-310.17194093
t1_c8,b3lyp5,soscf,1e-09,23,37,True,-310.17194093
t1_c8,b3lyp5,soscf,1e-09,24,42,True,-310.17194093
t1_c8,b3lyp5,soscf,1e-09,25,53,True,-310.17194093
t1_c8,b3lyp5,soscf,1e-09,26,100,False,-309.71121326
t1_c8,b3lyp5,soscf,1e-09,27,99,True,-310.17194093
t1_c8,b3lyp5,soscf,1e-09,28,38,True,-310.17194093
t1_c8,b3lyp5,soscf,1e-09,29,100,False,-310.17194076
t1_c8,b3lyp5,soscf,1e-09,3,-1,TIMEOUT,nan
t1_c8,b3lyp5,soscf,1e-09,30,49,True,-310.17194093
t1_c8,b3lyp5,soscf,1e-09,4,100,False,-310.15914599
t1_c8,b3lyp5,soscf,1e-09,5,100,False,-308.98933030
t1_c8,b3lyp5,soscf,1e-09,6,57,True,-310.17194093
t1_c8,b3lyp5,soscf,1e-09,7,52,True,-310.17194093
t1_c8,b3lyp5,soscf,1e-09,8,44,True,-310.17194093
t1_c8,b3lyp5,soscf,1e-09,9,60,True,-310.17194093
t1_c8,b3lyp5,soscf,3e-08,1,100,False,-310.17194093
t1_c8,b3lyp5,soscf,3e-08,10,-1,TIMEOUT,nan
t1_c8,b3lyp5,soscf,3e-08,11,-1,TIMEOUT,nan
t1_c8,b3lyp5,soscf,3e-08,12,-1,TIMEOUT,nan
t1_c8,b3lyp5,soscf,3e-08,13,-1,TIMEOUT,nan
t1_c8,b3lyp5,soscf,3e-08,14,-1,TIMEOUT,nan
t1_c8,b3lyp5,soscf,3e-08,15,-1,TIMEOUT,nan
t1_c8,b3lyp5,soscf,3e-08,16,-1,TIMEOUT,nan
t1_c8,b3lyp5,soscf,3e-08,17,-1,TIMEOUT,nan
t1_c8,b3lyp5,soscf,3e-08,18,-1,TIMEOUT,nan
t1_c8,b3lyp5,soscf,3e-08,19,-1,TIMEOUT,nan
t1_c8,b3lyp5,soscf,3e-08,2,100,False,-310.17194093
t1_c8,b3lyp5,soscf,3e-08,20,-1,TIMEOUT,nan
t1_c8,b3lyp5,soscf,3e-08,21,-1,TIMEOUT,nan
t1_c8,b3lyp5,soscf,3e-08,22,-1,TIMEOUT,nan
t1_c8,b3lyp5,soscf,3e-08,23,-1,TIMEOUT,nan
t1_c8,b3lyp5,soscf,3e-08,24,100,False,-310.17194093
t1_c8,b3lyp5,soscf,3e-08,25,100,False,-310.17194093
t1_c8,b3lyp5,soscf,3e-08,26,100,False,-310.17194093
t1_c8,b3lyp5,soscf,3e-08,27,100,False,-310.17194093
t1_c8,b3lyp5,soscf,3e-08,28,100,False,-310.17194093
t1_c8,b3lyp5,soscf,3e-08,29,100,False,-310.17194093
t1_c8,b3lyp5,soscf,3e-08,3,100,False,-310.17194093
t1_c8,b3lyp5,soscf,3e-08,30,100,False,-310.16953197
t1_c8,b3lyp5,soscf,3e-08,4,100,False,-310.17194093
t1_c8,b3lyp5,soscf,3e-08,5,100,False,-310.17194085
t1_c8,b3lyp5,soscf,3e-08,6,100,False,-310.17194093
t1_c8,b3lyp5,soscf,3e-08,7,100,False,-310.17194093
t1_c8,b3lyp5,soscf,3e-08,8,100,False,-310.17194093
t1_c8,b3lyp5,soscf,3e-08,9,-1,TIMEOUT,nan
t1_c8,b3lyp5,switch,0e+00,1,19,True,-310.17194093
t1_c8,b3lyp5,switch,1e-07,1,100,False,-310.17194093
t1_c8,b3lyp5,switch,1e-07,10,-1,TIMEOUT,nan
t1_c8,b3lyp5,switch,1e-07,11,-1,TIMEOUT,nan
t1_c8,b3lyp5,switch,1e-07,12,100,False,-310.17194093
t1_c8,b3lyp5,switch,1e-07,13,100,False,-310.17194093
t1_c8,b3lyp5,switch,1e-07,14,100,False,-310.17194093
t1_c8,b3lyp5,switch,1e-07,15,100,False,-310.17194093
t1_c8,b3lyp5,switch,1e-07,16,100,False,-310.17194093
t1_c8,b3lyp5,switch,1e-07,17,-1,TIMEOUT,nan
t1_c8,b3lyp5,switch,1e-07,18,-1,TIMEOUT,nan
t1_c8,b3lyp5,switch,1e-07,19,-1,TIMEOUT,nan
t1_c8,b3lyp5,switch,1e-07,2,100,False,-310.17194093
t1_c8,b3lyp5,switch,1e-07,20,100,False,-310.17194093
t1_c8,b3lyp5,switch,1e-07,21,-1,TIMEOUT,nan
t1_c8,b3lyp5,switch,1e-07,22,-1,TIMEOUT,nan
t1_c8,b3lyp5,switch,1e-07,23,-1,TIMEOUT,nan
t1_c8,b3lyp5,switch,1e-07,24,-1,TIMEOUT,nan
t1_c8,b3lyp5,switch,1e-07,25,-1,TIMEOUT,nan
t1_c8,b3lyp5,switch,1e-07,26,-1,TIMEOUT,nan
t1_c8,b3lyp5,switch,1e-07,27,-1,TIMEOUT,nan
t1_c8,b3lyp5,switch,1e-07,28,-1,TIMEOUT,nan
t1_c8,b3lyp5,switch,1e-07,29,100,False,-310.17194093
t1_c8,b3lyp5,switch,1e-07,3,100,False,-310.17194093
t1_c8,b3lyp5,switch,1e-07,30,100,False,-310.17194093
t1_c8,b3lyp5,switch,1e-07,4,100,False,-310.17194093
t1_c8,b3lyp5,switch,1e-07,5,100,False,-310.17194093
t1_c8,b3lyp5,switch,1e-07,6,-1,TIMEOUT,nan
t1_c8,b3lyp5,switch,1e-07,7,-1,TIMEOUT,nan
t1_c8,b3lyp5,switch,1e-07,8,-1,TIMEOUT,nan
t1_c8,b3lyp5,switch,1e-07,9,-1,TIMEOUT,nan
t1_c8,b3lyp5,switch,1e-08,1,19,True,-310.17194093
t1_c8,b3lyp5,switch,1e-08,10,19,True,-310.17194093
t1_c8,b3lyp5,switch,1e-08,11,19,True,-310.17194093
t1_c8,b3lyp5,switch,1e-08,12,19,True,-310.17194093
t1_c8,b3lyp5,switch,1e-08,13,19,True,-310.17194093
t1_c8,b3lyp5,switch,1e-08,14,19,True,-310.17194093
t1_c8,b3lyp5,switch,1e-08,15,19,True,-310.17194093
t1_c8,b3lyp5,switch,1e-08,16,19,True,-310.17194093
t1_c8,b3lyp5,switch,1e-08,17,19,True,-310.17194093
t1_c8,b3lyp5,switch,1e-08,18,19,True,-310.17194093
t1_c8,b3lyp5,switch,1e-08,19,19,True,-310.17194093
t1_c8,b3lyp5,switch,1e-08,2,19,True,-310.17194093
t1_c8,b3lyp5,switch,1e-08,20,19,True,-310.17194093
t1_c8,b3lyp5,switch,1e-08,21,19,True,-310.17194093
t1_c8,b3lyp5,switch,1e-08,22,19,True,-310.17194093
t1_c8,b3lyp5,switch,1e-08,23,19,True,-310.17194093
t1_c8,b3lyp5,switch,1e-08,24,19,True,-310.17194093
t1_c8,b3lyp5,switch,1e-08,25,19,True,-310.17194093
t1_c8,b3lyp5,switch,1e-08,26,19,True,-310.17194093
t1_c8,b3lyp5,switch,1e-08,27,19,True,-310.17194093
t1_c8,b3lyp5,switch,1e-08,28,19,True,-310.17194093
t1_c8,b3lyp5,switch,1e-08,29,19,True,-310.17194093
t1_c8,b3lyp5,switch,1e-08,3,19,True,-310.17194093
t1_c8,b3lyp5,switch,1e-08,30,19,True,-310.17194093
t1_c8,b3lyp5,switch,1e-08,4,19,True,-310.17194093
t1_c8,b3lyp5,switch,1e-08,5,19,True,-310.17194093
t1_c8,b3lyp5,switch,1e-08,6,19,True,-310.17194093
t1_c8,b3lyp5,switch,1e-08,7,19,True,-310.17194093
t1_c8,b3lyp5,switch,1e-08,8,19,True,-310.17194093
t1_c8,b3lyp5,switch,1e-08,9,19,True,-310.17194093
t1_c8,b3lyp5,switch,1e-09,1,-1,TIMEOUT,nan
t1_c8,b3lyp5,switch,1e-09,10,19,True,-310.17194093
t1_c8,b3lyp5,switch,1e-09,11,19,True,-310.17194093
t1_c8,b3lyp5,switch,1e-09,12,19,True,-310.17194093
t1_c8,b3lyp5,switch,1e-09,13,19,True,-310.17194093
t1_c8,b3lyp5,switch,1e-09,14,19,True,-310.17194093
t1_c8,b3lyp5,switch,1e-09,15,19,True,-310.17194093
t1_c8,b3lyp5,switch,1e-09,16,19,True,-310.17194093
t1_c8,b3lyp5,switch,1e-09,17,19,True,-310.17194093
t1_c8,b3lyp5,switch,1e-09,18,19,True,-310.17194093
t1_c8,b3lyp5,switch,1e-09,19,19,True,-310.17194093
t1_c8,b3lyp5,switch,1e-09,2,19,True,-310.17194093
t1_c8,b3lyp5,switch,1e-09,20,19,True,-310.17194093
t1_c8,b3lyp5,switch,1e-09,21,19,True,-310.17194093
t1_c8,b3lyp5,switch,1e-09,22,19,True,-310.17194093
t1_c8,b3lyp5,switch,1e-09,23,19,True,-310.17194093
t1_c8,b3lyp5,switch,1e-09,24,19,True,-310.17194093
t1_c8,b3lyp5,switch,1e-09,25,19,True,-310.17194093
t1_c8,b3lyp5,switch,1e-09,26,19,True,-310.17194093
t1_c8,b3lyp5,switch,1e-09,27,19,True,-310.17194093
t1_c8,b3lyp5,switch,1e-09,28,19,True,-310.17194093
t1_c8,b3lyp5,switch,1e-09,29,19,True,-310.17194093
t1_c8,b3lyp5,switch,1e-09,3,19,True,-310.17194093
t1_c8,b3lyp5,switch,1e-09,30,19,True,-310.17194093
t1_c8,b3lyp5,switch,1e-09,4,19,True,-310.17194093
t1_c8,b3lyp5,switch,1e-09,5,19,True,-310.17194093
t1_c8,b3lyp5,switch,1e-09,6,19,True,-310.17194093
t1_c8,b3lyp5,switch,1e-09,7,19,True,-310.17194093
t1_c8,b3lyp5,switch,1e-09,8,19,True,-310.17194093
t1_c8,b3lyp5,switch,1e-09,9,19,True,-310.17194093
t1_c8,b3lyp5,switch,3e-08,1,100,False,-310.17194093
t1_c8,b3lyp5,switch,3e-08,10,-1,TIMEOUT,nan
t1_c8,b3lyp5,switch,3e-08,11,-1,TIMEOUT,nan
t1_c8,b3lyp5,switch,3e-08,12,-1,TIMEOUT,nan
t1_c8,b3lyp5,switch,3e-08,13,-1,TIMEOUT,nan
t1_c8,b3lyp5,switch,3e-08,14,-1,TIMEOUT,nan
t1_c8,b3lyp5,switch,3e-08,15,-1,TIMEOUT,nan
t1_c8,b3lyp5,switch,3e-08,16,-1,TIMEOUT,nan
t1_c8,b3lyp5,switch,3e-08,17,-1,TIMEOUT,nan
t1_c8,b3lyp5,switch,3e-08,18,-1,TIMEOUT,nan
t1_c8,b3lyp5,switch,3e-08,19,-1,TIMEOUT,nan
t1_c8,b3lyp5,switch,3e-08,2,100,False,-310.17194093
t1_c8,b3lyp5,switch,3e-08,20,-1,TIMEOUT,nan
t1_c8,b3lyp5,switch,3e-08,21,-1,TIMEOUT,nan
t1_c8,b3lyp5,switch,3e-08,22,100,False,-310.17194093
t1_c8,b3lyp5,switch,3e-08,23,100,False,-310.17194093
t1_c8,b3lyp5,switch,3e-08,24,100,False,-310.17194093
t1_c8,b3lyp5,switch,3e-08,25,100,False,-310.17194093
t1_c8,b3lyp5,switch,3e-08,26,100,False,-310.17194093
t1_c8,b3lyp5,switch,3e-08,27,100,False,-310.17194093
t1_c8,b3lyp5,switch,3e-08,28,100,False,-310.17194093
t1_c8,b3lyp5,switch,3e-08,29,100,False,-310.17194093
t1_c8,b3lyp5,switch,3e-08,3,100,False,-310.17194093
t1_c8,b3lyp5,switch,3e-08,30,100,False,-310.17194093
t1_c8,b3lyp5,switch,3e-08,4,100,False,-310.17194093
t1_c8,b3lyp5,switch,3e-08,5,100,False,-310.17194093
t1_c8,b3lyp5,switch,3e-08,6,100,False,-310.17194093
t1_c8,b3lyp5,switch,3e-08,7,-1,TIMEOUT,nan
t1_c8,b3lyp5,switch,3e-08,8,-1,TIMEOUT,nan
t1_c8,b3lyp5,switch,3e-08,9,-1,TIMEOUT,nan
t1_c8,hf,diis,0e+00,1,17,True,-308.25893349
t1_c8,hf,diis,1e-07,1,100,False,-308.25893349
t1_c8,hf,diis,1e-07,10,100,False,-308.25893349
t1_c8,hf,diis,1e-07,11,100,False,-308.25893349
t1_c8,hf,diis,1e-07,12,100,False,-308.25893349
t1_c8,hf,diis,1e-07,13,100,False,-308.25893349
t1_c8,hf,diis,1e-07,14,100,False,-308.25893349
t1_c8,hf,diis,1e-07,15,100,False,-308.25893349
t1_c8,hf,diis,1e-07,16,100,False,-308.25893349
t1_c8,hf,diis,1e-07,17,100,False,-308.25893349
t1_c8,hf,diis,1e-07,18,100,False,-308.25893349
t1_c8,hf,diis,1e-07,19,100,False,-308.25893349
t1_c8,hf,diis,1e-07,2,100,False,-308.25893349
t1_c8,hf,diis,1e-07,20,100,False,-308.25893349
t1_c8,hf,diis,1e-07,21,100,False,-308.25893349
t1_c8,hf,diis,1e-07,22,100,False,-308.25893349
t1_c8,hf,diis,1e-07,23,100,False,-308.25893349
t1_c8,hf,diis,1e-07,24,100,False,-308.25893349
t1_c8,hf,diis,1e-07,25,100,False,-308.25893349
t1_c8,hf,diis,1e-07,26,100,False,-308.25893349
t1_c8,hf,diis,1e-07,27,100,False,-308.25893349
t1_c8,hf,diis,1e-07,28,100,False,-308.25893349
t1_c8,hf,diis,1e-07,29,100,False,-308.25893349
t1_c8,hf,diis,1e-07,3,100,False,-308.25893349
t1_c8,hf,diis,1e-07,30,100,False,-308.25893349
t1_c8,hf,diis,1e-07,4,100,False,-308.25893349
t1_c8,hf,diis,1e-07,5,100,False,-308.25893349
t1_c8,hf,diis,1e-07,6,100,False,-308.25893349
t1_c8,hf,diis,1e-07,7,100,False,-308.25893349
t1_c8,hf,diis,1e-07,8,100,False,-308.25893349
t1_c8,hf,diis,1e-07,9,100,False,-308.25893349
t1_c8,hf,diis,1e-08,1,17,True,-308.25893349
t1_c8,hf,diis,1e-08,10,17,True,-308.25893349
t1_c8,hf,diis,1e-08,11,17,True,-308.25893349
t1_c8,hf,diis,1e-08,12,17,True,-308.25893349
t1_c8,hf,diis,1e-08,13,17,True,-308.25893349
t1_c8,hf,diis,1e-08,14,17,True,-308.25893349
t1_c8,hf,diis,1e-08,15,17,True,-308.25893349
t1_c8,hf,diis,1e-08,16,17,True,-308.25893349
t1_c8,hf,diis,1e-08,17,17,True,-308.25893349
t1_c8,hf,diis,1e-08,18,17,True,-308.25893349
t1_c8,hf,diis,1e-08,19,17,True,-308.25893349
t1_c8,hf,diis,1e-08,2,17,True,-308.25893349
t1_c8,hf,diis,1e-08,20,17,True,-308.25893349
t1_c8,hf,diis,1e-08,21,17,True,-308.25893349
t1_c8,hf,diis,1e-08,22,17,True,-308.25893349
t1_c8,hf,diis,1e-08,23,17,True,-308.25893349
t1_c8,hf,diis,1e-08,24,17,True,-308.25893349
t1_c8,hf,diis,1e-08,25,17,True,-308.25893349
t1_c8,hf,diis,1e-08,26,17,True,-308.25893349
t1_c8,hf,diis,1e-08,27,17,True,-308.25893349
t1_c8,hf,diis,1e-08,28,17,True,-308.25893349
t1_c8,hf,diis,1e-08,29,17,True,-308.25893349
t1_c8,hf,diis,1e-08,3,17,True,-308.25893349
t1_c8,hf,diis,1e-08,30,17,True,-308.25893349
t1_c8,hf,diis,1e-08,4,17,True,-308.25893349
t1_c8,hf,diis,1e-08,5,17,True,-308.25893349
t1_c8,hf,diis,1e-08,6,17,True,-308.25893349
t1_c8,hf,diis,1e-08,7,17,True,-308.25893349
t1_c8,hf,diis,1e-08,8,17,True,-308.25893349
t1_c8,hf,diis,1e-08,9,17,True,-308.25893349
t1_c8,hf,diis,1e-09,1,17,True,-308.25893349
t1_c8,hf,diis,1e-09,10,17,True,-308.25893349
t1_c8,hf,diis,1e-09,11,17,True,-308.25893349
t1_c8,hf,diis,1e-09,12,17,True,-308.25893349
t1_c8,hf,diis,1e-09,13,17,True,-308.25893349
t1_c8,hf,diis,1e-09,14,17,True,-308.25893349
t1_c8,hf,diis,1e-09,15,17,True,-308.25893349
t1_c8,hf,diis,1e-09,16,17,True,-308.25893349
t1_c8,hf,diis,1e-09,17,17,True,-308.25893349
t1_c8,hf,diis,1e-09,18,17,True,-308.25893349
t1_c8,hf,diis,1e-09,19,17,True,-308.25893349
t1_c8,hf,diis,1e-09,2,17,True,-308.25893349
t1_c8,hf,diis,1e-09,20,17,True,-308.25893349
t1_c8,hf,diis,1e-09,21,17,True,-308.25893349
t1_c8,hf,diis,1e-09,22,17,True,-308.25893349
t1_c8,hf,diis,1e-09,23,17,True,-308.25893349
t1_c8,hf,diis,1e-09,24,17,True,-308.25893349
t1_c8,hf,diis,1e-09,25,17,True,-308.25893349
t1_c8,hf,diis,1e-09,26,17,True,-308.25893349
t1_c8,hf,diis,1e-09,27,17,True,-308.25893349
t1_c8,hf,diis,1e-09,28,17,True,-308.25893349
t1_c8,hf,diis,1e-09,29,17,True,-308.25893349
t1_c8,hf,diis,1e-09,3,17,True,-308.25893349
t1_c8,hf,diis,1e-09,30,17,True,-308.25893349
t1_c8,hf,diis,1e-09,4,17,True,-308.25893349
t1_c8,hf,diis,1e-09,5,17,True,-308.25893349
t1_c8,hf,diis,1e-09,6,17,True,-308.25893349
t1_c8,hf,diis,1e-09,7,17,True,-308.25893349
t1_c8,hf,diis,1e-09,8,17,True,-308.25893349
t1_c8,hf,diis,1e-09,9,17,True,-308.25893349
t1_c8,hf,diis,3e-08,1,31,True,-308.25893349
t1_c8,hf,diis,3e-08,10,22,True,-308.25893349
t1_c8,hf,diis,3e-08,11,21,True,-308.25893349
t1_c8,hf,diis,3e-08,12,25,True,-308.25893349
t1_c8,hf,diis,3e-08,13,26,True,-308.25893349
t1_c8,hf,diis,3e-08,14,25,True,-308.25893349
t1_c8,hf,diis,3e-08,15,24,True,-308.25893349
t1_c8,hf,diis,3e-08,16,29,True,-308.25893349
t1_c8,hf,diis,3e-08,17,28,True,-308.25893349
t1_c8,hf,diis,3e-08,18,27,True,-308.25893349
t1_c8,hf,diis,3e-08,19,26,True,-308.25893349
t1_c8,hf,diis,3e-08,2,30,True,-308.25893349
t1_c8,hf,diis,3e-08,20,25,True,-308.25893349
t1_c8,hf,diis,3e-08,21,24,True,-308.25893349
t1_c8,hf,diis,3e-08,22,49,True,-308.25893349
t1_c8,hf,diis,3e-08,23,48,True,-308.25893349
t1_c8,hf,diis,3e-08,24,47,True,-308.25893349
t1_c8,hf,diis,3e-08,25,46,True,-308.25893349
t1_c8,hf,diis,3e-08,26,45,True,-308.25893349
t1_c8,hf,diis,3e-08,27,44,True,-308.25893349
t1_c8,hf,diis,3e-08,28,27,True,-308.25893349
t1_c8,hf,diis,3e-08,29,26,True,-308.25893349
t1_c8,hf,diis,3e-08,3,29,True,-308.25893349
t1_c8,hf,diis,3e-08,30,25,True,-308.25893349
t1_c8,hf,diis,3e-08,4,28,True,-308.25893349
t1_c8,hf,diis,3e-08,5,27,True,-308.25893349
t1_c8,hf,diis,3e-08,6,26,True,-308.25893349
t1_c8,hf,diis,3e-08,7,25,True,-308.25893349
t1_c8,hf,diis,3e-08,8,24,True,-308.25893349
t1_c8,hf,diis,3e-08,9,23,True,-308.25893349
t1_c8,hf,ensemble,0e+00,1,28,True,-308.25893349
t1_c8,hf,ensemble,1e-07,1,100,False,-308.25893348
t1_c8,hf,ensemble,1e-07,10,100,False,-308.25893348
t1_c8,hf,ensemble,1e-07,11,100,False,-308.25893348
t1_c8,hf,ensemble,1e-07,12,100,False,-308.25893348
t1_c8,hf,ensemble,1e-07,13,100,False,-308.25893348
t1_c8,hf,ensemble,1e-07,14,100,False,-308.25893348
t1_c8,hf,ensemble,1e-07,15,100,False,-308.25893348
t1_c8,hf,ensemble,1e-07,16,100,False,-308.25893348
t1_c8,hf,ensemble,1e-07,17,100,False,-308.25893348
t1_c8,hf,ensemble,1e-07,18,100,False,-308.25893348
t1_c8,hf,ensemble,1e-07,19,100,False,-308.25893348
t1_c8,hf,ensemble,1e-07,2,100,False,-308.25893348
t1_c8,hf,ensemble,1e-07,20,100,False,-308.25893348
t1_c8,hf,ensemble,1e-07,21,100,False,-308.25893348
t1_c8,hf,ensemble,1e-07,22,100,False,-308.25893348
t1_c8,hf,ensemble,1e-07,23,100,False,-308.25893348
t1_c8,hf,ensemble,1e-07,24,100,False,-308.25893348
t1_c8,hf,ensemble,1e-07,25,100,False,-308.25893348
t1_c8,hf,ensemble,1e-07,26,100,False,-308.25893348
t1_c8,hf,ensemble,1e-07,27,100,False,-308.25893348
t1_c8,hf,ensemble,1e-07,28,100,False,-308.25893348
t1_c8,hf,ensemble,1e-07,29,100,False,-308.25893348
t1_c8,hf,ensemble,1e-07,3,100,False,-308.25893348
t1_c8,hf,ensemble,1e-07,30,100,False,-308.25893348
t1_c8,hf,ensemble,1e-07,4,100,False,-308.25893348
t1_c8,hf,ensemble,1e-07,5,100,False,-308.25893348
t1_c8,hf,ensemble,1e-07,6,100,False,-308.25893348
t1_c8,hf,ensemble,1e-07,7,100,False,-308.25893348
t1_c8,hf,ensemble,1e-07,8,100,False,-308.25893348
t1_c8,hf,ensemble,1e-07,9,100,False,-308.25893348
t1_c8,hf,ensemble,1e-08,1,53,True,-308.25893349
t1_c8,hf,ensemble,1e-08,10,37,True,-308.25893349
t1_c8,hf,ensemble,1e-08,11,32,True,-308.25893349
t1_c8,hf,ensemble,1e-08,12,35,True,-308.25893349
t1_c8,hf,ensemble,1e-08,13,55,True,-308.25893349
t1_c8,hf,ensemble,1e-08,14,30,True,-308.25893349
t1_c8,hf,ensemble,1e-08,15,29,True,-308.25893349
t1_c8,hf,ensemble,1e-08,16,32,True,-308.25893349
t1_c8,hf,ensemble,1e-08,17,34,True,-308.25893349
t1_c8,hf,ensemble,1e-08,18,32,True,-308.25893349
t1_c8,hf,ensemble,1e-08,19,34,True,-308.25893349
t1_c8,hf,ensemble,1e-08,2,37,True,-308.25893349
t1_c8,hf,ensemble,1e-08,20,44,True,-308.25893349
t1_c8,hf,ensemble,1e-08,21,31,True,-308.25893349
t1_c8,hf,ensemble,1e-08,22,31,True,-308.25893349
t1_c8,hf,ensemble,1e-08,23,30,True,-308.25893349
t1_c8,hf,ensemble,1e-08,24,39,True,-308.25893349
t1_c8,hf,ensemble,1e-08,25,30,True,-308.25893349
t1_c8,hf,ensemble,1e-08,26,34,True,-308.25893349
t1_c8,hf,ensemble,1e-08,27,31,True,-308.25893349
t1_c8,hf,ensemble,1e-08,28,29,True,-308.25893349
t1_c8,hf,ensemble,1e-08,29,34,True,-308.25893349
t1_c8,hf,ensemble,1e-08,3,34,True,-308.25893349
t1_c8,hf,ensemble,1e-08,30,31,True,-308.25893349
t1_c8,hf,ensemble,1e-08,4,35,True,-308.25893349
t1_c8,hf,ensemble,1e-08,5,32,True,-308.25893349
t1_c8,hf,ensemble,1e-08,6,39,True,-308.25893349
t1_c8,hf,ensemble,1e-08,7,40,True,-308.25893349
t1_c8,hf,ensemble,1e-08,8,32,True,-308.25893349
t1_c8,hf,ensemble,1e-08,9,28,True,-308.25893349
t1_c8,hf,ensemble,1e-09,1,38,True,-308.25893349
t1_c8,hf,ensemble,1e-09,10,30,True,-308.25893349
t1_c8,hf,ensemble,1e-09,11,32,True,-308.25893349
t1_c8,hf,ensemble,1e-09,12,47,True,-308.25893349
t1_c8,hf,ensemble,1e-09,13,33,True,-308.25893349
t1_c8,hf,ensemble,1e-09,14,30,True,-308.25893349
t1_c8,hf,ensemble,1e-09,15,34,True,-308.25893349
t1_c8,hf,ensemble,1e-09,16,48,True,-308.25893349
t1_c8,hf,ensemble,1e-09,17,34,True,-308.25893349
t1_c8,hf,ensemble,1e-09,18,35,True,-308.25893349
t1_c8,hf,ensemble,1e-09,19,39,True,-308.25893349
t1_c8,hf,ensemble,1e-09,2,36,True,-308.25893349
t1_c8,hf,ensemble,1e-09,20,41,True,-308.25893349
t1_c8,hf,ensemble,1e-09,21,31,True,-308.25893349
t1_c8,hf,ensemble,1e-09,22,32,True,-308.25893349
t1_c8,hf,ensemble,1e-09,23,32,True,-308.25893349
t1_c8,hf,ensemble,1e-09,24,28,True,-308.25893349
t1_c8,hf,ensemble,1e-09,25,29,True,-308.25893349
t1_c8,hf,ensemble,1e-09,26,34,True,-308.25893349
t1_c8,hf,ensemble,1e-09,27,31,True,-308.25893349
t1_c8,hf,ensemble,1e-09,28,29,True,-308.25893349
t1_c8,hf,ensemble,1e-09,29,31,True,-308.25893349
t1_c8,hf,ensemble,1e-09,3,34,True,-308.25893349
t1_c8,hf,ensemble,1e-09,30,32,True,-308.25893349
t1_c8,hf,ensemble,1e-09,4,35,True,-308.25893349
t1_c8,hf,ensemble,1e-09,5,32,True,-308.25893349
t1_c8,hf,ensemble,1e-09,6,38,True,-308.25893349
t1_c8,hf,ensemble,1e-09,7,43,True,-308.25893349
t1_c8,hf,ensemble,1e-09,8,35,True,-308.25893349
t1_c8,hf,ensemble,1e-09,9,28,True,-308.25893349
t1_c8,hf,ensemble,3e-08,1,100,False,-308.25893349
t1_c8,hf,ensemble,3e-08,10,100,False,-308.25893349
t1_c8,hf,ensemble,3e-08,11,100,False,-308.25893349
t1_c8,hf,ensemble,3e-08,12,100,False,-308.25893349
t1_c8,hf,ensemble,3e-08,13,100,False,-308.25893349
t1_c8,hf,ensemble,3e-08,14,100,False,-308.25893349
t1_c8,hf,ensemble,3e-08,15,100,False,-308.25893349
t1_c8,hf,ensemble,3e-08,16,100,False,-308.25893349
t1_c8,hf,ensemble,3e-08,17,100,False,-308.25893349
t1_c8,hf,ensemble,3e-08,18,100,False,-308.25893348
t1_c8,hf,ensemble,3e-08,19,100,False,-308.25893349
t1_c8,hf,ensemble,3e-08,2,100,False,-308.25893349
t1_c8,hf,ensemble,3e-08,20,100,False,-308.25893349
t1_c8,hf,ensemble,3e-08,21,100,False,-308.25893349
t1_c8,hf,ensemble,3e-08,22,100,False,-308.25893349
t1_c8,hf,ensemble,3e-08,23,100,False,-308.25893349
t1_c8,hf,ensemble,3e-08,24,100,False,-308.25893349
t1_c8,hf,ensemble,3e-08,25,100,False,-308.25893349
t1_c8,hf,ensemble,3e-08,26,100,False,-308.25893349
t1_c8,hf,ensemble,3e-08,27,100,False,-308.25893349
t1_c8,hf,ensemble,3e-08,28,100,False,-308.25893349
t1_c8,hf,ensemble,3e-08,29,100,False,-308.25893349
t1_c8,hf,ensemble,3e-08,3,100,False,-308.25893349
t1_c8,hf,ensemble,3e-08,30,100,False,-308.25893349
t1_c8,hf,ensemble,3e-08,4,100,False,-308.25893349
t1_c8,hf,ensemble,3e-08,5,100,False,-308.25893349
t1_c8,hf,ensemble,3e-08,6,100,False,-308.25893349
t1_c8,hf,ensemble,3e-08,7,100,False,-308.25893349
t1_c8,hf,ensemble,3e-08,8,100,False,-308.25893349
t1_c8,hf,ensemble,3e-08,9,100,False,-308.25893349
t1_c8,hf,histqn,0e+00,1,93,True,-308.25893348
t1_c8,hf,histqn,1e-07,1,100,False,-308.25893348
t1_c8,hf,histqn,1e-07,10,100,False,-308.25893348
t1_c8,hf,histqn,1e-07,11,100,False,-308.25893348
t1_c8,hf,histqn,1e-07,12,100,False,-308.25893348
t1_c8,hf,histqn,1e-07,13,100,False,-308.25893348
t1_c8,hf,histqn,1e-07,14,100,False,-308.25893348
t1_c8,hf,histqn,1e-07,15,100,False,-308.25893348
t1_c8,hf,histqn,1e-07,16,100,False,-308.25893348
t1_c8,hf,histqn,1e-07,17,100,False,-308.25893348
t1_c8,hf,histqn,1e-07,18,100,False,-308.25893348
t1_c8,hf,histqn,1e-07,19,100,False,-308.25893348
t1_c8,hf,histqn,1e-07,2,100,False,-308.25893348
t1_c8,hf,histqn,1e-07,20,100,False,-308.25893348
t1_c8,hf,histqn,1e-07,21,100,False,-308.25893348
t1_c8,hf,histqn,1e-07,22,100,False,-308.25893348
t1_c8,hf,histqn,1e-07,23,100,False,-308.25893348
t1_c8,hf,histqn,1e-07,24,100,False,-308.25893348
t1_c8,hf,histqn,1e-07,25,100,False,-308.25893348
t1_c8,hf,histqn,1e-07,26,100,False,-308.25893348
t1_c8,hf,histqn,1e-07,27,100,False,-308.25893348
t1_c8,hf,histqn,1e-07,28,100,False,-308.25893348
t1_c8,hf,histqn,1e-07,29,100,False,-308.25893348
t1_c8,hf,histqn,1e-07,3,100,False,-308.25893348
t1_c8,hf,histqn,1e-07,30,100,False,-308.25893348
t1_c8,hf,histqn,1e-07,4,100,False,-308.25893348
t1_c8,hf,histqn,1e-07,5,100,False,-308.25893348
t1_c8,hf,histqn,1e-07,6,100,False,-308.25893348
t1_c8,hf,histqn,1e-07,7,100,False,-308.25893348
t1_c8,hf,histqn,1e-07,8,100,False,-308.25893348
t1_c8,hf,histqn,1e-07,9,100,False,-308.25893348
t1_c8,hf,histqn,1e-08,1,96,True,-308.25893348
t1_c8,hf,histqn,1e-08,10,95,True,-308.25893348
t1_c8,hf,histqn,1e-08,11,94,True,-308.25893348
t1_c8,hf,histqn,1e-08,12,95,True,-308.25893348
t1_c8,hf,histqn,1e-08,13,94,True,-308.25893348
t1_c8,hf,histqn,1e-08,14,94,True,-308.25893348
t1_c8,hf,histqn,1e-08,15,95,True,-308.25893348
t1_c8,hf,histqn,1e-08,16,94,True,-308.25893348
t1_c8,hf,histqn,1e-08,17,95,True,-308.25893348
t1_c8,hf,histqn,1e-08,18,94,True,-308.25893348
t1_c8,hf,histqn,1e-08,19,95,True,-308.25893348
t1_c8,hf,histqn,1e-08,2,95,True,-308.25893348
t1_c8,hf,histqn,1e-08,20,97,True,-308.25893348
t1_c8,hf,histqn,1e-08,21,96,True,-308.25893348
t1_c8,hf,histqn,1e-08,22,95,True,-308.25893348
t1_c8,hf,histqn,1e-08,23,94,True,-308.25893348
t1_c8,hf,histqn,1e-08,24,96,True,-308.25893348
t1_c8,hf,histqn,1e-08,25,95,True,-308.25893348
t1_c8,hf,histqn,1e-08,26,95,True,-308.25893348
t1_c8,hf,histqn,1e-08,27,94,True,-308.25893348
t1_c8,hf,histqn,1e-08,28,97,True,-308.25893348
t1_c8,hf,histqn,1e-08,29,96,True,-308.25893348
t1_c8,hf,histqn,1e-08,3,94,True,-308.25893348
t1_c8,hf,histqn,1e-08,30,95,True,-308.25893348
t1_c8,hf,histqn,1e-08,4,95,True,-308.25893348
t1_c8,hf,histqn,1e-08,5,94,True,-308.25893348
t1_c8,hf,histqn,1e-08,6,93,True,-308.25893348
t1_c8,hf,histqn,1e-08,7,92,True,-308.25893348
t1_c8,hf,histqn,1e-08,8,95,True,-308.25893348
t1_c8,hf,histqn,1e-08,9,96,True,-308.25893348
t1_c8,hf,histqn,1e-09,1,93,True,-308.25893348
t1_c8,hf,histqn,1e-09,10,93,True,-308.25893348
t1_c8,hf,histqn,1e-09,11,93,True,-308.25893348
t1_c8,hf,histqn,1e-09,12,93,True,-308.25893348
t1_c8,hf,histqn,1e-09,13,93,True,-308.25893348
t1_c8,hf,histqn,1e-09,14,93,True,-308.25893348
t1_c8,hf,histqn,1e-09,15,93,True,-308.25893348
t1_c8,hf,histqn,1e-09,16,93,True,-308.25893348
t1_c8,hf,histqn,1e-09,17,93,True,-308.25893348
t1_c8,hf,histqn,1e-09,18,93,True,-308.25893348
t1_c8,hf,histqn,1e-09,19,93,True,-308.25893348
t1_c8,hf,histqn,1e-09,2,93,True,-308.25893348
t1_c8,hf,histqn,1e-09,20,93,True,-308.25893348
t1_c8,hf,histqn,1e-09,21,93,True,-308.25893348
t1_c8,hf,histqn,1e-09,22,93,True,-308.25893348
t1_c8,hf,histqn,1e-09,23,93,True,-308.25893348
t1_c8,hf,histqn,1e-09,24,93,True,-308.25893348
t1_c8,hf,histqn,1e-09,25,93,True,-308.25893348
t1_c8,hf,histqn,1e-09,26,93,True,-308.25893348
t1_c8,hf,histqn,1e-09,27,93,True,-308.25893348
t1_c8,hf,histqn,1e-09,28,93,True,-308.25893348
t1_c8,hf,histqn,1e-09,29,93,True,-308.25893348
t1_c8,hf,histqn,1e-09,3,93,True,-308.25893348
t1_c8,hf,histqn,1e-09,30,93,True,-308.25893348
t1_c8,hf,histqn,1e-09,4,93,True,-308.25893348
t1_c8,hf,histqn,1e-09,5,93,True,-308.25893348
t1_c8,hf,histqn,1e-09,6,93,True,-308.25893348
t1_c8,hf,histqn,1e-09,7,93,True,-308.25893348
t1_c8,hf,histqn,1e-09,8,93,True,-308.25893348
t1_c8,hf,histqn,1e-09,9,93,True,-308.25893348
t1_c8,hf,histqn,3e-08,1,100,False,-308.25893348
t1_c8,hf,histqn,3e-08,10,100,False,-308.25893348
t1_c8,hf,histqn,3e-08,11,100,False,-308.25893348
t1_c8,hf,histqn,3e-08,12,100,False,-308.25893348
t1_c8,hf,histqn,3e-08,13,100,False,-308.25893348
t1_c8,hf,histqn,3e-08,14,100,False,-308.25893348
t1_c8,hf,histqn,3e-08,15,100,False,-308.25893348
t1_c8,hf,histqn,3e-08,16,100,False,-308.25893348
t1_c8,hf,histqn,3e-08,17,100,False,-308.25893348
t1_c8,hf,histqn,3e-08,18,100,False,-308.25893348
t1_c8,hf,histqn,3e-08,19,100,False,-308.25893348
t1_c8,hf,histqn,3e-08,2,100,False,-308.25893348
t1_c8,hf,histqn,3e-08,20,100,False,-308.25893348
t1_c8,hf,histqn,3e-08,21,100,False,-308.25893348
t1_c8,hf,histqn,3e-08,22,100,False,-308.25893348
t1_c8,hf,histqn,3e-08,23,100,False,-308.25893348
t1_c8,hf,histqn,3e-08,24,100,False,-308.25893348
t1_c8,hf,histqn,3e-08,25,100,False,-308.25893348
t1_c8,hf,histqn,3e-08,26,100,False,-308.25893348
t1_c8,hf,histqn,3e-08,27,100,False,-308.25893348
t1_c8,hf,histqn,3e-08,28,100,False,-308.25893348
t1_c8,hf,histqn,3e-08,29,100,False,-308.25893348
t1_c8,hf,histqn,3e-08,3,100,False,-308.25893348
t1_c8,hf,histqn,3e-08,30,100,False,-308.25893348
t1_c8,hf,histqn,3e-08,4,100,False,-308.25893348
t1_c8,hf,histqn,3e-08,5,100,False,-308.25893348
t1_c8,hf,histqn,3e-08,6,100,False,-308.25893348
t1_c8,hf,histqn,3e-08,7,100,False,-308.25893348
t1_c8,hf,histqn,3e-08,8,100,False,-308.25893348
t1_c8,hf,histqn,3e-08,9,100,False,-308.25893348
t1_c8,hf,soscf,0e+00,1,35,True,-308.25893349
t1_c8,hf,soscf,1e-07,1,100,False,-308.25893348
t1_c8,hf,soscf,1e-07,10,100,False,-308.25893348
t1_c8,hf,soscf,1e-07,11,100,False,-308.25893348
t1_c8,hf,soscf,1e-07,12,100,False,-308.25893348
t1_c8,hf,soscf,1e-07,13,100,False,-308.25893348
t1_c8,hf,soscf,1e-07,14,100,False,-308.25893348
t1_c8,hf,soscf,1e-07,15,100,False,-308.25893348
t1_c8,hf,soscf,1e-07,16,100,False,-308.25893348
t1_c8,hf,soscf,1e-07,17,100,False,-308.25893348
t1_c8,hf,soscf,1e-07,18,100,False,-308.25893348
t1_c8,hf,soscf,1e-07,19,100,False,-308.25893348
t1_c8,hf,soscf,1e-07,2,100,False,-308.25893348
t1_c8,hf,soscf,1e-07,20,100,False,-308.25893348
t1_c8,hf,soscf,1e-07,21,100,False,-308.25893348
t1_c8,hf,soscf,1e-07,22,100,False,-308.25893348
t1_c8,hf,soscf,1e-07,23,100,False,-308.25893348
t1_c8,hf,soscf,1e-07,24,100,False,-308.25893348
t1_c8,hf,soscf,1e-07,25,100,False,-308.25893348
t1_c8,hf,soscf,1e-07,26,100,False,-308.25893348
t1_c8,hf,soscf,1e-07,27,100,False,-308.25893348
t1_c8,hf,soscf,1e-07,28,100,False,-308.25893348
t1_c8,hf,soscf,1e-07,29,100,False,-308.25893348
t1_c8,hf,soscf,1e-07,3,100,False,-308.25893348
t1_c8,hf,soscf,1e-07,30,100,False,-308.25893348
t1_c8,hf,soscf,1e-07,4,100,False,-308.25893348
t1_c8,hf,soscf,1e-07,5,100,False,-308.25893348
t1_c8,hf,soscf,1e-07,6,100,False,-308.25893348
t1_c8,hf,soscf,1e-07,7,100,False,-308.25893348
t1_c8,hf,soscf,1e-07,8,100,False,-308.25893348
t1_c8,hf,soscf,1e-07,9,100,False,-308.25893348
t1_c8,hf,soscf,1e-08,1,53,True,-308.25893349
t1_c8,hf,soscf,1e-08,10,37,True,-308.25893349
t1_c8,hf,soscf,1e-08,11,32,True,-308.25893349
t1_c8,hf,soscf,1e-08,12,35,True,-308.25893349
t1_c8,hf,soscf,1e-08,13,55,True,-308.25893349
t1_c8,hf,soscf,1e-08,14,30,True,-308.25893349
t1_c8,hf,soscf,1e-08,15,29,True,-308.25893349
t1_c8,hf,soscf,1e-08,16,32,True,-308.25893349
t1_c8,hf,soscf,1e-08,17,34,True,-308.25893349
t1_c8,hf,soscf,1e-08,18,32,True,-308.25893349
t1_c8,hf,soscf,1e-08,19,34,True,-308.25893349
t1_c8,hf,soscf,1e-08,2,37,True,-308.25893349
t1_c8,hf,soscf,1e-08,20,44,True,-308.25893349
t1_c8,hf,soscf,1e-08,21,31,True,-308.25893349
t1_c8,hf,soscf,1e-08,22,31,True,-308.25893349
t1_c8,hf,soscf,1e-08,23,30,True,-308.25893349
t1_c8,hf,soscf,1e-08,24,39,True,-308.25893349
t1_c8,hf,soscf,1e-08,25,30,True,-308.25893349
t1_c8,hf,soscf,1e-08,26,34,True,-308.25893349
t1_c8,hf,soscf,1e-08,27,31,True,-308.25893349
t1_c8,hf,soscf,1e-08,28,29,True,-308.25893349
t1_c8,hf,soscf,1e-08,29,34,True,-308.25893349
t1_c8,hf,soscf,1e-08,3,34,True,-308.25893349
t1_c8,hf,soscf,1e-08,30,31,True,-308.25893349
t1_c8,hf,soscf,1e-08,4,35,True,-308.25893349
t1_c8,hf,soscf,1e-08,5,32,True,-308.25893349
t1_c8,hf,soscf,1e-08,6,39,True,-308.25893349
t1_c8,hf,soscf,1e-08,7,40,True,-308.25893349
t1_c8,hf,soscf,1e-08,8,32,True,-308.25893349
t1_c8,hf,soscf,1e-08,9,28,True,-308.25893349
t1_c8,hf,soscf,1e-09,1,38,True,-308.25893349
t1_c8,hf,soscf,1e-09,10,30,True,-308.25893349
t1_c8,hf,soscf,1e-09,11,32,True,-308.25893349
t1_c8,hf,soscf,1e-09,12,47,True,-308.25893349
t1_c8,hf,soscf,1e-09,13,33,True,-308.25893349
t1_c8,hf,soscf,1e-09,14,30,True,-308.25893349
t1_c8,hf,soscf,1e-09,15,34,True,-308.25893349
t1_c8,hf,soscf,1e-09,16,48,True,-308.25893349
t1_c8,hf,soscf,1e-09,17,34,True,-308.25893349
t1_c8,hf,soscf,1e-09,18,35,True,-308.25893349
t1_c8,hf,soscf,1e-09,19,39,True,-308.25893349
t1_c8,hf,soscf,1e-09,2,36,True,-308.25893349
t1_c8,hf,soscf,1e-09,20,41,True,-308.25893349
t1_c8,hf,soscf,1e-09,21,31,True,-308.25893349
t1_c8,hf,soscf,1e-09,22,32,True,-308.25893349
t1_c8,hf,soscf,1e-09,23,32,True,-308.25893349
t1_c8,hf,soscf,1e-09,24,28,True,-308.25893349
t1_c8,hf,soscf,1e-09,25,29,True,-308.25893349
t1_c8,hf,soscf,1e-09,26,34,True,-308.25893349
t1_c8,hf,soscf,1e-09,27,31,True,-308.25893349
t1_c8,hf,soscf,1e-09,28,29,True,-308.25893349
t1_c8,hf,soscf,1e-09,29,31,True,-308.25893349
t1_c8,hf,soscf,1e-09,3,34,True,-308.25893349
t1_c8,hf,soscf,1e-09,30,32,True,-308.25893349
t1_c8,hf,soscf,1e-09,4,35,True,-308.25893349
t1_c8,hf,soscf,1e-09,5,32,True,-308.25893349
t1_c8,hf,soscf,1e-09,6,38,True,-308.25893349
t1_c8,hf,soscf,1e-09,7,43,True,-308.25893349
t1_c8,hf,soscf,1e-09,8,35,True,-308.25893349
t1_c8,hf,soscf,1e-09,9,28,True,-308.25893349
t1_c8,hf,soscf,3e-08,1,100,False,-308.25893349
t1_c8,hf,soscf,3e-08,10,100,False,-308.25893349
t1_c8,hf,soscf,3e-08,11,100,False,-308.25893349
t1_c8,hf,soscf,3e-08,12,100,False,-308.25893349
t1_c8,hf,soscf,3e-08,13,100,False,-308.25893349
t1_c8,hf,soscf,3e-08,14,100,False,-308.25893349
t1_c8,hf,soscf,3e-08,15,100,False,-308.25893349
t1_c8,hf,soscf,3e-08,16,100,False,-308.25893349
t1_c8,hf,soscf,3e-08,17,100,False,-308.25893349
t1_c8,hf,soscf,3e-08,18,100,False,-308.25893348
t1_c8,hf,soscf,3e-08,19,100,False,-308.25893349
t1_c8,hf,soscf,3e-08,2,100,False,-308.25893349
t1_c8,hf,soscf,3e-08,20,100,False,-308.25893349
t1_c8,hf,soscf,3e-08,21,100,False,-308.25893349
t1_c8,hf,soscf,3e-08,22,100,False,-308.25893349
t1_c8,hf,soscf,3e-08,23,100,False,-308.25893349
t1_c8,hf,soscf,3e-08,24,100,False,-308.25893349
t1_c8,hf,soscf,3e-08,25,100,False,-308.25893349
t1_c8,hf,soscf,3e-08,26,100,False,-308.25893349
t1_c8,hf,soscf,3e-08,27,100,False,-308.25893349
t1_c8,hf,soscf,3e-08,28,100,False,-308.25893349
t1_c8,hf,soscf,3e-08,29,100,False,-308.25893349
t1_c8,hf,soscf,3e-08,3,100,False,-308.25893349
t1_c8,hf,soscf,3e-08,30,100,False,-308.25893349
t1_c8,hf,soscf,3e-08,4,100,False,-308.25893349
t1_c8,hf,soscf,3e-08,5,100,False,-308.25893349
t1_c8,hf,soscf,3e-08,6,100,False,-308.25893349
t1_c8,hf,soscf,3e-08,7,100,False,-308.25893349
t1_c8,hf,soscf,3e-08,8,100,False,-308.25893349
t1_c8,hf,soscf,3e-08,9,100,False,-308.25893349
t1_c8,hf,switch,0e+00,1,16,True,-308.25893349
t1_c8,hf,switch,1e-07,1,100,False,-308.25893348
t1_c8,hf,switch,1e-07,10,100,False,-308.25893348
t1_c8,hf,switch,1e-07,11,100,False,-308.25893348
t1_c8,hf,switch,1e-07,12,100,False,-308.25893348
t1_c8,hf,switch,1e-07,13,100,False,-308.25893348
t1_c8,hf,switch,1e-07,14,100,False,-308.25893348
t1_c8,hf,switch,1e-07,15,100,False,-308.25893348
t1_c8,hf,switch,1e-07,16,100,False,-308.25893348
t1_c8,hf,switch,1e-07,17,100,False,-308.25893348
t1_c8,hf,switch,1e-07,18,100,False,-308.25893348
t1_c8,hf,switch,1e-07,19,100,False,-308.25893348
t1_c8,hf,switch,1e-07,2,100,False,-308.25893348
t1_c8,hf,switch,1e-07,20,100,False,-308.25893348
t1_c8,hf,switch,1e-07,21,100,False,-308.25893348
t1_c8,hf,switch,1e-07,22,100,False,-308.25893348
t1_c8,hf,switch,1e-07,23,100,False,-308.25893348
t1_c8,hf,switch,1e-07,24,100,False,-308.25893348
t1_c8,hf,switch,1e-07,25,100,False,-308.25893348
t1_c8,hf,switch,1e-07,26,100,False,-308.25893348
t1_c8,hf,switch,1e-07,27,100,False,-308.25893348
t1_c8,hf,switch,1e-07,28,100,False,-308.25893348
t1_c8,hf,switch,1e-07,29,100,False,-308.25893348
t1_c8,hf,switch,1e-07,3,100,False,-308.25893348
t1_c8,hf,switch,1e-07,30,100,False,-308.25893348
t1_c8,hf,switch,1e-07,4,100,False,-308.25893348
t1_c8,hf,switch,1e-07,5,100,False,-308.25893348
t1_c8,hf,switch,1e-07,6,100,False,-308.25893348
t1_c8,hf,switch,1e-07,7,100,False,-308.25893348
t1_c8,hf,switch,1e-07,8,100,False,-308.25893348
t1_c8,hf,switch,1e-07,9,100,False,-308.25893348
t1_c8,hf,switch,1e-08,1,16,True,-308.25893349
t1_c8,hf,switch,1e-08,10,16,True,-308.25893349
t1_c8,hf,switch,1e-08,11,16,True,-308.25893349
t1_c8,hf,switch,1e-08,12,16,True,-308.25893349
t1_c8,hf,switch,1e-08,13,16,True,-308.25893349
t1_c8,hf,switch,1e-08,14,16,True,-308.25893349
t1_c8,hf,switch,1e-08,15,16,True,-308.25893349
t1_c8,hf,switch,1e-08,16,16,True,-308.25893349
t1_c8,hf,switch,1e-08,17,16,True,-308.25893349
t1_c8,hf,switch,1e-08,18,16,True,-308.25893349
t1_c8,hf,switch,1e-08,19,16,True,-308.25893349
t1_c8,hf,switch,1e-08,2,16,True,-308.25893349
t1_c8,hf,switch,1e-08,20,16,True,-308.25893349
t1_c8,hf,switch,1e-08,21,16,True,-308.25893349
t1_c8,hf,switch,1e-08,22,16,True,-308.25893349
t1_c8,hf,switch,1e-08,23,16,True,-308.25893349
t1_c8,hf,switch,1e-08,24,16,True,-308.25893349
t1_c8,hf,switch,1e-08,25,16,True,-308.25893349
t1_c8,hf,switch,1e-08,26,16,True,-308.25893349
t1_c8,hf,switch,1e-08,27,16,True,-308.25893349
t1_c8,hf,switch,1e-08,28,16,True,-308.25893349
t1_c8,hf,switch,1e-08,29,16,True,-308.25893349
t1_c8,hf,switch,1e-08,3,16,True,-308.25893349
t1_c8,hf,switch,1e-08,30,16,True,-308.25893349
t1_c8,hf,switch,1e-08,4,16,True,-308.25893349
t1_c8,hf,switch,1e-08,5,16,True,-308.25893349
t1_c8,hf,switch,1e-08,6,16,True,-308.25893349
t1_c8,hf,switch,1e-08,7,16,True,-308.25893349
t1_c8,hf,switch,1e-08,8,16,True,-308.25893349
t1_c8,hf,switch,1e-08,9,16,True,-308.25893349
t1_c8,hf,switch,1e-09,1,16,True,-308.25893349
t1_c8,hf,switch,1e-09,10,16,True,-308.25893349
t1_c8,hf,switch,1e-09,11,16,True,-308.25893349
t1_c8,hf,switch,1e-09,12,16,True,-308.25893349
t1_c8,hf,switch,1e-09,13,16,True,-308.25893349
t1_c8,hf,switch,1e-09,14,16,True,-308.25893349
t1_c8,hf,switch,1e-09,15,16,True,-308.25893349
t1_c8,hf,switch,1e-09,16,16,True,-308.25893349
t1_c8,hf,switch,1e-09,17,16,True,-308.25893349
t1_c8,hf,switch,1e-09,18,16,True,-308.25893349
t1_c8,hf,switch,1e-09,19,16,True,-308.25893349
t1_c8,hf,switch,1e-09,2,16,True,-308.25893349
t1_c8,hf,switch,1e-09,20,16,True,-308.25893349
t1_c8,hf,switch,1e-09,21,16,True,-308.25893349
t1_c8,hf,switch,1e-09,22,16,True,-308.25893349
t1_c8,hf,switch,1e-09,23,16,True,-308.25893349
t1_c8,hf,switch,1e-09,24,16,True,-308.25893349
t1_c8,hf,switch,1e-09,25,16,True,-308.25893349
t1_c8,hf,switch,1e-09,26,16,True,-308.25893349
t1_c8,hf,switch,1e-09,27,16,True,-308.25893349
t1_c8,hf,switch,1e-09,28,16,True,-308.25893349
t1_c8,hf,switch,1e-09,29,16,True,-308.25893349
t1_c8,hf,switch,1e-09,3,16,True,-308.25893349
t1_c8,hf,switch,1e-09,30,16,True,-308.25893349
t1_c8,hf,switch,1e-09,4,16,True,-308.25893349
t1_c8,hf,switch,1e-09,5,16,True,-308.25893349
t1_c8,hf,switch,1e-09,6,16,True,-308.25893349
t1_c8,hf,switch,1e-09,7,16,True,-308.25893349
t1_c8,hf,switch,1e-09,8,16,True,-308.25893349
t1_c8,hf,switch,1e-09,9,16,True,-308.25893349
t1_c8,hf,switch,3e-08,1,100,False,-308.25893349
t1_c8,hf,switch,3e-08,10,100,False,-308.25893349
t1_c8,hf,switch,3e-08,11,100,False,-308.25893349
t1_c8,hf,switch,3e-08,12,100,False,-308.25893349
t1_c8,hf,switch,3e-08,13,100,False,-308.25893349
t1_c8,hf,switch,3e-08,14,100,False,-308.25893349
t1_c8,hf,switch,3e-08,15,100,False,-308.25893349
t1_c8,hf,switch,3e-08,16,100,False,-308.25893349
t1_c8,hf,switch,3e-08,17,100,False,-308.25893349
t1_c8,hf,switch,3e-08,18,100,False,-308.25893349
t1_c8,hf,switch,3e-08,19,100,False,-308.25893349
t1_c8,hf,switch,3e-08,2,100,False,-308.25893349
t1_c8,hf,switch,3e-08,20,100,False,-308.25893349
t1_c8,hf,switch,3e-08,21,100,False,-308.25893349
t1_c8,hf,switch,3e-08,22,100,False,-308.25893349
t1_c8,hf,switch,3e-08,23,100,False,-308.25893349
t1_c8,hf,switch,3e-08,24,100,False,-308.25893348
t1_c8,hf,switch,3e-08,25,100,False,-308.25893349
t1_c8,hf,switch,3e-08,26,100,False,-308.25893349
t1_c8,hf,switch,3e-08,27,100,False,-308.25893349
t1_c8,hf,switch,3e-08,28,100,False,-308.25893349
t1_c8,hf,switch,3e-08,29,100,False,-308.25893349
t1_c8,hf,switch,3e-08,3,100,False,-308.25893349
t1_c8,hf,switch,3e-08,30,100,False,-308.25893349
t1_c8,hf,switch,3e-08,4,100,False,-308.25893349
t1_c8,hf,switch,3e-08,5,100,False,-308.25893349
t1_c8,hf,switch,3e-08,6,100,False,-308.25893349
t1_c8,hf,switch,3e-08,7,100,False,-308.25893349
t1_c8,hf,switch,3e-08,8,100,False,-308.25893349
t1_c8,hf,switch,3e-08,9,100,False,-308.25893349
t1_caffeine,b3lyp5,diis,0e+00,1,22,True,-679.52120519
t1_caffeine,b3lyp5,diis,1e-07,1,-1,TIMEOUT,nan
t1_caffeine,b3lyp5,diis,1e-07,10,-1,TIMEOUT,nan
t1_caffeine,b3lyp5,diis,1e-07,11,-1,TIMEOUT,nan
t1_caffeine,b3lyp5,diis,1e-07,12,-1,TIMEOUT,nan
t1_caffeine,b3lyp5,diis,1e-07,13,-1,TIMEOUT,nan
t1_caffeine,b3lyp5,diis,1e-07,14,-1,TIMEOUT,nan
t1_caffeine,b3lyp5,diis,1e-07,15,-1,TIMEOUT,nan
t1_caffeine,b3lyp5,diis,1e-07,16,-1,TIMEOUT,nan
t1_caffeine,b3lyp5,diis,1e-07,17,-1,TIMEOUT,nan
t1_caffeine,b3lyp5,diis,1e-07,18,-1,TIMEOUT,nan
t1_caffeine,b3lyp5,diis,1e-07,19,-1,TIMEOUT,nan
t1_caffeine,b3lyp5,diis,1e-07,2,-1,TIMEOUT,nan
t1_caffeine,b3lyp5,diis,1e-07,20,-1,TIMEOUT,nan
t1_caffeine,b3lyp5,diis,1e-07,21,-1,TIMEOUT,nan
t1_caffeine,b3lyp5,diis,1e-07,22,-1,TIMEOUT,nan
t1_caffeine,b3lyp5,diis,1e-07,23,-1,TIMEOUT,nan
t1_caffeine,b3lyp5,diis,1e-07,24,-1,TIMEOUT,nan
t1_caffeine,b3lyp5,diis,1e-07,25,-1,TIMEOUT,nan
t1_caffeine,b3lyp5,diis,1e-07,26,-1,TIMEOUT,nan
t1_caffeine,b3lyp5,diis,1e-07,27,-1,TIMEOUT,nan
t1_caffeine,b3lyp5,diis,1e-07,28,-1,TIMEOUT,nan
t1_caffeine,b3lyp5,diis,1e-07,29,-1,TIMEOUT,nan
t1_caffeine,b3lyp5,diis,1e-07,3,-1,TIMEOUT,nan
t1_caffeine,b3lyp5,diis,1e-07,30,-1,TIMEOUT,nan
t1_caffeine,b3lyp5,diis,1e-07,4,-1,TIMEOUT,nan
t1_caffeine,b3lyp5,diis,1e-07,5,100,False,-679.52120519
t1_caffeine,b3lyp5,diis,1e-07,6,-1,TIMEOUT,nan
t1_caffeine,b3lyp5,diis,1e-07,7,-1,TIMEOUT,nan
t1_caffeine,b3lyp5,diis,1e-07,8,-1,TIMEOUT,nan
t1_caffeine,b3lyp5,diis,1e-07,9,-1,TIMEOUT,nan
t1_caffeine,b3lyp5,diis,1e-08,1,22,True,-679.52120519
t1_caffeine,b3lyp5,diis,1e-08,10,-1,TIMEOUT,nan
t1_caffeine,b3lyp5,diis,1e-08,11,-1,TIMEOUT,nan
t1_caffeine,b3lyp5,diis,1e-08,12,-1,TIMEOUT,nan
t1_caffeine,b3lyp5,diis,1e-08,13,-1,TIMEOUT,nan
t1_caffeine,b3lyp5,diis,1e-08,14,-1,TIMEOUT,nan
t1_caffeine,b3lyp5,diis,1e-08,15,22,True,-679.52120519
t1_caffeine,b3lyp5,diis,1e-08,16,22,True,-679.52120519
t1_caffeine,b3lyp5,diis,1e-08,17,22,True,-679.52120519
t1_caffeine,b3lyp5,diis,1e-08,18,22,True,-679.52120519
t1_caffeine,b3lyp5,diis,1e-08,19,22,True,-679.52120519
t1_caffeine,b3lyp5,diis,1e-08,2,22,True,-679.52120519
t1_caffeine,b3lyp5,diis,1e-08,20,-1,TIMEOUT,nan
t1_caffeine,b3lyp5,diis,1e-08,21,-1,TIMEOUT,nan
t1_caffeine,b3lyp5,diis,1e-08,22,-1,TIMEOUT,nan
t1_caffeine,b3lyp5,diis,1e-08,23,-1,TIMEOUT,nan
t1_caffeine,b3lyp5,diis,1e-08,24,-1,TIMEOUT,nan
t1_caffeine,b3lyp5,diis,1e-08,25,-1,TIMEOUT,nan
t1_caffeine,b3lyp5,diis,1e-08,26,-1,TIMEOUT,nan
t1_caffeine,b3lyp5,diis,1e-08,27,-1,TIMEOUT,nan
t1_caffeine,b3lyp5,diis,1e-08,28,-1,TIMEOUT,nan
t1_caffeine,b3lyp5,diis,1e-08,29,-1,TIMEOUT,nan
t1_caffeine,b3lyp5,diis,1e-08,3,22,True,-679.52120519
t1_caffeine,b3lyp5,diis,1e-08,30,22,True,-679.52120519
t1_caffeine,b3lyp5,diis,1e-08,4,22,True,-679.52120519
t1_caffeine,b3lyp5,diis,1e-08,5,22,True,-679.52120519
t1_caffeine,b3lyp5,diis,1e-08,6,-1,TIMEOUT,nan
t1_caffeine,b3lyp5,diis,1e-08,7,-1,TIMEOUT,nan
t1_caffeine,b3lyp5,diis,1e-08,8,-1,TIMEOUT,nan
t1_caffeine,b3lyp5,diis,1e-08,9,-1,TIMEOUT,nan
t1_caffeine,b3lyp5,diis,1e-09,1,22,True,-679.52120519
t1_caffeine,b3lyp5,diis,1e-09,10,22,True,-679.52120519
t1_caffeine,b3lyp5,diis,1e-09,11,22,True,-679.52120519
t1_caffeine,b3lyp5,diis,1e-09,12,22,True,-679.52120519
t1_caffeine,b3lyp5,diis,1e-09,13,22,True,-679.52120519
t1_caffeine,b3lyp5,diis,1e-09,14,22,True,-679.52120519
t1_caffeine,b3lyp5,diis,1e-09,15,22,True,-679.52120519
t1_caffeine,b3lyp5,diis,1e-09,16,22,True,-679.52120519
t1_caffeine,b3lyp5,diis,1e-09,17,22,True,-679.52120519
t1_caffeine,b3lyp5,diis,1e-09,18,22,True,-679.52120519
t1_caffeine,b3lyp5,diis,1e-09,19,-1,TIMEOUT,nan
t1_caffeine,b3lyp5,diis,1e-09,2,22,True,-679.52120519
t1_caffeine,b3lyp5,diis,1e-09,20,-1,TIMEOUT,nan
t1_caffeine,b3lyp5,diis,1e-09,21,-1,TIMEOUT,nan
t1_caffeine,b3lyp5,diis,1e-09,22,-1,TIMEOUT,nan
t1_caffeine,b3lyp5,diis,1e-09,23,-1,TIMEOUT,nan
t1_caffeine,b3lyp5,diis,1e-09,24,-1,TIMEOUT,nan
t1_caffeine,b3lyp5,diis,1e-09,25,22,True,-679.52120519
t1_caffeine,b3lyp5,diis,1e-09,26,22,True,-679.52120519
t1_caffeine,b3lyp5,diis,1e-09,27,-1,TIMEOUT,nan
t1_caffeine,b3lyp5,diis,1e-09,28,-1,TIMEOUT,nan
t1_caffeine,b3lyp5,diis,1e-09,29,-1,TIMEOUT,nan
t1_caffeine,b3lyp5,diis,1e-09,3,22,True,-679.52120519
t1_caffeine,b3lyp5,diis,1e-09,30,-1,TIMEOUT,nan
t1_caffeine,b3lyp5,diis,1e-09,4,22,True,-679.52120519
t1_caffeine,b3lyp5,diis,1e-09,5,22,True,-679.52120519
t1_caffeine,b3lyp5,diis,1e-09,6,22,True,-679.52120519
t1_caffeine,b3lyp5,diis,1e-09,7,22,True,-679.52120519
t1_caffeine,b3lyp5,diis,1e-09,8,22,True,-679.52120519
t1_caffeine,b3lyp5,diis,1e-09,9,22,True,-679.52120519
t1_caffeine,b3lyp5,diis,3e-08,1,33,True,-679.52120519
t1_caffeine,b3lyp5,diis,3e-08,10,-1,TIMEOUT,nan
t1_caffeine,b3lyp5,diis,3e-08,11,-1,TIMEOUT,nan
t1_caffeine,b3lyp5,diis,3e-08,12,-1,TIMEOUT,nan
t1_caffeine,b3lyp5,diis,3e-08,13,-1,TIMEOUT,nan
t1_caffeine,b3lyp5,diis,3e-08,14,29,True,-679.52120519
t1_caffeine,b3lyp5,diis,3e-08,15,28,True,-679.52120519
t1_caffeine,b3lyp5,diis,3e-08,16,-1,TIMEOUT,nan
t1_caffeine,b3lyp5,diis,3e-08,17,29,True,-679.52120519
t1_caffeine,b3lyp5,diis,3e-08,18,-1,TIMEOUT,nan
t1_caffeine,b3lyp5,diis,3e-08,19,-1,TIMEOUT,nan
t1_caffeine,b3lyp5,diis,3e-08,2,32,True,-679.52120519
t1_caffeine,b3lyp5,diis,3e-08,20,-1,TIMEOUT,nan
t1_caffeine,b3lyp5,diis,3e-08,21,-1,TIMEOUT,nan
t1_caffeine,b3lyp5,diis,3e-08,22,-1,TIMEOUT,nan
t1_caffeine,b3lyp5,diis,3e-08,23,28,True,-679.52120519
t1_caffeine,b3lyp5,diis,3e-08,24,27,True,-679.52120519
t1_caffeine,b3lyp5,diis,3e-08,25,26,True,-679.52120519
t1_caffeine,b3lyp5,diis,3e-08,26,30,True,-679.52120519
t1_caffeine,b3lyp5,diis,3e-08,27,29,True,-679.52120519
t1_caffeine,b3lyp5,diis,3e-08,28,28,True,-679.52120519
t1_caffeine,b3lyp5,diis,3e-08,29,27,True,-679.52120519
t1_caffeine,b3lyp5,diis,3e-08,3,31,True,-679.52120519
t1_caffeine,b3lyp5,diis,3e-08,30,26,True,-679.52120519
t1_caffeine,b3lyp5,diis,3e-08,4,38,True,-679.52120519
t1_caffeine,b3lyp5,diis,3e-08,5,37,True,-679.52120519
t1_caffeine,b3lyp5,diis,3e-08,6,36,True,-679.52120519
t1_caffeine,b3lyp5,diis,3e-08,7,35,True,-679.52120519
t1_caffeine,b3lyp5,diis,3e-08,8,-1,TIMEOUT,nan
t1_caffeine,b3lyp5,diis,3e-08,9,-1,TIMEOUT,nan
t1_caffeine,b3lyp5,ensemble,0e+00,1,100,False,-678.97273184
t1_caffeine,b3lyp5,ensemble,1e-07,1,-1,TIMEOUT,nan
t1_caffeine,b3lyp5,ensemble,1e-07,10,-1,TIMEOUT,nan
t1_caffeine,b3lyp5,ensemble,1e-07,11,-1,TIMEOUT,nan
t1_caffeine,b3lyp5,ensemble,1e-07,12,-1,TIMEOUT,nan
t1_caffeine,b3lyp5,ensemble,1e-07,13,100,False,-678.46730569
t1_caffeine,b3lyp5,ensemble,1e-07,14,-1,TIMEOUT,nan
t1_caffeine,b3lyp5,ensemble,1e-07,15,-1,TIMEOUT,nan
t1_caffeine,b3lyp5,ensemble,1e-07,16,-1,TIMEOUT,nan
t1_caffeine,b3lyp5,ensemble,1e-07,17,-1,TIMEOUT,nan
t1_caffeine,b3lyp5,ensemble,1e-07,18,-1,TIMEOUT,nan
t1_caffeine,b3lyp5,ensemble,1e-07,19,-1,TIMEOUT,nan
t1_caffeine,b3lyp5,ensemble,1e-07,2,-1,TIMEOUT,nan
t1_caffeine,b3lyp5,ensemble,1e-07,20,-1,TIMEOUT,nan
t1_caffeine,b3lyp5,ensemble,1e-07,21,-1,TIMEOUT,nan
t1_caffeine,b3lyp5,ensemble,1e-07,22,-1,TIMEOUT,nan
t1_caffeine,b3lyp5,ensemble,1e-07,23,-1,TIMEOUT,nan
t1_caffeine,b3lyp5,ensemble,1e-07,24,-1,TIMEOUT,nan
t1_caffeine,b3lyp5,ensemble,1e-07,25,-1,TIMEOUT,nan
t1_caffeine,b3lyp5,ensemble,1e-07,26,-1,TIMEOUT,nan
t1_caffeine,b3lyp5,ensemble,1e-07,27,-1,TIMEOUT,nan
t1_caffeine,b3lyp5,ensemble,1e-07,28,-1,TIMEOUT,nan
t1_caffeine,b3lyp5,ensemble,1e-07,29,-1,TIMEOUT,nan
t1_caffeine,b3lyp5,ensemble,1e-07,3,100,False,-679.17867940
t1_caffeine,b3lyp5,ensemble,1e-07,30,-1,TIMEOUT,nan
t1_caffeine,b3lyp5,ensemble,1e-07,4,100,False,-679.30270609
t1_caffeine,b3lyp5,ensemble,1e-07,5,100,False,-678.86437047
t1_caffeine,b3lyp5,ensemble,1e-07,6,-1,TIMEOUT,nan
t1_caffeine,b3lyp5,ensemble,1e-07,7,-1,TIMEOUT,nan
t1_caffeine,b3lyp5,ensemble,1e-07,8,-1,TIMEOUT,nan
t1_caffeine,b3lyp5,ensemble,1e-07,9,-1,TIMEOUT,nan
t1_caffeine,b3lyp5,ensemble,1e-08,1,-1,TIMEOUT,nan
t1_caffeine,b3lyp5,ensemble,1e-08,10,-1,TIMEOUT,nan
t1_caffeine,b3lyp5,ensemble,1e-08,11,-1,TIMEOUT,nan
t1_caffeine,b3lyp5,ensemble,1e-08,12,-1,TIMEOUT,nan
t1_caffeine,b3lyp5,ensemble,1e-08,13,100,False,-679.11368863
t1_caffeine,b3lyp5,ensemble,1e-08,14,-1,TIMEOUT,nan
t1_caffeine,b3lyp5,ensemble,1e-08,15,-1,TIMEOUT,nan
t1_caffeine,b3lyp5,ensemble,1e-08,16,-1,TIMEOUT,nan
t1_caffeine,b3lyp5,ensemble,1e-08,17,-1,TIMEOUT,nan
t1_caffeine,b3lyp5,ensemble,1e-08,18,-1,TIMEOUT,nan
t1_caffeine,b3lyp5,ensemble,1e-08,19,-1,TIMEOUT,nan
t1_caffeine,b3lyp5,ensemble,1e-08,2,-1,TIMEOUT,nan
t1_caffeine,b3lyp5,ensemble,1e-08,20,-1,TIMEOUT,nan
t1_caffeine,b3lyp5,ensemble,1e-08,21,-1,TIMEOUT,nan
t1_caffeine,b3lyp5,ensemble,1e-08,22,-1,TIMEOUT,nan
t1_caffeine,b3lyp5,ensemble,1e-08,23,-1,TIMEOUT,nan
t1_caffeine,b3lyp5,ensemble,1e-08,24,-1,TIMEOUT,nan
t1_caffeine,b3lyp5,ensemble,1e-08,25,-1,TIMEOUT,nan
t1_caffeine,b3lyp5,ensemble,1e-08,26,-1,TIMEOUT,nan
t1_caffeine,b3lyp5,ensemble,1e-08,27,-1,TIMEOUT,nan
t1_caffeine,b3lyp5,ensemble,1e-08,28,-1,TIMEOUT,nan
t1_caffeine,b3lyp5,ensemble,1e-08,29,-1,TIMEOUT,nan
t1_caffeine,b3lyp5,ensemble,1e-08,3,-1,TIMEOUT,nan
t1_caffeine,b3lyp5,ensemble,1e-08,30,-1,TIMEOUT,nan
t1_caffeine,b3lyp5,ensemble,1e-08,4,-1,TIMEOUT,nan
t1_caffeine,b3lyp5,ensemble,1e-08,5,-1,TIMEOUT,nan
t1_caffeine,b3lyp5,ensemble,1e-08,6,-1,TIMEOUT,nan
t1_caffeine,b3lyp5,ensemble,1e-08,7,-1,TIMEOUT,nan
t1_caffeine,b3lyp5,ensemble,1e-08,8,-1,TIMEOUT,nan
t1_caffeine,b3lyp5,ensemble,1e-08,9,-1,TIMEOUT,nan
t1_caffeine,b3lyp5,ensemble,1e-09,1,-1,TIMEOUT,nan
t1_caffeine,b3lyp5,ensemble,1e-09,10,-1,TIMEOUT,nan
t1_caffeine,b3lyp5,ensemble,1e-09,11,-1,TIMEOUT,nan
t1_caffeine,b3lyp5,ensemble,1e-09,12,-1,TIMEOUT,nan
t1_caffeine,b3lyp5,ensemble,1e-09,13,-1,TIMEOUT,nan
t1_caffeine,b3lyp5,ensemble,1e-09,14,-1,TIMEOUT,nan
t1_caffeine,b3lyp5,ensemble,1e-09,15,-1,TIMEOUT,nan
t1_caffeine,b3lyp5,ensemble,1e-09,16,-1,TIMEOUT,nan
t1_caffeine,b3lyp5,ensemble,1e-09,17,-1,TIMEOUT,nan
t1_caffeine,b3lyp5,ensemble,1e-09,18,-1,TIMEOUT,nan
t1_caffeine,b3lyp5,ensemble,1e-09,19,-1,TIMEOUT,nan
t1_caffeine,b3lyp5,ensemble,1e-09,2,-1,TIMEOUT,nan
t1_caffeine,b3lyp5,ensemble,1e-09,20,-1,TIMEOUT,nan
t1_caffeine,b3lyp5,ensemble,1e-09,21,-1,TIMEOUT,nan
t1_caffeine,b3lyp5,ensemble,1e-09,22,-1,TIMEOUT,nan
t1_caffeine,b3lyp5,ensemble,1e-09,23,86,True,-679.52120519
t1_caffeine,b3lyp5,ensemble,1e-09,24,-1,TIMEOUT,nan
t1_caffeine,b3lyp5,ensemble,1e-09,25,-1,TIMEOUT,nan
t1_caffeine,b3lyp5,ensemble,1e-09,26,-1,TIMEOUT,nan
t1_caffeine,b3lyp5,ensemble,1e-09,27,-1,TIMEOUT,nan
t1_caffeine,b3lyp5,ensemble,1e-09,28,-1,TIMEOUT,nan
t1_caffeine,b3lyp5,ensemble,1e-09,29,-1,TIMEOUT,nan
t1_caffeine,b3lyp5,ensemble,1e-09,3,100,False,-679.43315916
t1_caffeine,b3lyp5,ensemble,1e-09,30,-1,TIMEOUT,nan
t1_caffeine,b3lyp5,ensemble,1e-09,4,-1,TIMEOUT,nan
t1_caffeine,b3lyp5,ensemble,1e-09,5,-1,TIMEOUT,nan
t1_caffeine,b3lyp5,ensemble,1e-09,6,-1,TIMEOUT,nan
t1_caffeine,b3lyp5,ensemble,1e-09,7,-1,TIMEOUT,nan
t1_caffeine,b3lyp5,ensemble,1e-09,8,-1,TIMEOUT,nan
t1_caffeine,b3lyp5,ensemble,1e-09,9,-1,TIMEOUT,nan
t1_caffeine,b3lyp5,ensemble,3e-08,1,-1,TIMEOUT,nan
t1_caffeine,b3lyp5,ensemble,3e-08,10,-1,TIMEOUT,nan
t1_caffeine,b3lyp5,ensemble,3e-08,11,-1,TIMEOUT,nan
t1_caffeine,b3lyp5,ensemble,3e-08,12,-1,TIMEOUT,nan
t1_caffeine,b3lyp5,ensemble,3e-08,13,-1,TIMEOUT,nan
t1_caffeine,b3lyp5,ensemble,3e-08,14,-1,TIMEOUT,nan
t1_caffeine,b3lyp5,ensemble,3e-08,15,-1,TIMEOUT,nan
t1_caffeine,b3lyp5,ensemble,3e-08,16,-1,TIMEOUT,nan
t1_caffeine,b3lyp5,ensemble,3e-08,17,-1,TIMEOUT,nan
t1_caffeine,b3lyp5,ensemble,3e-08,18,-1,TIMEOUT,nan
t1_caffeine,b3lyp5,ensemble,3e-08,19,-1,TIMEOUT,nan
t1_caffeine,b3lyp5,ensemble,3e-08,2,-1,TIMEOUT,nan
t1_caffeine,b3lyp5,ensemble,3e-08,20,-1,TIMEOUT,nan
t1_caffeine,b3lyp5,ensemble,3e-08,21,-1,TIMEOUT,nan
t1_caffeine,b3lyp5,ensemble,3e-08,22,-1,TIMEOUT,nan
t1_caffeine,b3lyp5,ensemble,3e-08,23,100,False,-679.52120519
t1_caffeine,b3lyp5,ensemble,3e-08,24,-1,TIMEOUT,nan
t1_caffeine,b3lyp5,ensemble,3e-08,25,-1,TIMEOUT,nan
t1_caffeine,b3lyp5,ensemble,3e-08,26,-1,TIMEOUT,nan
t1_caffeine,b3lyp5,ensemble,3e-08,27,-1,TIMEOUT,nan
t1_caffeine,b3lyp5,ensemble,3e-08,28,-1,TIMEOUT,nan
t1_caffeine,b3lyp5,ensemble,3e-08,29,-1,TIMEOUT,nan
t1_caffeine,b3lyp5,ensemble,3e-08,3,100,False,-679.14600084
t1_caffeine,b3lyp5,ensemble,3e-08,30,-1,TIMEOUT,nan
t1_caffeine,b3lyp5,ensemble,3e-08,4,-1,TIMEOUT,nan
t1_caffeine,b3lyp5,ensemble,3e-08,5,-1,TIMEOUT,nan
t1_caffeine,b3lyp5,ensemble,3e-08,6,-1,TIMEOUT,nan
t1_caffeine,b3lyp5,ensemble,3e-08,7,-1,TIMEOUT,nan
t1_caffeine,b3lyp5,ensemble,3e-08,8,-1,TIMEOUT,nan
t1_caffeine,b3lyp5,ensemble,3e-08,9,-1,TIMEOUT,nan
t1_caffeine,b3lyp5,histqn,0e+00,1,35,True,-679.52120519
t1_caffeine,b3lyp5,histqn,1e-07,1,100,False,-679.52120519
t1_caffeine,b3lyp5,histqn,1e-07,10,-1,TIMEOUT,nan
t1_caffeine,b3lyp5,histqn,1e-07,11,-1,TIMEOUT,nan
t1_caffeine,b3lyp5,histqn,1e-07,12,-1,TIMEOUT,nan
t1_caffeine,b3lyp5,histqn,1e-07,13,-1,TIMEOUT,nan
t1_caffeine,b3lyp5,histqn,1e-07,14,-1,TIMEOUT,nan
t1_caffeine,b3lyp5,histqn,1e-07,15,-1,TIMEOUT,nan
t1_caffeine,b3lyp5,histqn,1e-07,16,-1,TIMEOUT,nan
t1_caffeine,b3lyp5,histqn,1e-07,17,-1,TIMEOUT,nan
t1_caffeine,b3lyp5,histqn,1e-07,18,-1,TIMEOUT,nan
t1_caffeine,b3lyp5,histqn,1e-07,19,-1,TIMEOUT,nan
t1_caffeine,b3lyp5,histqn,1e-07,2,100,False,-679.52120519
t1_caffeine,b3lyp5,histqn,1e-07,20,-1,TIMEOUT,nan
t1_caffeine,b3lyp5,histqn,1e-07,21,-1,TIMEOUT,nan
t1_caffeine,b3lyp5,histqn,1e-07,22,-1,TIMEOUT,nan
t1_caffeine,b3lyp5,histqn,1e-07,23,-1,TIMEOUT,nan
t1_caffeine,b3lyp5,histqn,1e-07,24,-1,TIMEOUT,nan
t1_caffeine,b3lyp5,histqn,1e-07,25,-1,TIMEOUT,nan
t1_caffeine,b3lyp5,histqn,1e-07,26,-1,TIMEOUT,nan
t1_caffeine,b3lyp5,histqn,1e-07,27,-1,TIMEOUT,nan
t1_caffeine,b3lyp5,histqn,1e-07,28,-1,TIMEOUT,nan
t1_caffeine,b3lyp5,histqn,1e-07,29,-1,TIMEOUT,nan
t1_caffeine,b3lyp5,histqn,1e-07,3,100,False,-679.52120519
t1_caffeine,b3lyp5,histqn,1e-07,30,-1,TIMEOUT,nan
t1_caffeine,b3lyp5,histqn,1e-07,4,-1,TIMEOUT,nan
t1_caffeine,b3lyp5,histqn,1e-07,5,-1,TIMEOUT,nan
t1_caffeine,b3lyp5,histqn,1e-07,6,-1,TIMEOUT,nan
t1_caffeine,b3lyp5,histqn,1e-07,7,-1,TIMEOUT,nan
t1_caffeine,b3lyp5,histqn,1e-07,8,-1,TIMEOUT,nan
t1_caffeine,b3lyp5,histqn,1e-07,9,-1,TIMEOUT,nan
t1_caffeine,b3lyp5,histqn,1e-08,1,39,True,-679.52120519
t1_caffeine,b3lyp5,histqn,1e-08,10,-1,TIMEOUT,nan
t1_caffeine,b3lyp5,histqn,1e-08,11,38,True,-679.52120519
t1_caffeine,b3lyp5,histqn,1e-08,12,35,True,-679.52120519
t1_caffeine,b3lyp5,histqn,1e-08,13,-1,TIMEOUT,nan
t1_caffeine,b3lyp5,histqn,1e-08,14,-1,TIMEOUT,nan
t1_caffeine,b3lyp5,histqn,1e-08,15,-1,TIMEOUT,nan
t1_caffeine,b3lyp5,histqn,1e-08,16,-1,TIMEOUT,nan
t1_caffeine,b3lyp5,histqn,1e-08,17,-1,TIMEOUT,nan
t1_caffeine,b3lyp5,histqn,1e-08,18,-1,TIMEOUT,nan
t1_caffeine,b3lyp5,histqn,1e-08,19,-1,TIMEOUT,nan
t1_caffeine,b3lyp5,histqn,1e-08,2,39,True,-679.52120519
t1_caffeine,b3lyp5,histqn,1e-08,20,-1,TIMEOUT,nan
t1_caffeine,b3lyp5,histqn,1e-08,21,-1,TIMEOUT,nan
t1_caffeine,b3lyp5,histqn,1e-08,22,-1,TIMEOUT,nan
t1_caffeine,b3lyp5,histqn,1e-08,23,-1,TIMEOUT,nan
t1_caffeine,b3lyp5,histqn,1e-08,24,-1,TIMEOUT,nan
t1_caffeine,b3lyp5,histqn,1e-08,25,-1,TIMEOUT,nan
t1_caffeine,b3lyp5,histqn,1e-08,26,-1,TIMEOUT,nan
t1_caffeine,b3lyp5,histqn,1e-08,27,-1,TIMEOUT,nan
t1_caffeine,b3lyp5,histqn,1e-08,28,-1,TIMEOUT,nan
t1_caffeine,b3lyp5,histqn,1e-08,29,-1,TIMEOUT,nan
t1_caffeine,b3lyp5,histqn,1e-08,3,35,True,-679.52120519
t1_caffeine,b3lyp5,histqn,1e-08,30,-1,TIMEOUT,nan
t1_caffeine,b3lyp5,histqn,1e-08,4,35,True,-679.52120519
t1_caffeine,b3lyp5,histqn,1e-08,5,34,True,-679.52120519
t1_caffeine,b3lyp5,histqn,1e-08,6,-1,TIMEOUT,nan
t1_caffeine,b3lyp5,histqn,1e-08,7,-1,TIMEOUT,nan
t1_caffeine,b3lyp5,histqn,1e-08,8,-1,TIMEOUT,nan
t1_caffeine,b3lyp5,histqn,1e-08,9,-1,TIMEOUT,nan
t1_caffeine,b3lyp5,histqn,1e-09,1,35,True,-679.52120519
t1_caffeine,b3lyp5,histqn,1e-09,10,-1,TIMEOUT,nan
t1_caffeine,b3lyp5,histqn,1e-09,11,-1,TIMEOUT,nan
t1_caffeine,b3lyp5,histqn,1e-09,12,-1,TIMEOUT,nan
t1_caffeine,b3lyp5,histqn,1e-09,13,-1,TIMEOUT,nan
t1_caffeine,b3lyp5,histqn,1e-09,14,-1,TIMEOUT,nan
t1_caffeine,b3lyp5,histqn,1e-09,15,-1,TIMEOUT,nan
t1_caffeine,b3lyp5,histqn,1e-09,16,-1,TIMEOUT,nan
t1_caffeine,b3lyp5,histqn,1e-09,17,-1,TIMEOUT,nan
t1_caffeine,b3lyp5,histqn,1e-09,18,-1,TIMEOUT,nan
t1_caffeine,b3lyp5,histqn,1e-09,19,-1,TIMEOUT,nan
t1_caffeine,b3lyp5,histqn,1e-09,2,35,True,-679.52120519
t1_caffeine,b3lyp5,histqn,1e-09,20,-1,TIMEOUT,nan
t1_caffeine,b3lyp5,histqn,1e-09,21,35,True,-679.52120519
t1_caffeine,b3lyp5,histqn,1e-09,22,33,True,-679.52120519
t1_caffeine,b3lyp5,histqn,1e-09,23,35,True,-679.52120519
t1_caffeine,b3lyp5,histqn,1e-09,24,-1,TIMEOUT,nan
t1_caffeine,b3lyp5,histqn,1e-09,25,-1,TIMEOUT,nan
t1_caffeine,b3lyp5,histqn,1e-09,26,-1,TIMEOUT,nan
t1_caffeine,b3lyp5,histqn,1e-09,27,-1,TIMEOUT,nan
t1_caffeine,b3lyp5,histqn,1e-09,28,-1,TIMEOUT,nan
t1_caffeine,b3lyp5,histqn,1e-09,29,-1,TIMEOUT,nan
t1_caffeine,b3lyp5,histqn,1e-09,3,-1,TIMEOUT,nan
t1_caffeine,b3lyp5,histqn,1e-09,30,-1,TIMEOUT,nan
t1_caffeine,b3lyp5,histqn,1e-09,4,-1,TIMEOUT,nan
t1_caffeine,b3lyp5,histqn,1e-09,5,-1,TIMEOUT,nan
t1_caffeine,b3lyp5,histqn,1e-09,6,-1,TIMEOUT,nan
t1_caffeine,b3lyp5,histqn,1e-09,7,-1,TIMEOUT,nan
t1_caffeine,b3lyp5,histqn,1e-09,8,-1,TIMEOUT,nan
t1_caffeine,b3lyp5,histqn,1e-09,9,-1,TIMEOUT,nan
t1_caffeine,b3lyp5,histqn,3e-08,1,100,False,-679.52120519
t1_caffeine,b3lyp5,histqn,3e-08,10,-1,TIMEOUT,nan
t1_caffeine,b3lyp5,histqn,3e-08,11,-1,TIMEOUT,nan
t1_caffeine,b3lyp5,histqn,3e-08,12,-1,TIMEOUT,nan
t1_caffeine,b3lyp5,histqn,3e-08,13,-1,TIMEOUT,nan
t1_caffeine,b3lyp5,histqn,3e-08,14,-1,TIMEOUT,nan
t1_caffeine,b3lyp5,histqn,3e-08,15,-1,TIMEOUT,nan
t1_caffeine,b3lyp5,histqn,3e-08,16,-1,TIMEOUT,nan
t1_caffeine,b3lyp5,histqn,3e-08,17,-1,TIMEOUT,nan
t1_caffeine,b3lyp5,histqn,3e-08,18,-1,TIMEOUT,nan
t1_caffeine,b3lyp5,histqn,3e-08,19,-1,TIMEOUT,nan
t1_caffeine,b3lyp5,histqn,3e-08,2,-1,TIMEOUT,nan
t1_caffeine,b3lyp5,histqn,3e-08,20,-1,TIMEOUT,nan
t1_caffeine,b3lyp5,histqn,3e-08,21,-1,TIMEOUT,nan
t1_caffeine,b3lyp5,histqn,3e-08,22,-1,TIMEOUT,nan
t1_caffeine,b3lyp5,histqn,3e-08,23,-1,TIMEOUT,nan
t1_caffeine,b3lyp5,histqn,3e-08,24,-1,TIMEOUT,nan
t1_caffeine,b3lyp5,histqn,3e-08,25,-1,TIMEOUT,nan
t1_caffeine,b3lyp5,histqn,3e-08,26,-1,TIMEOUT,nan
t1_caffeine,b3lyp5,histqn,3e-08,27,-1,TIMEOUT,nan
t1_caffeine,b3lyp5,histqn,3e-08,28,-1,TIMEOUT,nan
t1_caffeine,b3lyp5,histqn,3e-08,29,-1,TIMEOUT,nan
t1_caffeine,b3lyp5,histqn,3e-08,3,-1,TIMEOUT,nan
t1_caffeine,b3lyp5,histqn,3e-08,30,-1,TIMEOUT,nan
t1_caffeine,b3lyp5,histqn,3e-08,4,-1,TIMEOUT,nan
t1_caffeine,b3lyp5,histqn,3e-08,5,-1,TIMEOUT,nan
t1_caffeine,b3lyp5,histqn,3e-08,6,-1,TIMEOUT,nan
t1_caffeine,b3lyp5,histqn,3e-08,7,-1,TIMEOUT,nan
t1_caffeine,b3lyp5,histqn,3e-08,8,-1,TIMEOUT,nan
t1_caffeine,b3lyp5,histqn,3e-08,9,-1,TIMEOUT,nan
t1_caffeine,b3lyp5,soscf,0e+00,1,100,False,-679.41224514
t1_caffeine,b3lyp5,soscf,1e-07,1,-1,TIMEOUT,nan
t1_caffeine,b3lyp5,soscf,1e-07,10,-1,TIMEOUT,nan
t1_caffeine,b3lyp5,soscf,1e-07,11,-1,TIMEOUT,nan
t1_caffeine,b3lyp5,soscf,1e-07,12,-1,TIMEOUT,nan
t1_caffeine,b3lyp5,soscf,1e-07,13,-1,TIMEOUT,nan
t1_caffeine,b3lyp5,soscf,1e-07,14,100,False,-679.51139490
t1_caffeine,b3lyp5,soscf,1e-07,15,-1,TIMEOUT,nan
t1_caffeine,b3lyp5,soscf,1e-07,16,-1,TIMEOUT,nan
t1_caffeine,b3lyp5,soscf,1e-07,17,-1,TIMEOUT,nan
t1_caffeine,b3lyp5,soscf,1e-07,18,-1,TIMEOUT,nan
t1_caffeine,b3lyp5,soscf,1e-07,19,-1,TIMEOUT,nan
t1_caffeine,b3lyp5,soscf,1e-07,2,-1,TIMEOUT,nan
t1_caffeine,b3lyp5,soscf,1e-07,20,-1,TIMEOUT,nan
t1_caffeine,b3lyp5,soscf,1e-07,21,-1,TIMEOUT,nan
t1_caffeine,b3lyp5,soscf,1e-07,22,-1,TIMEOUT,nan
t1_caffeine,b3lyp5,soscf,1e-07,23,-1,TIMEOUT,nan
t1_caffeine,b3lyp5,soscf,1e-07,24,-1,TIMEOUT,nan
t1_caffeine,b3lyp5,soscf,1e-07,25,-1,TIMEOUT,nan
t1_caffeine,b3lyp5,soscf,1e-07,26,-1,TIMEOUT,nan
t1_caffeine,b3lyp5,soscf,1e-07,27,-1,TIMEOUT,nan
t1_caffeine,b3lyp5,soscf,1e-07,28,-1,TIMEOUT,nan
t1_caffeine,b3lyp5,soscf,1e-07,29,-1,TIMEOUT,nan
t1_caffeine,b3lyp5,soscf,1e-07,3,-1,TIMEOUT,nan
t1_caffeine,b3lyp5,soscf,1e-07,30,-1,TIMEOUT,nan
t1_caffeine,b3lyp5,soscf,1e-07,4,100,False,-679.30272518
t1_caffeine,b3lyp5,soscf,1e-07,5,100,False,-678.77639726
t1_caffeine,b3lyp5,soscf,1e-07,6,-1,TIMEOUT,nan
t1_caffeine,b3lyp5,soscf,1e-07,7,-1,TIMEOUT,nan
t1_caffeine,b3lyp5,soscf,1e-07,8,-1,TIMEOUT,nan
t1_caffeine,b3lyp5,soscf,1e-07,9,-1,TIMEOUT,nan
t1_caffeine,b3lyp5,soscf,1e-08,1,100,False,-679.51703701
t1_caffeine,b3lyp5,soscf,1e-08,10,-1,TIMEOUT,nan
t1_caffeine,b3lyp5,soscf,1e-08,11,-1,TIMEOUT,nan
t1_caffeine,b3lyp5,soscf,1e-08,12,-1,TIMEOUT,nan
t1_caffeine,b3lyp5,soscf,1e-08,13,-1,TIMEOUT,nan
t1_caffeine,b3lyp5,soscf,1e-08,14,76,True,-679.52120519
t1_caffeine,b3lyp5,soscf,1e-08,15,-1,TIMEOUT,nan
t1_caffeine,b3lyp5,soscf,1e-08,16,-1,TIMEOUT,nan
t1_caffeine,b3lyp5,soscf,1e-08,17,-1,TIMEOUT,nan
t1_caffeine,b3lyp5,soscf,1e-08,18,-1,TIMEOUT,nan
t1_caffeine,b3lyp5,soscf,1e-08,19,-1,TIMEOUT,nan
t1_caffeine,b3lyp5,soscf,1e-08,2,-1,TIMEOUT,nan
t1_caffeine,b3lyp5,soscf,1e-08,20,-1,TIMEOUT,nan
t1_caffeine,b3lyp5,soscf,1e-08,21,-1,TIMEOUT,nan
t1_caffeine,b3lyp5,soscf,1e-08,22,-1,TIMEOUT,nan
t1_caffeine,b3lyp5,soscf,1e-08,23,-1,TIMEOUT,nan
t1_caffeine,b3lyp5,soscf,1e-08,24,-1,TIMEOUT,nan
t1_caffeine,b3lyp5,soscf,1e-08,25,-1,TIMEOUT,nan
t1_caffeine,b3lyp5,soscf,1e-08,26,-1,TIMEOUT,nan
t1_caffeine,b3lyp5,soscf,1e-08,27,-1,TIMEOUT,nan
t1_caffeine,b3lyp5,soscf,1e-08,28,-1,TIMEOUT,nan
t1_caffeine,b3lyp5,soscf,1e-08,29,-1,TIMEOUT,nan
t1_caffeine,b3lyp5,soscf,1e-08,3,-1,TIMEOUT,nan
t1_caffeine,b3lyp5,soscf,1e-08,30,-1,TIMEOUT,nan
t1_caffeine,b3lyp5,soscf,1e-08,4,-1,TIMEOUT,nan
t1_caffeine,b3lyp5,soscf,1e-08,5,-1,TIMEOUT,nan
t1_caffeine,b3lyp5,soscf,1e-08,6,-1,TIMEOUT,nan
t1_caffeine,b3lyp5,soscf,1e-08,7,-1,TIMEOUT,nan
t1_caffeine,b3lyp5,soscf,1e-08,8,-1,TIMEOUT,nan
t1_caffeine,b3lyp5,soscf,1e-08,9,-1,TIMEOUT,nan
t1_caffeine,b3lyp5,soscf,1e-09,1,-1,TIMEOUT,nan
t1_caffeine,b3lyp5,soscf,1e-09,10,-1,TIMEOUT,nan
t1_caffeine,b3lyp5,soscf,1e-09,11,-1,TIMEOUT,nan
t1_caffeine,b3lyp5,soscf,1e-09,12,-1,TIMEOUT,nan
t1_caffeine,b3lyp5,soscf,1e-09,13,-1,TIMEOUT,nan
t1_caffeine,b3lyp5,soscf,1e-09,14,-1,TIMEOUT,nan
t1_caffeine,b3lyp5,soscf,1e-09,15,-1,TIMEOUT,nan
t1_caffeine,b3lyp5,soscf,1e-09,16,-1,TIMEOUT,nan
t1_caffeine,b3lyp5,soscf,1e-09,17,-1,TIMEOUT,nan
t1_caffeine,b3lyp5,soscf,1e-09,18,-1,TIMEOUT,nan
t1_caffeine,b3lyp5,soscf,1e-09,19,-1,TIMEOUT,nan
t1_caffeine,b3lyp5,soscf,1e-09,2,-1,TIMEOUT,nan
t1_caffeine,b3lyp5,soscf,1e-09,20,-1,TIMEOUT,nan
t1_caffeine,b3lyp5,soscf,1e-09,21,-1,TIMEOUT,nan
t1_caffeine,b3lyp5,soscf,1e-09,22,-1,TIMEOUT,nan
t1_caffeine,b3lyp5,soscf,1e-09,23,-1,TIMEOUT,nan
t1_caffeine,b3lyp5,soscf,1e-09,24,-1,TIMEOUT,nan
t1_caffeine,b3lyp5,soscf,1e-09,25,-1,TIMEOUT,nan
t1_caffeine,b3lyp5,soscf,1e-09,26,-1,TIMEOUT,nan
t1_caffeine,b3lyp5,soscf,1e-09,27,-1,TIMEOUT,nan
t1_caffeine,b3lyp5,soscf,1e-09,28,-1,TIMEOUT,nan
t1_caffeine,b3lyp5,soscf,1e-09,29,-1,TIMEOUT,nan
t1_caffeine,b3lyp5,soscf,1e-09,3,-1,TIMEOUT,nan
t1_caffeine,b3lyp5,soscf,1e-09,30,-1,TIMEOUT,nan
t1_caffeine,b3lyp5,soscf,1e-09,4,100,False,-679.49943896
t1_caffeine,b3lyp5,soscf,1e-09,5,-1,TIMEOUT,nan
t1_caffeine,b3lyp5,soscf,1e-09,6,-1,TIMEOUT,nan
t1_caffeine,b3lyp5,soscf,1e-09,7,-1,TIMEOUT,nan
t1_caffeine,b3lyp5,soscf,1e-09,8,-1,TIMEOUT,nan
t1_caffeine,b3lyp5,soscf,1e-09,9,-1,TIMEOUT,nan
t1_caffeine,b3lyp5,soscf,3e-08,1,-1,TIMEOUT,nan
t1_caffeine,b3lyp5,soscf,3e-08,10,-1,TIMEOUT,nan
t1_caffeine,b3lyp5,soscf,3e-08,11,-1,TIMEOUT,nan
t1_caffeine,b3lyp5,soscf,3e-08,12,-1,TIMEOUT,nan
t1_caffeine,b3lyp5,soscf,3e-08,13,-1,TIMEOUT,nan
t1_caffeine,b3lyp5,soscf,3e-08,14,-1,TIMEOUT,nan
t1_caffeine,b3lyp5,soscf,3e-08,15,-1,TIMEOUT,nan
t1_caffeine,b3lyp5,soscf,3e-08,16,-1,TIMEOUT,nan
t1_caffeine,b3lyp5,soscf,3e-08,17,-1,TIMEOUT,nan
t1_caffeine,b3lyp5,soscf,3e-08,18,-1,TIMEOUT,nan
t1_caffeine,b3lyp5,soscf,3e-08,19,-1,TIMEOUT,nan
t1_caffeine,b3lyp5,soscf,3e-08,2,-1,TIMEOUT,nan
t1_caffeine,b3lyp5,soscf,3e-08,20,-1,TIMEOUT,nan
t1_caffeine,b3lyp5,soscf,3e-08,21,-1,TIMEOUT,nan
t1_caffeine,b3lyp5,soscf,3e-08,22,-1,TIMEOUT,nan
t1_caffeine,b3lyp5,soscf,3e-08,23,-1,TIMEOUT,nan
t1_caffeine,b3lyp5,soscf,3e-08,24,-1,TIMEOUT,nan
t1_caffeine,b3lyp5,soscf,3e-08,25,-1,TIMEOUT,nan
t1_caffeine,b3lyp5,soscf,3e-08,26,-1,TIMEOUT,nan
t1_caffeine,b3lyp5,soscf,3e-08,27,-1,TIMEOUT,nan
t1_caffeine,b3lyp5,soscf,3e-08,28,-1,TIMEOUT,nan
t1_caffeine,b3lyp5,soscf,3e-08,29,-1,TIMEOUT,nan
t1_caffeine,b3lyp5,soscf,3e-08,3,-1,TIMEOUT,nan
t1_caffeine,b3lyp5,soscf,3e-08,30,-1,TIMEOUT,nan
t1_caffeine,b3lyp5,soscf,3e-08,4,-1,TIMEOUT,nan
t1_caffeine,b3lyp5,soscf,3e-08,5,-1,TIMEOUT,nan
t1_caffeine,b3lyp5,soscf,3e-08,6,-1,TIMEOUT,nan
t1_caffeine,b3lyp5,soscf,3e-08,7,-1,TIMEOUT,nan
t1_caffeine,b3lyp5,soscf,3e-08,8,-1,TIMEOUT,nan
t1_caffeine,b3lyp5,soscf,3e-08,9,-1,TIMEOUT,nan
t1_caffeine,b3lyp5,switch,0e+00,1,24,True,-679.52120519
t1_caffeine,b3lyp5,switch,1e-07,1,-1,TIMEOUT,nan
t1_caffeine,b3lyp5,switch,1e-07,10,-1,TIMEOUT,nan
t1_caffeine,b3lyp5,switch,1e-07,11,-1,TIMEOUT,nan
t1_caffeine,b3lyp5,switch,1e-07,12,-1,TIMEOUT,nan
t1_caffeine,b3lyp5,switch,1e-07,13,-1,TIMEOUT,nan
t1_caffeine,b3lyp5,switch,1e-07,14,-1,TIMEOUT,nan
t1_caffeine,b3lyp5,switch,1e-07,15,-1,TIMEOUT,nan
t1_caffeine,b3lyp5,switch,1e-07,16,-1,TIMEOUT,nan
t1_caffeine,b3lyp5,switch,1e-07,17,-1,TIMEOUT,nan
t1_caffeine,b3lyp5,switch,1e-07,18,-1,TIMEOUT,nan
t1_caffeine,b3lyp5,switch,1e-07,19,-1,TIMEOUT,nan
t1_caffeine,b3lyp5,switch,1e-07,2,100,False,-679.52120519
t1_caffeine,b3lyp5,switch,1e-07,20,-1,TIMEOUT,nan
t1_caffeine,b3lyp5,switch,1e-07,21,-1,TIMEOUT,nan
t1_caffeine,b3lyp5,switch,1e-07,22,-1,TIMEOUT,nan
t1_caffeine,b3lyp5,switch,1e-07,23,-1,TIMEOUT,nan
t1_caffeine,b3lyp5,switch,1e-07,24,-1,TIMEOUT,nan
t1_caffeine,b3lyp5,switch,1e-07,25,-1,TIMEOUT,nan
t1_caffeine,b3lyp5,switch,1e-07,26,-1,TIMEOUT,nan
t1_caffeine,b3lyp5,switch,1e-07,27,-1,TIMEOUT,nan
t1_caffeine,b3lyp5,switch,1e-07,28,-1,TIMEOUT,nan
t1_caffeine,b3lyp5,switch,1e-07,29,-1,TIMEOUT,nan
t1_caffeine,b3lyp5,switch,1e-07,3,100,False,-679.52120519
t1_caffeine,b3lyp5,switch,1e-07,30,-1,TIMEOUT,nan
t1_caffeine,b3lyp5,switch,1e-07,4,100,False,-679.52120519
t1_caffeine,b3lyp5,switch,1e-07,5,-1,TIMEOUT,nan
t1_caffeine,b3lyp5,switch,1e-07,6,-1,TIMEOUT,nan
t1_caffeine,b3lyp5,switch,1e-07,7,-1,TIMEOUT,nan
t1_caffeine,b3lyp5,switch,1e-07,8,-1,TIMEOUT,nan
t1_caffeine,b3lyp5,switch,1e-07,9,-1,TIMEOUT,nan
t1_caffeine,b3lyp5,switch,1e-08,1,24,True,-679.52120519
t1_caffeine,b3lyp5,switch,1e-08,10,24,True,-679.52120519
t1_caffeine,b3lyp5,switch,1e-08,11,24,True,-679.52120519
t1_caffeine,b3lyp5,switch,1e-08,12,24,True,-679.52120519
t1_caffeine,b3lyp5,switch,1e-08,13,24,True,-679.52120519
t1_caffeine,b3lyp5,switch,1e-08,14,24,True,-679.52120519
t1_caffeine,b3lyp5,switch,1e-08,15,24,True,-679.52120519
t1_caffeine,b3lyp5,switch,1e-08,16,24,True,-679.52120519
t1_caffeine,b3lyp5,switch,1e-08,17,24,True,-679.52120519
t1_caffeine,b3lyp5,switch,1e-08,18,24,True,-679.52120519
t1_caffeine,b3lyp5,switch,1e-08,19,24,True,-679.52120519
t1_caffeine,b3lyp5,switch,1e-08,2,24,True,-679.52120519
t1_caffeine,b3lyp5,switch,1e-08,20,24,True,-679.52120519
t1_caffeine,b3lyp5,switch,1e-08,21,24,True,-679.52120519
t1_caffeine,b3lyp5,switch,1e-08,22,24,True,-679.52120519
t1_caffeine,b3lyp5,switch,1e-08,23,24,True,-679.52120519
t1_caffeine,b3lyp5,switch,1e-08,24,24,True,-679.52120519
t1_caffeine,b3lyp5,switch,1e-08,25,24,True,-679.52120519
t1_caffeine,b3lyp5,switch,1e-08,26,24,True,-679.52120519
t1_caffeine,b3lyp5,switch,1e-08,27,24,True,-679.52120519
t1_caffeine,b3lyp5,switch,1e-08,28,24,True,-679.52120519
t1_caffeine,b3lyp5,switch,1e-08,29,24,True,-679.52120519
t1_caffeine,b3lyp5,switch,1e-08,3,24,True,-679.52120519
t1_caffeine,b3lyp5,switch,1e-08,30,24,True,-679.52120519
t1_caffeine,b3lyp5,switch,1e-08,4,24,True,-679.52120519
t1_caffeine,b3lyp5,switch,1e-08,5,24,True,-679.52120519
t1_caffeine,b3lyp5,switch,1e-08,6,24,True,-679.52120519
t1_caffeine,b3lyp5,switch,1e-08,7,24,True,-679.52120519
t1_caffeine,b3lyp5,switch,1e-08,8,24,True,-679.52120519
t1_caffeine,b3lyp5,switch,1e-08,9,24,True,-679.52120519
t1_caffeine,b3lyp5,switch,1e-09,1,-1,TIMEOUT,nan
t1_caffeine,b3lyp5,switch,1e-09,10,-1,TIMEOUT,nan
t1_caffeine,b3lyp5,switch,1e-09,11,-1,TIMEOUT,nan
t1_caffeine,b3lyp5,switch,1e-09,12,-1,TIMEOUT,nan
t1_caffeine,b3lyp5,switch,1e-09,13,-1,TIMEOUT,nan
t1_caffeine,b3lyp5,switch,1e-09,14,-1,TIMEOUT,nan
t1_caffeine,b3lyp5,switch,1e-09,15,-1,TIMEOUT,nan
t1_caffeine,b3lyp5,switch,1e-09,16,-1,TIMEOUT,nan
t1_caffeine,b3lyp5,switch,1e-09,17,-1,TIMEOUT,nan
t1_caffeine,b3lyp5,switch,1e-09,18,-1,TIMEOUT,nan
t1_caffeine,b3lyp5,switch,1e-09,19,-1,TIMEOUT,nan
t1_caffeine,b3lyp5,switch,1e-09,2,24,True,-679.52120519
t1_caffeine,b3lyp5,switch,1e-09,20,-1,TIMEOUT,nan
t1_caffeine,b3lyp5,switch,1e-09,21,-1,TIMEOUT,nan
t1_caffeine,b3lyp5,switch,1e-09,22,24,True,-679.52120519
t1_caffeine,b3lyp5,switch,1e-09,23,24,True,-679.52120519
t1_caffeine,b3lyp5,switch,1e-09,24,24,True,-679.52120519
t1_caffeine,b3lyp5,switch,1e-09,25,24,True,-679.52120519
t1_caffeine,b3lyp5,switch,1e-09,26,-1,TIMEOUT,nan
t1_caffeine,b3lyp5,switch,1e-09,27,-1,TIMEOUT,nan
t1_caffeine,b3lyp5,switch,1e-09,28,-1,TIMEOUT,nan
t1_caffeine,b3lyp5,switch,1e-09,29,-1,TIMEOUT,nan
t1_caffeine,b3lyp5,switch,1e-09,3,24,True,-679.52120519
t1_caffeine,b3lyp5,switch,1e-09,30,-1,TIMEOUT,nan
t1_caffeine,b3lyp5,switch,1e-09,4,24,True,-679.52120519
t1_caffeine,b3lyp5,switch,1e-09,5,24,True,-679.52120519
t1_caffeine,b3lyp5,switch,1e-09,6,-1,TIMEOUT,nan
t1_caffeine,b3lyp5,switch,1e-09,7,-1,TIMEOUT,nan
t1_caffeine,b3lyp5,switch,1e-09,8,-1,TIMEOUT,nan
t1_caffeine,b3lyp5,switch,1e-09,9,-1,TIMEOUT,nan
t1_caffeine,b3lyp5,switch,3e-08,1,-1,TIMEOUT,nan
t1_caffeine,b3lyp5,switch,3e-08,10,-1,TIMEOUT,nan
t1_caffeine,b3lyp5,switch,3e-08,11,-1,TIMEOUT,nan
t1_caffeine,b3lyp5,switch,3e-08,12,-1,TIMEOUT,nan
t1_caffeine,b3lyp5,switch,3e-08,13,-1,TIMEOUT,nan
t1_caffeine,b3lyp5,switch,3e-08,14,-1,TIMEOUT,nan
t1_caffeine,b3lyp5,switch,3e-08,15,-1,TIMEOUT,nan
t1_caffeine,b3lyp5,switch,3e-08,16,-1,TIMEOUT,nan
t1_caffeine,b3lyp5,switch,3e-08,17,-1,TIMEOUT,nan
t1_caffeine,b3lyp5,switch,3e-08,18,-1,TIMEOUT,nan
t1_caffeine,b3lyp5,switch,3e-08,19,-1,TIMEOUT,nan
t1_caffeine,b3lyp5,switch,3e-08,2,100,False,-679.52120519
t1_caffeine,b3lyp5,switch,3e-08,20,-1,TIMEOUT,nan
t1_caffeine,b3lyp5,switch,3e-08,21,-1,TIMEOUT,nan
t1_caffeine,b3lyp5,switch,3e-08,22,100,False,-679.52120519
t1_caffeine,b3lyp5,switch,3e-08,23,-1,TIMEOUT,nan
t1_caffeine,b3lyp5,switch,3e-08,24,-1,TIMEOUT,nan
t1_caffeine,b3lyp5,switch,3e-08,25,-1,TIMEOUT,nan
t1_caffeine,b3lyp5,switch,3e-08,26,-1,TIMEOUT,nan
t1_caffeine,b3lyp5,switch,3e-08,27,-1,TIMEOUT,nan
t1_caffeine,b3lyp5,switch,3e-08,28,-1,TIMEOUT,nan
t1_caffeine,b3lyp5,switch,3e-08,29,-1,TIMEOUT,nan
t1_caffeine,b3lyp5,switch,3e-08,3,-1,TIMEOUT,nan
t1_caffeine,b3lyp5,switch,3e-08,30,-1,TIMEOUT,nan
t1_caffeine,b3lyp5,switch,3e-08,4,-1,TIMEOUT,nan
t1_caffeine,b3lyp5,switch,3e-08,5,-1,TIMEOUT,nan
t1_caffeine,b3lyp5,switch,3e-08,6,-1,TIMEOUT,nan
t1_caffeine,b3lyp5,switch,3e-08,7,-1,TIMEOUT,nan
t1_caffeine,b3lyp5,switch,3e-08,8,-1,TIMEOUT,nan
t1_caffeine,b3lyp5,switch,3e-08,9,-1,TIMEOUT,nan
t1_caffeine,hf,diis,0e+00,1,-1,TIMEOUT,nan
t1_caffeine,hf,diis,1e-07,1,100,False,-675.85811819
t1_caffeine,hf,diis,1e-07,10,-1,TIMEOUT,nan
t1_caffeine,hf,diis,1e-07,11,-1,TIMEOUT,nan
t1_caffeine,hf,diis,1e-07,12,-1,TIMEOUT,nan
t1_caffeine,hf,diis,1e-07,13,-1,TIMEOUT,nan
t1_caffeine,hf,diis,1e-07,14,-1,TIMEOUT,nan
t1_caffeine,hf,diis,1e-07,15,-1,TIMEOUT,nan
t1_caffeine,hf,diis,1e-07,16,-1,TIMEOUT,nan
t1_caffeine,hf,diis,1e-07,17,-1,TIMEOUT,nan
t1_caffeine,hf,diis,1e-07,18,-1,TIMEOUT,nan
t1_caffeine,hf,diis,1e-07,19,-1,TIMEOUT,nan
t1_caffeine,hf,diis,1e-07,2,100,False,-675.85811819
t1_caffeine,hf,diis,1e-07,20,100,False,-675.85811819
t1_caffeine,hf,diis,1e-07,21,-1,TIMEOUT,nan
t1_caffeine,hf,diis,1e-07,22,-1,TIMEOUT,nan
t1_caffeine,hf,diis,1e-07,23,-1,TIMEOUT,nan
t1_caffeine,hf,diis,1e-07,24,-1,TIMEOUT,nan
t1_caffeine,hf,diis,1e-07,25,-1,TIMEOUT,nan
t1_caffeine,hf,diis,1e-07,26,-1,TIMEOUT,nan
t1_caffeine,hf,diis,1e-07,27,-1,TIMEOUT,nan
t1_caffeine,hf,diis,1e-07,28,-1,TIMEOUT,nan
t1_caffeine,hf,diis,1e-07,29,-1,TIMEOUT,nan
t1_caffeine,hf,diis,1e-07,3,100,False,-675.85811819
t1_caffeine,hf,diis,1e-07,30,-1,TIMEOUT,nan
t1_caffeine,hf,diis,1e-07,4,100,False,-675.85811819
t1_caffeine,hf,diis,1e-07,5,-1,TIMEOUT,nan
t1_caffeine,hf,diis,1e-07,6,-1,TIMEOUT,nan
t1_caffeine,hf,diis,1e-07,7,-1,TIMEOUT,nan
t1_caffeine,hf,diis,1e-07,8,-1,TIMEOUT,nan
t1_caffeine,hf,diis,1e-07,9,-1,TIMEOUT,nan
t1_caffeine,hf,diis,1e-08,1,19,True,-675.85811819
t1_caffeine,hf,diis,1e-08,10,19,True,-675.85811819
t1_caffeine,hf,diis,1e-08,11,19,True,-675.85811819
t1_caffeine,hf,diis,1e-08,12,19,True,-675.85811819
t1_caffeine,hf,diis,1e-08,13,19,True,-675.85811819
t1_caffeine,hf,diis,1e-08,14,19,True,-675.85811819
t1_caffeine,hf,diis,1e-08,15,19,True,-675.85811819
t1_caffeine,hf,diis,1e-08,16,19,True,-675.85811819
t1_caffeine,hf,diis,1e-08,17,19,True,-675.85811819
t1_caffeine,hf,diis,1e-08,18,19,True,-675.85811819
t1_caffeine,hf,diis,1e-08,19,19,True,-675.85811819
t1_caffeine,hf,diis,1e-08,2,19,True,-675.85811819
t1_caffeine,hf,diis,1e-08,20,19,True,-675.85811819
t1_caffeine,hf,diis,1e-08,21,19,True,-675.85811819
t1_caffeine,hf,diis,1e-08,22,19,True,-675.85811819
t1_caffeine,hf,diis,1e-08,23,19,True,-675.85811819
t1_caffeine,hf,diis,1e-08,24,19,True,-675.85811819
t1_caffeine,hf,diis,1e-08,25,19,True,-675.85811819
t1_caffeine,hf,diis,1e-08,26,19,True,-675.85811819
t1_caffeine,hf,diis,1e-08,27,19,True,-675.85811819
t1_caffeine,hf,diis,1e-08,28,19,True,-675.85811819
t1_caffeine,hf,diis,1e-08,29,19,True,-675.85811819
t1_caffeine,hf,diis,1e-08,3,19,True,-675.85811819
t1_caffeine,hf,diis,1e-08,30,19,True,-675.85811819
t1_caffeine,hf,diis,1e-08,4,19,True,-675.85811819
t1_caffeine,hf,diis,1e-08,5,19,True,-675.85811819
t1_caffeine,hf,diis,1e-08,6,19,True,-675.85811819
t1_caffeine,hf,diis,1e-08,7,19,True,-675.85811819
t1_caffeine,hf,diis,1e-08,8,19,True,-675.85811819
t1_caffeine,hf,diis,1e-08,9,19,True,-675.85811819
t1_caffeine,hf,diis,1e-09,1,19,True,-675.85811819
t1_caffeine,hf,diis,1e-09,10,19,True,-675.85811819
t1_caffeine,hf,diis,1e-09,11,19,True,-675.85811819
t1_caffeine,hf,diis,1e-09,12,19,True,-675.85811819
t1_caffeine,hf,diis,1e-09,13,19,True,-675.85811819
t1_caffeine,hf,diis,1e-09,14,19,True,-675.85811819
t1_caffeine,hf,diis,1e-09,15,19,True,-675.85811819
t1_caffeine,hf,diis,1e-09,16,19,True,-675.85811819
t1_caffeine,hf,diis,1e-09,17,19,True,-675.85811819
t1_caffeine,hf,diis,1e-09,18,19,True,-675.85811819
t1_caffeine,hf,diis,1e-09,19,19,True,-675.85811819
t1_caffeine,hf,diis,1e-09,2,19,True,-675.85811819
t1_caffeine,hf,diis,1e-09,20,19,True,-675.85811819
t1_caffeine,hf,diis,1e-09,21,19,True,-675.85811819
t1_caffeine,hf,diis,1e-09,22,19,True,-675.85811819
t1_caffeine,hf,diis,1e-09,23,19,True,-675.85811819
t1_caffeine,hf,diis,1e-09,24,19,True,-675.85811819
t1_caffeine,hf,diis,1e-09,25,19,True,-675.85811819
t1_caffeine,hf,diis,1e-09,26,19,True,-675.85811819
t1_caffeine,hf,diis,1e-09,27,19,True,-675.85811819
t1_caffeine,hf,diis,1e-09,28,19,True,-675.85811819
t1_caffeine,hf,diis,1e-09,29,19,True,-675.85811819
t1_caffeine,hf,diis,1e-09,3,19,True,-675.85811819
t1_caffeine,hf,diis,1e-09,30,19,True,-675.85811819
t1_caffeine,hf,diis,1e-09,4,19,True,-675.85811819
t1_caffeine,hf,diis,1e-09,5,19,True,-675.85811819
t1_caffeine,hf,diis,1e-09,6,19,True,-675.85811819
t1_caffeine,hf,diis,1e-09,7,19,True,-675.85811819
t1_caffeine,hf,diis,1e-09,8,19,True,-675.85811819
t1_caffeine,hf,diis,1e-09,9,19,True,-675.85811819
t1_caffeine,hf,diis,3e-08,1,28,True,-675.85811819
t1_caffeine,hf,diis,3e-08,10,32,True,-675.85811819
t1_caffeine,hf,diis,3e-08,11,31,True,-675.85811819
t1_caffeine,hf,diis,3e-08,12,30,True,-675.85811819
t1_caffeine,hf,diis,3e-08,13,29,True,-675.85811819
t1_caffeine,hf,diis,3e-08,14,-1,TIMEOUT,nan
t1_caffeine,hf,diis,3e-08,15,-1,TIMEOUT,nan
t1_caffeine,hf,diis,3e-08,16,-1,TIMEOUT,nan
t1_caffeine,hf,diis,3e-08,17,-1,TIMEOUT,nan
t1_caffeine,hf,diis,3e-08,18,-1,TIMEOUT,nan
t1_caffeine,hf,diis,3e-08,19,-1,TIMEOUT,nan
t1_caffeine,hf,diis,3e-08,2,27,True,-675.85811819
t1_caffeine,hf,diis,3e-08,20,-1,TIMEOUT,nan
t1_caffeine,hf,diis,3e-08,21,-1,TIMEOUT,nan
t1_caffeine,hf,diis,3e-08,22,-1,TIMEOUT,nan
t1_caffeine,hf,diis,3e-08,23,-1,TIMEOUT,nan
t1_caffeine,hf,diis,3e-08,24,-1,TIMEOUT,nan
t1_caffeine,hf,diis,3e-08,25,-1,TIMEOUT,nan
t1_caffeine,hf,diis,3e-08,26,-1,TIMEOUT,nan
t1_caffeine,hf,diis,3e-08,27,-1,TIMEOUT,nan
t1_caffeine,hf,diis,3e-08,28,28,True,-675.85811819
t1_caffeine,hf,diis,3e-08,29,27,True,-675.85811819
t1_caffeine,hf,diis,3e-08,3,31,True,-675.85811819
t1_caffeine,hf,diis,3e-08,30,26,True,-675.85811819
t1_caffeine,hf,diis,3e-08,4,30,True,-675.85811819
t1_caffeine,hf,diis,3e-08,5,29,True,-675.85811819
t1_caffeine,hf,diis,3e-08,6,31,True,-675.85811819
t1_caffeine,hf,diis,3e-08,7,30,True,-675.85811819
t1_caffeine,hf,diis,3e-08,8,29,True,-675.85811819
t1_caffeine,hf,diis,3e-08,9,28,True,-675.85811819
t1_caffeine,hf,ensemble,0e+00,1,-1,TIMEOUT,nan
t1_caffeine,hf,ensemble,1e-07,1,-1,TIMEOUT,nan
t1_caffeine,hf,ensemble,1e-07,10,-1,TIMEOUT,nan
t1_caffeine,hf,ensemble,1e-07,11,-1,TIMEOUT,nan
t1_caffeine,hf,ensemble,1e-07,12,-1,TIMEOUT,nan
t1_caffeine,hf,ensemble,1e-07,13,-1,TIMEOUT,nan
t1_caffeine,hf,ensemble,1e-07,14,-1,TIMEOUT,nan
t1_caffeine,hf,ensemble,1e-07,15,-1,TIMEOUT,nan
t1_caffeine,hf,ensemble,1e-07,16,-1,TIMEOUT,nan
t1_caffeine,hf,ensemble,1e-07,17,-1,TIMEOUT,nan
t1_caffeine,hf,ensemble,1e-07,18,100,False,-675.85811818
t1_caffeine,hf,ensemble,1e-07,19,-1,TIMEOUT,nan
t1_caffeine,hf,ensemble,1e-07,2,-1,TIMEOUT,nan
t1_caffeine,hf,ensemble,1e-07,20,-1,TIMEOUT,nan
t1_caffeine,hf,ensemble,1e-07,21,-1,TIMEOUT,nan
t1_caffeine,hf,ensemble,1e-07,22,-1,TIMEOUT,nan
t1_caffeine,hf,ensemble,1e-07,23,-1,TIMEOUT,nan
t1_caffeine,hf,ensemble,1e-07,24,-1,TIMEOUT,nan
t1_caffeine,hf,ensemble,1e-07,25,-1,TIMEOUT,nan
t1_caffeine,hf,ensemble,1e-07,26,-1,TIMEOUT,nan
t1_caffeine,hf,ensemble,1e-07,27,-1,TIMEOUT,nan
t1_caffeine,hf,ensemble,1e-07,28,-1,TIMEOUT,nan
t1_caffeine,hf,ensemble,1e-07,29,-1,TIMEOUT,nan
t1_caffeine,hf,ensemble,1e-07,3,-1,TIMEOUT,nan
t1_caffeine,hf,ensemble,1e-07,30,-1,TIMEOUT,nan
t1_caffeine,hf,ensemble,1e-07,4,-1,TIMEOUT,nan
t1_caffeine,hf,ensemble,1e-07,5,-1,TIMEOUT,nan
t1_caffeine,hf,ensemble,1e-07,6,-1,TIMEOUT,nan
t1_caffeine,hf,ensemble,1e-07,7,-1,TIMEOUT,nan
t1_caffeine,hf,ensemble,1e-07,8,-1,TIMEOUT,nan
t1_caffeine,hf,ensemble,1e-07,9,-1,TIMEOUT,nan
t1_caffeine,hf,ensemble,1e-08,1,48,True,-675.85811819
t1_caffeine,hf,ensemble,1e-08,10,-1,TIMEOUT,nan
t1_caffeine,hf,ensemble,1e-08,11,-1,TIMEOUT,nan
t1_caffeine,hf,ensemble,1e-08,12,-1,TIMEOUT,nan
t1_caffeine,hf,ensemble,1e-08,13,-1,TIMEOUT,nan
t1_caffeine,hf,ensemble,1e-08,14,-1,TIMEOUT,nan
t1_caffeine,hf,ensemble,1e-08,15,-1,TIMEOUT,nan
t1_caffeine,hf,ensemble,1e-08,16,-1,TIMEOUT,nan
t1_caffeine,hf,ensemble,1e-08,17,-1,TIMEOUT,nan
t1_caffeine,hf,ensemble,1e-08,18,47,True,-675.85811819
t1_caffeine,hf,ensemble,1e-08,19,47,True,-675.85811819
t1_caffeine,hf,ensemble,1e-08,2,47,True,-675.85811819
t1_caffeine,hf,ensemble,1e-08,20,47,True,-675.85811819
t1_caffeine,hf,ensemble,1e-08,21,47,True,-675.85811819
t1_caffeine,hf,ensemble,1e-08,22,47,True,-675.85811819
t1_caffeine,hf,ensemble,1e-08,23,-1,TIMEOUT,nan
t1_caffeine,hf,ensemble,1e-08,24,-1,TIMEOUT,nan
t1_caffeine,hf,ensemble,1e-08,25,-1,TIMEOUT,nan
t1_caffeine,hf,ensemble,1e-08,26,-1,TIMEOUT,nan
t1_caffeine,hf,ensemble,1e-08,27,-1,TIMEOUT,nan
t1_caffeine,hf,ensemble,1e-08,28,-1,TIMEOUT,nan
t1_caffeine,hf,ensemble,1e-08,29,-1,TIMEOUT,nan
t1_caffeine,hf,ensemble,1e-08,3,47,True,-675.85811819
t1_caffeine,hf,ensemble,1e-08,30,-1,TIMEOUT,nan
t1_caffeine,hf,ensemble,1e-08,4,47,True,-675.85811819
t1_caffeine,hf,ensemble,1e-08,5,47,True,-675.85811819
t1_caffeine,hf,ensemble,1e-08,6,-1,TIMEOUT,nan
t1_caffeine,hf,ensemble,1e-08,7,-1,TIMEOUT,nan
t1_caffeine,hf,ensemble,1e-08,8,-1,TIMEOUT,nan
t1_caffeine,hf,ensemble,1e-08,9,-1,TIMEOUT,nan
t1_caffeine,hf,ensemble,1e-09,1,-1,TIMEOUT,nan
t1_caffeine,hf,ensemble,1e-09,10,-1,TIMEOUT,nan
t1_caffeine,hf,ensemble,1e-09,11,-1,TIMEOUT,nan
t1_caffeine,hf,ensemble,1e-09,12,-1,TIMEOUT,nan
t1_caffeine,hf,ensemble,1e-09,13,-1,TIMEOUT,nan
t1_caffeine,hf,ensemble,1e-09,14,-1,TIMEOUT,nan
t1_caffeine,hf,ensemble,1e-09,15,-1,TIMEOUT,nan
t1_caffeine,hf,ensemble,1e-09,16,-1,TIMEOUT,nan
t1_caffeine,hf,ensemble,1e-09,17,-1,TIMEOUT,nan
t1_caffeine,hf,ensemble,1e-09,18,-1,TIMEOUT,nan
t1_caffeine,hf,ensemble,1e-09,19,-1,TIMEOUT,nan
t1_caffeine,hf,ensemble,1e-09,2,-1,TIMEOUT,nan
t1_caffeine,hf,ensemble,1e-09,20,-1,TIMEOUT,nan
t1_caffeine,hf,ensemble,1e-09,21,-1,TIMEOUT,nan
t1_caffeine,hf,ensemble,1e-09,22,-1,TIMEOUT,nan
t1_caffeine,hf,ensemble,1e-09,23,-1,TIMEOUT,nan
t1_caffeine,hf,ensemble,1e-09,24,-1,TIMEOUT,nan
t1_caffeine,hf,ensemble,1e-09,25,-1,TIMEOUT,nan
t1_caffeine,hf,ensemble,1e-09,26,-1,TIMEOUT,nan
t1_caffeine,hf,ensemble,1e-09,27,-1,TIMEOUT,nan
t1_caffeine,hf,ensemble,1e-09,28,47,True,-675.85811819
t1_caffeine,hf,ensemble,1e-09,29,47,True,-675.85811819
t1_caffeine,hf,ensemble,1e-09,3,-1,TIMEOUT,nan
t1_caffeine,hf,ensemble,1e-09,30,47,True,-675.85811819
t1_caffeine,hf,ensemble,1e-09,4,-1,TIMEOUT,nan
t1_caffeine,hf,ensemble,1e-09,5,-1,TIMEOUT,nan
t1_caffeine,hf,ensemble,1e-09,6,-1,TIMEOUT,nan
t1_caffeine,hf,ensemble,1e-09,7,-1,TIMEOUT,nan
t1_caffeine,hf,ensemble,1e-09,8,47,True,-675.85811819
t1_caffeine,hf,ensemble,1e-09,9,47,True,-675.85811819
t1_caffeine,hf,ensemble,3e-08,1,100,False,-675.85811819
t1_caffeine,hf,ensemble,3e-08,10,-1,TIMEOUT,nan
t1_caffeine,hf,ensemble,3e-08,11,-1,TIMEOUT,nan
t1_caffeine,hf,ensemble,3e-08,12,-1,TIMEOUT,nan
t1_caffeine,hf,ensemble,3e-08,13,-1,TIMEOUT,nan
t1_caffeine,hf,ensemble,3e-08,14,-1,TIMEOUT,nan
t1_caffeine,hf,ensemble,3e-08,15,-1,TIMEOUT,nan
t1_caffeine,hf,ensemble,3e-08,16,-1,TIMEOUT,nan
t1_caffeine,hf,ensemble,3e-08,17,-1,TIMEOUT,nan
t1_caffeine,hf,ensemble,3e-08,18,-1,TIMEOUT,nan
t1_caffeine,hf,ensemble,3e-08,19,-1,TIMEOUT,nan
t1_caffeine,hf,ensemble,3e-08,2,100,False,-675.85811819
t1_caffeine,hf,ensemble,3e-08,20,-1,TIMEOUT,nan
t1_caffeine,hf,ensemble,3e-08,21,-1,TIMEOUT,nan
t1_caffeine,hf,ensemble,3e-08,22,-1,TIMEOUT,nan
t1_caffeine,hf,ensemble,3e-08,23,-1,TIMEOUT,nan
t1_caffeine,hf,ensemble,3e-08,24,-1,TIMEOUT,nan
t1_caffeine,hf,ensemble,3e-08,25,-1,TIMEOUT,nan
t1_caffeine,hf,ensemble,3e-08,26,-1,TIMEOUT,nan
t1_caffeine,hf,ensemble,3e-08,27,-1,TIMEOUT,nan
t1_caffeine,hf,ensemble,3e-08,28,100,False,-675.85811819
t1_caffeine,hf,ensemble,3e-08,29,100,False,-675.85811819
t1_caffeine,hf,ensemble,3e-08,3,100,False,-675.85811819
t1_caffeine,hf,ensemble,3e-08,30,-1,TIMEOUT,nan
t1_caffeine,hf,ensemble,3e-08,4,-1,TIMEOUT,nan
t1_caffeine,hf,ensemble,3e-08,5,-1,TIMEOUT,nan
t1_caffeine,hf,ensemble,3e-08,6,-1,TIMEOUT,nan
t1_caffeine,hf,ensemble,3e-08,7,-1,TIMEOUT,nan
t1_caffeine,hf,ensemble,3e-08,8,100,False,-675.85811819
t1_caffeine,hf,ensemble,3e-08,9,100,False,-675.85811819
t1_caffeine,hf,histqn,0e+00,1,-1,TIMEOUT,nan
t1_caffeine,hf,histqn,1e-07,1,-1,TIMEOUT,nan
t1_caffeine,hf,histqn,1e-07,10,-1,TIMEOUT,nan
t1_caffeine,hf,histqn,1e-07,11,-1,TIMEOUT,nan
t1_caffeine,hf,histqn,1e-07,12,-1,TIMEOUT,nan
t1_caffeine,hf,histqn,1e-07,13,-1,TIMEOUT,nan
t1_caffeine,hf,histqn,1e-07,14,-1,TIMEOUT,nan
t1_caffeine,hf,histqn,1e-07,15,-1,TIMEOUT,nan
t1_caffeine,hf,histqn,1e-07,16,100,False,-675.85811818
t1_caffeine,hf,histqn,1e-07,17,100,False,-675.85811818
t1_caffeine,hf,histqn,1e-07,18,-1,TIMEOUT,nan
t1_caffeine,hf,histqn,1e-07,19,-1,TIMEOUT,nan
t1_caffeine,hf,histqn,1e-07,2,-1,TIMEOUT,nan
t1_caffeine,hf,histqn,1e-07,20,-1,TIMEOUT,nan
t1_caffeine,hf,histqn,1e-07,21,-1,TIMEOUT,nan
t1_caffeine,hf,histqn,1e-07,22,-1,TIMEOUT,nan
t1_caffeine,hf,histqn,1e-07,23,-1,TIMEOUT,nan
t1_caffeine,hf,histqn,1e-07,24,-1,TIMEOUT,nan
t1_caffeine,hf,histqn,1e-07,25,-1,TIMEOUT,nan
t1_caffeine,hf,histqn,1e-07,26,-1,TIMEOUT,nan
t1_caffeine,hf,histqn,1e-07,27,-1,TIMEOUT,nan
t1_caffeine,hf,histqn,1e-07,28,-1,TIMEOUT,nan
t1_caffeine,hf,histqn,1e-07,29,-1,TIMEOUT,nan
t1_caffeine,hf,histqn,1e-07,3,-1,TIMEOUT,nan
t1_caffeine,hf,histqn,1e-07,30,-1,TIMEOUT,nan
t1_caffeine,hf,histqn,1e-07,4,-1,TIMEOUT,nan
t1_caffeine,hf,histqn,1e-07,5,-1,TIMEOUT,nan
t1_caffeine,hf,histqn,1e-07,6,-1,TIMEOUT,nan
t1_caffeine,hf,histqn,1e-07,7,-1,TIMEOUT,nan
t1_caffeine,hf,histqn,1e-07,8,-1,TIMEOUT,nan
t1_caffeine,hf,histqn,1e-07,9,-1,TIMEOUT,nan
t1_caffeine,hf,histqn,1e-08,1,100,False,-675.85811818
t1_caffeine,hf,histqn,1e-08,10,-1,TIMEOUT,nan
t1_caffeine,hf,histqn,1e-08,11,-1,TIMEOUT,nan
t1_caffeine,hf,histqn,1e-08,12,-1,TIMEOUT,nan
t1_caffeine,hf,histqn,1e-08,13,-1,TIMEOUT,nan
t1_caffeine,hf,histqn,1e-08,14,-1,TIMEOUT,nan
t1_caffeine,hf,histqn,1e-08,15,-1,TIMEOUT,nan
t1_caffeine,hf,histqn,1e-08,16,100,False,-675.85811818
t1_caffeine,hf,histqn,1e-08,17,100,False,-675.85811818
t1_caffeine,hf,histqn,1e-08,18,-1,TIMEOUT,nan
t1_caffeine,hf,histqn,1e-08,19,-1,TIMEOUT,nan
t1_caffeine,hf,histqn,1e-08,2,100,False,-675.85811818
t1_caffeine,hf,histqn,1e-08,20,-1,TIMEOUT,nan
t1_caffeine,hf,histqn,1e-08,21,-1,TIMEOUT,nan
t1_caffeine,hf,histqn,1e-08,22,-1,TIMEOUT,nan
t1_caffeine,hf,histqn,1e-08,23,-1,TIMEOUT,nan
t1_caffeine,hf,histqn,1e-08,24,-1,TIMEOUT,nan
t1_caffeine,hf,histqn,1e-08,25,-1,TIMEOUT,nan
t1_caffeine,hf,histqn,1e-08,26,-1,TIMEOUT,nan
t1_caffeine,hf,histqn,1e-08,27,-1,TIMEOUT,nan
t1_caffeine,hf,histqn,1e-08,28,-1,TIMEOUT,nan
t1_caffeine,hf,histqn,1e-08,29,-1,TIMEOUT,nan
t1_caffeine,hf,histqn,1e-08,3,100,False,-675.85811818
t1_caffeine,hf,histqn,1e-08,30,-1,TIMEOUT,nan
t1_caffeine,hf,histqn,1e-08,4,100,False,-675.85811818
t1_caffeine,hf,histqn,1e-08,5,100,False,-675.85811818
t1_caffeine,hf,histqn,1e-08,6,-1,TIMEOUT,nan
t1_caffeine,hf,histqn,1e-08,7,-1,TIMEOUT,nan
t1_caffeine,hf,histqn,1e-08,8,-1,TIMEOUT,nan
t1_caffeine,hf,histqn,1e-08,9,-1,TIMEOUT,nan
t1_caffeine,hf,histqn,1e-09,1,-1,TIMEOUT,nan
t1_caffeine,hf,histqn,1e-09,10,-1,TIMEOUT,nan
t1_caffeine,hf,histqn,1e-09,11,-1,TIMEOUT,nan
t1_caffeine,hf,histqn,1e-09,12,-1,TIMEOUT,nan
t1_caffeine,hf,histqn,1e-09,13,-1,TIMEOUT,nan
t1_caffeine,hf,histqn,1e-09,14,-1,TIMEOUT,nan
t1_caffeine,hf,histqn,1e-09,15,-1,TIMEOUT,nan
t1_caffeine,hf,histqn,1e-09,16,-1,TIMEOUT,nan
t1_caffeine,hf,histqn,1e-09,17,-1,TIMEOUT,nan
t1_caffeine,hf,histqn,1e-09,18,-1,TIMEOUT,nan
t1_caffeine,hf,histqn,1e-09,19,-1,TIMEOUT,nan
t1_caffeine,hf,histqn,1e-09,2,-1,TIMEOUT,nan
t1_caffeine,hf,histqn,1e-09,20,-1,TIMEOUT,nan
t1_caffeine,hf,histqn,1e-09,21,-1,TIMEOUT,nan
t1_caffeine,hf,histqn,1e-09,22,-1,TIMEOUT,nan
t1_caffeine,hf,histqn,1e-09,23,-1,TIMEOUT,nan
t1_caffeine,hf,histqn,1e-09,24,-1,TIMEOUT,nan
t1_caffeine,hf,histqn,1e-09,25,-1,TIMEOUT,nan
t1_caffeine,hf,histqn,1e-09,26,100,False,-675.85811818
t1_caffeine,hf,histqn,1e-09,27,100,False,-675.85811818
t1_caffeine,hf,histqn,1e-09,28,-1,TIMEOUT,nan
t1_caffeine,hf,histqn,1e-09,29,-1,TIMEOUT,nan
t1_caffeine,hf,histqn,1e-09,3,-1,TIMEOUT,nan
t1_caffeine,hf,histqn,1e-09,30,-1,TIMEOUT,nan
t1_caffeine,hf,histqn,1e-09,4,-1,TIMEOUT,nan
t1_caffeine,hf,histqn,1e-09,5,-1,TIMEOUT,nan
t1_caffeine,hf,histqn,1e-09,6,100,False,-675.85811818
t1_caffeine,hf,histqn,1e-09,7,100,False,-675.85811818
t1_caffeine,hf,histqn,1e-09,8,-1,TIMEOUT,nan
t1_caffeine,hf,histqn,1e-09,9,-1,TIMEOUT,nan
t1_caffeine,hf,histqn,3e-08,1,-1,TIMEOUT,nan
t1_caffeine,hf,histqn,3e-08,10,-1,TIMEOUT,nan
t1_caffeine,hf,histqn,3e-08,11,-1,TIMEOUT,nan
t1_caffeine,hf,histqn,3e-08,12,-1,TIMEOUT,nan
t1_caffeine,hf,histqn,3e-08,13,-1,TIMEOUT,nan
t1_caffeine,hf,histqn,3e-08,14,-1,TIMEOUT,nan
t1_caffeine,hf,histqn,3e-08,15,-1,TIMEOUT,nan
t1_caffeine,hf,histqn,3e-08,16,-1,TIMEOUT,nan
t1_caffeine,hf,histqn,3e-08,17,-1,TIMEOUT,nan
t1_caffeine,hf,histqn,3e-08,18,-1,TIMEOUT,nan
t1_caffeine,hf,histqn,3e-08,19,-1,TIMEOUT,nan
t1_caffeine,hf,histqn,3e-08,2,-1,TIMEOUT,nan
t1_caffeine,hf,histqn,3e-08,20,-1,TIMEOUT,nan
t1_caffeine,hf,histqn,3e-08,21,-1,TIMEOUT,nan
t1_caffeine,hf,histqn,3e-08,22,-1,TIMEOUT,nan
t1_caffeine,hf,histqn,3e-08,23,-1,TIMEOUT,nan
t1_caffeine,hf,histqn,3e-08,24,-1,TIMEOUT,nan
t1_caffeine,hf,histqn,3e-08,25,-1,TIMEOUT,nan
t1_caffeine,hf,histqn,3e-08,26,100,False,-675.85811818
t1_caffeine,hf,histqn,3e-08,27,100,False,-675.85811818
t1_caffeine,hf,histqn,3e-08,28,-1,TIMEOUT,nan
t1_caffeine,hf,histqn,3e-08,29,-1,TIMEOUT,nan
t1_caffeine,hf,histqn,3e-08,3,-1,TIMEOUT,nan
t1_caffeine,hf,histqn,3e-08,30,-1,TIMEOUT,nan
t1_caffeine,hf,histqn,3e-08,4,-1,TIMEOUT,nan
t1_caffeine,hf,histqn,3e-08,5,-1,TIMEOUT,nan
t1_caffeine,hf,histqn,3e-08,6,100,False,-675.85811818
t1_caffeine,hf,histqn,3e-08,7,100,False,-675.85811818
t1_caffeine,hf,histqn,3e-08,8,-1,TIMEOUT,nan
t1_caffeine,hf,histqn,3e-08,9,-1,TIMEOUT,nan
t1_caffeine,hf,soscf,0e+00,1,-1,TIMEOUT,nan
t1_caffeine,hf,soscf,1e-07,1,-1,TIMEOUT,nan
t1_caffeine,hf,soscf,1e-07,10,-1,TIMEOUT,nan
t1_caffeine,hf,soscf,1e-07,11,-1,TIMEOUT,nan
t1_caffeine,hf,soscf,1e-07,12,-1,TIMEOUT,nan
t1_caffeine,hf,soscf,1e-07,13,-1,TIMEOUT,nan
t1_caffeine,hf,soscf,1e-07,14,-1,TIMEOUT,nan
t1_caffeine,hf,soscf,1e-07,15,-1,TIMEOUT,nan
t1_caffeine,hf,soscf,1e-07,16,-1,TIMEOUT,nan
t1_caffeine,hf,soscf,1e-07,17,-1,TIMEOUT,nan
t1_caffeine,hf,soscf,1e-07,18,-1,TIMEOUT,nan
t1_caffeine,hf,soscf,1e-07,19,100,False,-675.85811819
t1_caffeine,hf,soscf,1e-07,2,-1,TIMEOUT,nan
t1_caffeine,hf,soscf,1e-07,20,-1,TIMEOUT,nan
t1_caffeine,hf,soscf,1e-07,21,-1,TIMEOUT,nan
t1_caffeine,hf,soscf,1e-07,22,-1,TIMEOUT,nan
t1_caffeine,hf,soscf,1e-07,23,-1,TIMEOUT,nan
t1_caffeine,hf,soscf,1e-07,24,-1,TIMEOUT,nan
t1_caffeine,hf,soscf,1e-07,25,-1,TIMEOUT,nan
t1_caffeine,hf,soscf,1e-07,26,-1,TIMEOUT,nan
t1_caffeine,hf,soscf,1e-07,27,-1,TIMEOUT,nan
t1_caffeine,hf,soscf,1e-07,28,-1,TIMEOUT,nan
t1_caffeine,hf,soscf,1e-07,29,-1,TIMEOUT,nan
t1_caffeine,hf,soscf,1e-07,3,-1,TIMEOUT,nan
t1_caffeine,hf,soscf,1e-07,30,-1,TIMEOUT,nan
t1_caffeine,hf,soscf,1e-07,4,-1,TIMEOUT,nan
t1_caffeine,hf,soscf,1e-07,5,-1,TIMEOUT,nan
t1_caffeine,hf,soscf,1e-07,6,-1,TIMEOUT,nan
t1_caffeine,hf,soscf,1e-07,7,-1,TIMEOUT,nan
t1_caffeine,hf,soscf,1e-07,8,-1,TIMEOUT,nan
t1_caffeine,hf,soscf,1e-07,9,-1,TIMEOUT,nan
t1_caffeine,hf,soscf,1e-08,1,-1,TIMEOUT,nan
t1_caffeine,hf,soscf,1e-08,10,47,True,-675.85811819
t1_caffeine,hf,soscf,1e-08,11,47,True,-675.85811819
t1_caffeine,hf,soscf,1e-08,12,47,True,-675.85811819
t1_caffeine,hf,soscf,1e-08,13,47,True,-675.85811819
t1_caffeine,hf,soscf,1e-08,14,47,True,-675.85811819
t1_caffeine,hf,soscf,1e-08,15,47,True,-675.85811819
t1_caffeine,hf,soscf,1e-08,16,47,True,-675.85811819
t1_caffeine,hf,soscf,1e-08,17,47,True,-675.85811819
t1_caffeine,hf,soscf,1e-08,18,47,True,-675.85811819
t1_caffeine,hf,soscf,1e-08,19,47,True,-675.85811819
t1_caffeine,hf,soscf,1e-08,2,-1,TIMEOUT,nan
t1_caffeine,hf,soscf,1e-08,20,47,True,-675.85811819
t1_caffeine,hf,soscf,1e-08,21,47,True,-675.85811819
t1_caffeine,hf,soscf,1e-08,22,47,True,-675.85811819
t1_caffeine,hf,soscf,1e-08,23,47,True,-675.85811819
t1_caffeine,hf,soscf,1e-08,24,-1,TIMEOUT,nan
t1_caffeine,hf,soscf,1e-08,25,-1,TIMEOUT,nan
t1_caffeine,hf,soscf,1e-08,26,-1,TIMEOUT,nan
t1_caffeine,hf,soscf,1e-08,27,-1,TIMEOUT,nan
t1_caffeine,hf,soscf,1e-08,28,-1,TIMEOUT,nan
t1_caffeine,hf,soscf,1e-08,29,-1,TIMEOUT,nan
t1_caffeine,hf,soscf,1e-08,3,-1,TIMEOUT,nan
t1_caffeine,hf,soscf,1e-08,30,-1,TIMEOUT,nan
t1_caffeine,hf,soscf,1e-08,4,47,True,-675.85811819
t1_caffeine,hf,soscf,1e-08,5,47,True,-675.85811819
t1_caffeine,hf,soscf,1e-08,6,47,True,-675.85811819
t1_caffeine,hf,soscf,1e-08,7,47,True,-675.85811819
t1_caffeine,hf,soscf,1e-08,8,47,True,-675.85811819
t1_caffeine,hf,soscf,1e-08,9,47,True,-675.85811819
t1_caffeine,hf,soscf,1e-09,1,-1,TIMEOUT,nan
t1_caffeine,hf,soscf,1e-09,10,47,True,-675.85811819
t1_caffeine,hf,soscf,1e-09,11,-1,TIMEOUT,nan
t1_caffeine,hf,soscf,1e-09,12,-1,TIMEOUT,nan
t1_caffeine,hf,soscf,1e-09,13,-1,TIMEOUT,nan
t1_caffeine,hf,soscf,1e-09,14,-1,TIMEOUT,nan
t1_caffeine,hf,soscf,1e-09,15,-1,TIMEOUT,nan
t1_caffeine,hf,soscf,1e-09,16,-1,TIMEOUT,nan
t1_caffeine,hf,soscf,1e-09,17,-1,TIMEOUT,nan
t1_caffeine,hf,soscf,1e-09,18,-1,TIMEOUT,nan
t1_caffeine,hf,soscf,1e-09,19,-1,TIMEOUT,nan
t1_caffeine,hf,soscf,1e-09,2,-1,TIMEOUT,nan
t1_caffeine,hf,soscf,1e-09,20,-1,TIMEOUT,nan
t1_caffeine,hf,soscf,1e-09,21,-1,TIMEOUT,nan
t1_caffeine,hf,soscf,1e-09,22,-1,TIMEOUT,nan
t1_caffeine,hf,soscf,1e-09,23,-1,TIMEOUT,nan
t1_caffeine,hf,soscf,1e-09,24,-1,TIMEOUT,nan
t1_caffeine,hf,soscf,1e-09,25,-1,TIMEOUT,nan
t1_caffeine,hf,soscf,1e-09,26,-1,TIMEOUT,nan
t1_caffeine,hf,soscf,1e-09,27,-1,TIMEOUT,nan
t1_caffeine,hf,soscf,1e-09,28,-1,TIMEOUT,nan
t1_caffeine,hf,soscf,1e-09,29,47,True,-675.85811819
t1_caffeine,hf,soscf,1e-09,3,-1,TIMEOUT,nan
t1_caffeine,hf,soscf,1e-09,30,47,True,-675.85811819
t1_caffeine,hf,soscf,1e-09,4,-1,TIMEOUT,nan
t1_caffeine,hf,soscf,1e-09,5,-1,TIMEOUT,nan
t1_caffeine,hf,soscf,1e-09,6,-1,TIMEOUT,nan
t1_caffeine,hf,soscf,1e-09,7,-1,TIMEOUT,nan
t1_caffeine,hf,soscf,1e-09,8,-1,TIMEOUT,nan
t1_caffeine,hf,soscf,1e-09,9,47,True,-675.85811819
t1_caffeine,hf,soscf,3e-08,1,100,False,-675.85811819
t1_caffeine,hf,soscf,3e-08,10,100,False,-675.85811819
t1_caffeine,hf,soscf,3e-08,11,-1,TIMEOUT,nan
t1_caffeine,hf,soscf,3e-08,12,-1,TIMEOUT,nan
t1_caffeine,hf,soscf,3e-08,13,-1,TIMEOUT,nan
t1_caffeine,hf,soscf,3e-08,14,-1,TIMEOUT,nan
t1_caffeine,hf,soscf,3e-08,15,-1,TIMEOUT,nan
t1_caffeine,hf,soscf,3e-08,16,-1,TIMEOUT,nan
t1_caffeine,hf,soscf,3e-08,17,-1,TIMEOUT,nan
t1_caffeine,hf,soscf,3e-08,18,-1,TIMEOUT,nan
t1_caffeine,hf,soscf,3e-08,19,-1,TIMEOUT,nan
t1_caffeine,hf,soscf,3e-08,2,100,False,-675.85811819
t1_caffeine,hf,soscf,3e-08,20,-1,TIMEOUT,nan
t1_caffeine,hf,soscf,3e-08,21,-1,TIMEOUT,nan
t1_caffeine,hf,soscf,3e-08,22,-1,TIMEOUT,nan
t1_caffeine,hf,soscf,3e-08,23,-1,TIMEOUT,nan
t1_caffeine,hf,soscf,3e-08,24,-1,TIMEOUT,nan
t1_caffeine,hf,soscf,3e-08,25,-1,TIMEOUT,nan
t1_caffeine,hf,soscf,3e-08,26,-1,TIMEOUT,nan
t1_caffeine,hf,soscf,3e-08,27,-1,TIMEOUT,nan
t1_caffeine,hf,soscf,3e-08,28,-1,TIMEOUT,nan
t1_caffeine,hf,soscf,3e-08,29,100,False,-675.85811819
t1_caffeine,hf,soscf,3e-08,3,100,False,-675.85811819
t1_caffeine,hf,soscf,3e-08,30,-1,TIMEOUT,nan
t1_caffeine,hf,soscf,3e-08,4,100,False,-675.85811819
t1_caffeine,hf,soscf,3e-08,5,-1,TIMEOUT,nan
t1_caffeine,hf,soscf,3e-08,6,-1,TIMEOUT,nan
t1_caffeine,hf,soscf,3e-08,7,-1,TIMEOUT,nan
t1_caffeine,hf,soscf,3e-08,8,-1,TIMEOUT,nan
t1_caffeine,hf,soscf,3e-08,9,100,False,-675.85811819
t1_caffeine,hf,switch,0e+00,1,19,True,-675.85811819
t1_caffeine,hf,switch,1e-07,1,-1,TIMEOUT,nan
t1_caffeine,hf,switch,1e-07,10,-1,TIMEOUT,nan
t1_caffeine,hf,switch,1e-07,11,-1,TIMEOUT,nan
t1_caffeine,hf,switch,1e-07,12,-1,TIMEOUT,nan
t1_caffeine,hf,switch,1e-07,13,-1,TIMEOUT,nan
t1_caffeine,hf,switch,1e-07,14,-1,TIMEOUT,nan
t1_caffeine,hf,switch,1e-07,15,-1,TIMEOUT,nan
t1_caffeine,hf,switch,1e-07,16,-1,TIMEOUT,nan
t1_caffeine,hf,switch,1e-07,17,100,False,-675.85811819
t1_caffeine,hf,switch,1e-07,18,100,False,-675.85811819
t1_caffeine,hf,switch,1e-07,19,-1,TIMEOUT,nan
t1_caffeine,hf,switch,1e-07,2,-1,TIMEOUT,nan
t1_caffeine,hf,switch,1e-07,20,-1,TIMEOUT,nan
t1_caffeine,hf,switch,1e-07,21,-1,TIMEOUT,nan
t1_caffeine,hf,switch,1e-07,22,-1,TIMEOUT,nan
t1_caffeine,hf,switch,1e-07,23,-1,TIMEOUT,nan
t1_caffeine,hf,switch,1e-07,24,-1,TIMEOUT,nan
t1_caffeine,hf,switch,1e-07,25,-1,TIMEOUT,nan
t1_caffeine,hf,switch,1e-07,26,-1,TIMEOUT,nan
t1_caffeine,hf,switch,1e-07,27,-1,TIMEOUT,nan
t1_caffeine,hf,switch,1e-07,28,-1,TIMEOUT,nan
t1_caffeine,hf,switch,1e-07,29,-1,TIMEOUT,nan
t1_caffeine,hf,switch,1e-07,3,-1,TIMEOUT,nan
t1_caffeine,hf,switch,1e-07,30,-1,TIMEOUT,nan
t1_caffeine,hf,switch,1e-07,4,-1,TIMEOUT,nan
t1_caffeine,hf,switch,1e-07,5,-1,TIMEOUT,nan
t1_caffeine,hf,switch,1e-07,6,-1,TIMEOUT,nan
t1_caffeine,hf,switch,1e-07,7,-1,TIMEOUT,nan
t1_caffeine,hf,switch,1e-07,8,-1,TIMEOUT,nan
t1_caffeine,hf,switch,1e-07,9,-1,TIMEOUT,nan
t1_caffeine,hf,switch,1e-08,1,19,True,-675.85811819
t1_caffeine,hf,switch,1e-08,10,19,True,-675.85811819
t1_caffeine,hf,switch,1e-08,11,19,True,-675.85811819
t1_caffeine,hf,switch,1e-08,12,19,True,-675.85811819
t1_caffeine,hf,switch,1e-08,13,19,True,-675.85811819
t1_caffeine,hf,switch,1e-08,14,19,True,-675.85811819
t1_caffeine,hf,switch,1e-08,15,19,True,-675.85811819
t1_caffeine,hf,switch,1e-08,16,19,True,-675.85811819
t1_caffeine,hf,switch,1e-08,17,19,True,-675.85811819
t1_caffeine,hf,switch,1e-08,18,19,True,-675.85811819
t1_caffeine,hf,switch,1e-08,19,19,True,-675.85811819
t1_caffeine,hf,switch,1e-08,2,19,True,-675.85811819
t1_caffeine,hf,switch,1e-08,20,19,True,-675.85811819
t1_caffeine,hf,switch,1e-08,21,19,True,-675.85811819
t1_caffeine,hf,switch,1e-08,22,19,True,-675.85811819
t1_caffeine,hf,switch,1e-08,23,19,True,-675.85811819
t1_caffeine,hf,switch,1e-08,24,19,True,-675.85811819
t1_caffeine,hf,switch,1e-08,25,19,True,-675.85811819
t1_caffeine,hf,switch,1e-08,26,19,True,-675.85811819
t1_caffeine,hf,switch,1e-08,27,19,True,-675.85811819
t1_caffeine,hf,switch,1e-08,28,19,True,-675.85811819
t1_caffeine,hf,switch,1e-08,29,19,True,-675.85811819
t1_caffeine,hf,switch,1e-08,3,19,True,-675.85811819
t1_caffeine,hf,switch,1e-08,30,19,True,-675.85811819
t1_caffeine,hf,switch,1e-08,4,19,True,-675.85811819
t1_caffeine,hf,switch,1e-08,5,19,True,-675.85811819
t1_caffeine,hf,switch,1e-08,6,19,True,-675.85811819
t1_caffeine,hf,switch,1e-08,7,19,True,-675.85811819
t1_caffeine,hf,switch,1e-08,8,19,True,-675.85811819
t1_caffeine,hf,switch,1e-08,9,19,True,-675.85811819
t1_caffeine,hf,switch,1e-09,1,-1,TIMEOUT,nan
t1_caffeine,hf,switch,1e-09,10,19,True,-675.85811819
t1_caffeine,hf,switch,1e-09,11,19,True,-675.85811819
t1_caffeine,hf,switch,1e-09,12,19,True,-675.85811819
t1_caffeine,hf,switch,1e-09,13,19,True,-675.85811819
t1_caffeine,hf,switch,1e-09,14,19,True,-675.85811819
t1_caffeine,hf,switch,1e-09,15,19,True,-675.85811819
t1_caffeine,hf,switch,1e-09,16,19,True,-675.85811819
t1_caffeine,hf,switch,1e-09,17,19,True,-675.85811819
t1_caffeine,hf,switch,1e-09,18,19,True,-675.85811819
t1_caffeine,hf,switch,1e-09,19,19,True,-675.85811819
t1_caffeine,hf,switch,1e-09,2,-1,TIMEOUT,nan
t1_caffeine,hf,switch,1e-09,20,19,True,-675.85811819
t1_caffeine,hf,switch,1e-09,21,19,True,-675.85811819
t1_caffeine,hf,switch,1e-09,22,19,True,-675.85811819
t1_caffeine,hf,switch,1e-09,23,19,True,-675.85811819
t1_caffeine,hf,switch,1e-09,24,19,True,-675.85811819
t1_caffeine,hf,switch,1e-09,25,19,True,-675.85811819
t1_caffeine,hf,switch,1e-09,26,19,True,-675.85811819
t1_caffeine,hf,switch,1e-09,27,19,True,-675.85811819
t1_caffeine,hf,switch,1e-09,28,19,True,-675.85811819
t1_caffeine,hf,switch,1e-09,29,19,True,-675.85811819
t1_caffeine,hf,switch,1e-09,3,19,True,-675.85811819
t1_caffeine,hf,switch,1e-09,30,19,True,-675.85811819
t1_caffeine,hf,switch,1e-09,4,19,True,-675.85811819
t1_caffeine,hf,switch,1e-09,5,19,True,-675.85811819
t1_caffeine,hf,switch,1e-09,6,19,True,-675.85811819
t1_caffeine,hf,switch,1e-09,7,19,True,-675.85811819
t1_caffeine,hf,switch,1e-09,8,19,True,-675.85811819
t1_caffeine,hf,switch,1e-09,9,19,True,-675.85811819
t1_caffeine,hf,switch,3e-08,1,100,False,-675.85811819
t1_caffeine,hf,switch,3e-08,10,-1,TIMEOUT,nan
t1_caffeine,hf,switch,3e-08,11,-1,TIMEOUT,nan
t1_caffeine,hf,switch,3e-08,12,-1,TIMEOUT,nan
t1_caffeine,hf,switch,3e-08,13,-1,TIMEOUT,nan
t1_caffeine,hf,switch,3e-08,14,-1,TIMEOUT,nan
t1_caffeine,hf,switch,3e-08,15,-1,TIMEOUT,nan
t1_caffeine,hf,switch,3e-08,16,-1,TIMEOUT,nan
t1_caffeine,hf,switch,3e-08,17,-1,TIMEOUT,nan
t1_caffeine,hf,switch,3e-08,18,-1,TIMEOUT,nan
t1_caffeine,hf,switch,3e-08,19,-1,TIMEOUT,nan
t1_caffeine,hf,switch,3e-08,2,100,False,-675.85811819
t1_caffeine,hf,switch,3e-08,20,-1,TIMEOUT,nan
t1_caffeine,hf,switch,3e-08,21,-1,TIMEOUT,nan
t1_caffeine,hf,switch,3e-08,22,-1,TIMEOUT,nan
t1_caffeine,hf,switch,3e-08,23,-1,TIMEOUT,nan
t1_caffeine,hf,switch,3e-08,24,-1,TIMEOUT,nan
t1_caffeine,hf,switch,3e-08,25,-1,TIMEOUT,nan
t1_caffeine,hf,switch,3e-08,26,-1,TIMEOUT,nan
t1_caffeine,hf,switch,3e-08,27,100,False,-675.85811819
t1_caffeine,hf,switch,3e-08,28,100,False,-675.85811819
t1_caffeine,hf,switch,3e-08,29,-1,TIMEOUT,nan
t1_caffeine,hf,switch,3e-08,3,100,False,-675.85811819
t1_caffeine,hf,switch,3e-08,30,-1,TIMEOUT,nan
t1_caffeine,hf,switch,3e-08,4,100,False,-675.85811819
t1_caffeine,hf,switch,3e-08,5,-1,TIMEOUT,nan
t1_caffeine,hf,switch,3e-08,6,-1,TIMEOUT,nan
t1_caffeine,hf,switch,3e-08,7,100,False,-675.85811819
t1_caffeine,hf,switch,3e-08,8,-1,TIMEOUT,nan
t1_caffeine,hf,switch,3e-08,9,-1,TIMEOUT,nan
t1_glycine,b3lyp5,diis,0e+00,1,16,True,-284.07622311
t1_glycine,b3lyp5,diis,1e-07,1,100,False,-284.07622311
t1_glycine,b3lyp5,diis,1e-07,10,100,False,-284.07622311
t1_glycine,b3lyp5,diis,1e-07,11,100,False,-284.07622311
t1_glycine,b3lyp5,diis,1e-07,12,100,False,-284.07622311
t1_glycine,b3lyp5,diis,1e-07,13,100,False,-284.07622311
t1_glycine,b3lyp5,diis,1e-07,14,100,False,-284.07622311
t1_glycine,b3lyp5,diis,1e-07,15,100,False,-284.07622311
t1_glycine,b3lyp5,diis,1e-07,16,100,False,-284.07622311
t1_glycine,b3lyp5,diis,1e-07,17,100,False,-284.07622311
t1_glycine,b3lyp5,diis,1e-07,18,100,False,-284.07622311
t1_glycine,b3lyp5,diis,1e-07,19,100,False,-284.07622311
t1_glycine,b3lyp5,diis,1e-07,2,100,False,-284.07622311
t1_glycine,b3lyp5,diis,1e-07,20,100,False,-284.07622311
t1_glycine,b3lyp5,diis,1e-07,21,100,False,-284.07622311
t1_glycine,b3lyp5,diis,1e-07,22,100,False,-284.07622311
t1_glycine,b3lyp5,diis,1e-07,23,100,False,-284.07622311
t1_glycine,b3lyp5,diis,1e-07,24,100,False,-284.07622311
t1_glycine,b3lyp5,diis,1e-07,25,100,False,-284.07622311
t1_glycine,b3lyp5,diis,1e-07,26,100,False,-284.07622311
t1_glycine,b3lyp5,diis,1e-07,27,100,False,-284.07622311
t1_glycine,b3lyp5,diis,1e-07,28,100,False,-284.07622311
t1_glycine,b3lyp5,diis,1e-07,29,100,False,-284.07622311
t1_glycine,b3lyp5,diis,1e-07,3,100,False,-284.07622311
t1_glycine,b3lyp5,diis,1e-07,30,100,False,-284.07622311
t1_glycine,b3lyp5,diis,1e-07,4,100,False,-284.07622311
t1_glycine,b3lyp5,diis,1e-07,5,100,False,-284.07622311
t1_glycine,b3lyp5,diis,1e-07,6,100,False,-284.07622311
t1_glycine,b3lyp5,diis,1e-07,7,100,False,-284.07622311
t1_glycine,b3lyp5,diis,1e-07,8,100,False,-284.07622311
t1_glycine,b3lyp5,diis,1e-07,9,100,False,-284.07622311
t1_glycine,b3lyp5,diis,1e-08,1,16,True,-284.07622311
t1_glycine,b3lyp5,diis,1e-08,10,16,True,-284.07622311
t1_glycine,b3lyp5,diis,1e-08,11,16,True,-284.07622311
t1_glycine,b3lyp5,diis,1e-08,12,16,True,-284.07622311
t1_glycine,b3lyp5,diis,1e-08,13,16,True,-284.07622311
t1_glycine,b3lyp5,diis,1e-08,14,16,True,-284.07622311
t1_glycine,b3lyp5,diis,1e-08,15,16,True,-284.07622311
t1_glycine,b3lyp5,diis,1e-08,16,16,True,-284.07622311
t1_glycine,b3lyp5,diis,1e-08,17,16,True,-284.07622311
t1_glycine,b3lyp5,diis,1e-08,18,16,True,-284.07622311
t1_glycine,b3lyp5,diis,1e-08,19,16,True,-284.07622311
t1_glycine,b3lyp5,diis,1e-08,2,16,True,-284.07622311
t1_glycine,b3lyp5,diis,1e-08,20,16,True,-284.07622311
t1_glycine,b3lyp5,diis,1e-08,21,16,True,-284.07622311
t1_glycine,b3lyp5,diis,1e-08,22,16,True,-284.07622311
t1_glycine,b3lyp5,diis,1e-08,23,16,True,-284.07622311
t1_glycine,b3lyp5,diis,1e-08,24,16,True,-284.07622311
t1_glycine,b3lyp5,diis,1e-08,25,16,True,-284.07622311
t1_glycine,b3lyp5,diis,1e-08,26,16,True,-284.07622311
t1_glycine,b3lyp5,diis,1e-08,27,16,True,-284.07622311
t1_glycine,b3lyp5,diis,1e-08,28,16,True,-284.07622311
t1_glycine,b3lyp5,diis,1e-08,29,16,True,-284.07622311
t1_glycine,b3lyp5,diis,1e-08,3,16,True,-284.07622311
t1_glycine,b3lyp5,diis,1e-08,30,16,True,-284.07622311
t1_glycine,b3lyp5,diis,1e-08,4,16,True,-284.07622311
t1_glycine,b3lyp5,diis,1e-08,5,16,True,-284.07622311
t1_glycine,b3lyp5,diis,1e-08,6,16,True,-284.07622311
t1_glycine,b3lyp5,diis,1e-08,7,16,True,-284.07622311
t1_glycine,b3lyp5,diis,1e-08,8,16,True,-284.07622311
t1_glycine,b3lyp5,diis,1e-08,9,16,True,-284.07622311
t1_glycine,b3lyp5,diis,1e-09,1,16,True,-284.07622311
t1_glycine,b3lyp5,diis,1e-09,10,16,True,-284.07622311
t1_glycine,b3lyp5,diis,1e-09,11,16,True,-284.07622311
t1_glycine,b3lyp5,diis,1e-09,12,16,True,-284.07622311
t1_glycine,b3lyp5,diis,1e-09,13,16,True,-284.07622311
t1_glycine,b3lyp5,diis,1e-09,14,16,True,-284.07622311
t1_glycine,b3lyp5,diis,1e-09,15,16,True,-284.07622311
t1_glycine,b3lyp5,diis,1e-09,16,16,True,-284.07622311
t1_glycine,b3lyp5,diis,1e-09,17,16,True,-284.07622311
t1_glycine,b3lyp5,diis,1e-09,18,16,True,-284.07622311
t1_glycine,b3lyp5,diis,1e-09,19,16,True,-284.07622311
t1_glycine,b3lyp5,diis,1e-09,2,16,True,-284.07622311
t1_glycine,b3lyp5,diis,1e-09,20,16,True,-284.07622311
t1_glycine,b3lyp5,diis,1e-09,21,16,True,-284.07622311
t1_glycine,b3lyp5,diis,1e-09,22,16,True,-284.07622311
t1_glycine,b3lyp5,diis,1e-09,23,16,True,-284.07622311
t1_glycine,b3lyp5,diis,1e-09,24,16,True,-284.07622311
t1_glycine,b3lyp5,diis,1e-09,25,16,True,-284.07622311
t1_glycine,b3lyp5,diis,1e-09,26,16,True,-284.07622311
t1_glycine,b3lyp5,diis,1e-09,27,16,True,-284.07622311
t1_glycine,b3lyp5,diis,1e-09,28,16,True,-284.07622311
t1_glycine,b3lyp5,diis,1e-09,29,16,True,-284.07622311
t1_glycine,b3lyp5,diis,1e-09,3,16,True,-284.07622311
t1_glycine,b3lyp5,diis,1e-09,30,16,True,-284.07622311
t1_glycine,b3lyp5,diis,1e-09,4,16,True,-284.07622311
t1_glycine,b3lyp5,diis,1e-09,5,16,True,-284.07622311
t1_glycine,b3lyp5,diis,1e-09,6,16,True,-284.07622311
t1_glycine,b3lyp5,diis,1e-09,7,16,True,-284.07622311
t1_glycine,b3lyp5,diis,1e-09,8,16,True,-284.07622311
t1_glycine,b3lyp5,diis,1e-09,9,16,True,-284.07622311
t1_glycine,b3lyp5,diis,3e-08,1,17,True,-284.07622311
t1_glycine,b3lyp5,diis,3e-08,10,18,True,-284.07622311
t1_glycine,b3lyp5,diis,3e-08,11,18,True,-284.07622311
t1_glycine,b3lyp5,diis,3e-08,12,18,True,-284.07622311
t1_glycine,b3lyp5,diis,3e-08,13,18,True,-284.07622311
t1_glycine,b3lyp5,diis,3e-08,14,17,True,-284.07622311
t1_glycine,b3lyp5,diis,3e-08,15,17,True,-284.07622311
t1_glycine,b3lyp5,diis,3e-08,16,17,True,-284.07622311
t1_glycine,b3lyp5,diis,3e-08,17,17,True,-284.07622311
t1_glycine,b3lyp5,diis,3e-08,18,17,True,-284.07622311
t1_glycine,b3lyp5,diis,3e-08,19,18,True,-284.07622311
t1_glycine,b3lyp5,diis,3e-08,2,17,True,-284.07622311
t1_glycine,b3lyp5,diis,3e-08,20,17,True,-284.07622311
t1_glycine,b3lyp5,diis,3e-08,21,18,True,-284.07622311
t1_glycine,b3lyp5,diis,3e-08,22,18,True,-284.07622311
t1_glycine,b3lyp5,diis,3e-08,23,17,True,-284.07622311
t1_glycine,b3lyp5,diis,3e-08,24,17,True,-284.07622311
t1_glycine,b3lyp5,diis,3e-08,25,18,True,-284.07622311
t1_glycine,b3lyp5,diis,3e-08,26,18,True,-284.07622311
t1_glycine,b3lyp5,diis,3e-08,27,17,True,-284.07622311
t1_glycine,b3lyp5,diis,3e-08,28,18,True,-284.07622311
t1_glycine,b3lyp5,diis,3e-08,29,18,True,-284.07622311
t1_glycine,b3lyp5,diis,3e-08,3,17,True,-284.07622311
t1_glycine,b3lyp5,diis,3e-08,30,17,True,-284.07622311
t1_glycine,b3lyp5,diis,3e-08,4,17,True,-284.07622311
t1_glycine,b3lyp5,diis,3e-08,5,17,True,-284.07622311
t1_glycine,b3lyp5,diis,3e-08,6,17,True,-284.07622311
t1_glycine,b3lyp5,diis,3e-08,7,18,True,-284.07622311
t1_glycine,b3lyp5,diis,3e-08,8,17,True,-284.07622311
t1_glycine,b3lyp5,diis,3e-08,9,17,True,-284.07622311
t1_glycine,b3lyp5,ensemble,0e+00,1,27,True,-284.07622311
t1_glycine,b3lyp5,ensemble,1e-07,1,100,False,-284.07622311
t1_glycine,b3lyp5,ensemble,1e-07,10,100,False,-284.07622311
t1_glycine,b3lyp5,ensemble,1e-07,11,100,False,-284.07622311
t1_glycine,b3lyp5,ensemble,1e-07,12,100,False,-284.07622311
t1_glycine,b3lyp5,ensemble,1e-07,13,100,False,-284.07622311
t1_glycine,b3lyp5,ensemble,1e-07,14,100,False,-284.07622311
t1_glycine,b3lyp5,ensemble,1e-07,15,100,False,-284.07622311
t1_glycine,b3lyp5,ensemble,1e-07,16,100,False,-284.07622311
t1_glycine,b3lyp5,ensemble,1e-07,17,100,False,-284.07622311
t1_glycine,b3lyp5,ensemble,1e-07,18,100,False,-284.07622311
t1_glycine,b3lyp5,ensemble,1e-07,19,100,False,-284.07622311
t1_glycine,b3lyp5,ensemble,1e-07,2,100,False,-284.07622311
t1_glycine,b3lyp5,ensemble,1e-07,20,100,False,-284.07622311
t1_glycine,b3lyp5,ensemble,1e-07,21,100,False,-284.07622311
t1_glycine,b3lyp5,ensemble,1e-07,22,100,False,-284.07622311
t1_glycine,b3lyp5,ensemble,1e-07,23,100,False,-284.07622311
t1_glycine,b3lyp5,ensemble,1e-07,24,100,False,-284.07622311
t1_glycine,b3lyp5,ensemble,1e-07,25,100,False,-284.07622311
t1_glycine,b3lyp5,ensemble,1e-07,26,100,False,-284.07622311
t1_glycine,b3lyp5,ensemble,1e-07,27,100,False,-284.07622311
t1_glycine,b3lyp5,ensemble,1e-07,28,100,False,-284.07622311
t1_glycine,b3lyp5,ensemble,1e-07,29,100,False,-284.07622311
t1_glycine,b3lyp5,ensemble,1e-07,3,100,False,-284.07622311
t1_glycine,b3lyp5,ensemble,1e-07,30,100,False,-284.07622311
t1_glycine,b3lyp5,ensemble,1e-07,4,100,False,-284.07622311
t1_glycine,b3lyp5,ensemble,1e-07,5,100,False,-284.07622311
t1_glycine,b3lyp5,ensemble,1e-07,6,100,False,-284.07622311
t1_glycine,b3lyp5,ensemble,1e-07,7,100,False,-284.07622311
t1_glycine,b3lyp5,ensemble,1e-07,8,100,False,-284.07622311
t1_glycine,b3lyp5,ensemble,1e-07,9,100,False,-284.07622311
t1_glycine,b3lyp5,ensemble,1e-08,1,27,True,-284.07622311
t1_glycine,b3lyp5,ensemble,1e-08,10,27,True,-284.07622311
t1_glycine,b3lyp5,ensemble,1e-08,11,27,True,-284.07622311
t1_glycine,b3lyp5,ensemble,1e-08,12,27,True,-284.07622311
t1_glycine,b3lyp5,ensemble,1e-08,13,27,True,-284.07622311
t1_glycine,b3lyp5,ensemble,1e-08,14,27,True,-284.07622311
t1_glycine,b3lyp5,ensemble,1e-08,15,27,True,-284.07622311
t1_glycine,b3lyp5,ensemble,1e-08,16,27,True,-284.07622311
t1_glycine,b3lyp5,ensemble,1e-08,17,27,True,-284.07622311
t1_glycine,b3lyp5,ensemble,1e-08,18,27,True,-284.07622311
t1_glycine,b3lyp5,ensemble,1e-08,19,27,True,-284.07622311
t1_glycine,b3lyp5,ensemble,1e-08,2,27,True,-284.07622311
t1_glycine,b3lyp5,ensemble,1e-08,20,27,True,-284.07622311
t1_glycine,b3lyp5,ensemble,1e-08,21,27,True,-284.07622311
t1_glycine,b3lyp5,ensemble,1e-08,22,27,True,-284.07622311
t1_glycine,b3lyp5,ensemble,1e-08,23,27,True,-284.07622311
t1_glycine,b3lyp5,ensemble,1e-08,24,27,True,-284.07622311
t1_glycine,b3lyp5,ensemble,1e-08,25,27,True,-284.07622311
t1_glycine,b3lyp5,ensemble,1e-08,26,27,True,-284.07622311
t1_glycine,b3lyp5,ensemble,1e-08,27,27,True,-284.07622311
t1_glycine,b3lyp5,ensemble,1e-08,28,27,True,-284.07622311
t1_glycine,b3lyp5,ensemble,1e-08,29,27,True,-284.07622311
t1_glycine,b3lyp5,ensemble,1e-08,3,27,True,-284.07622311
t1_glycine,b3lyp5,ensemble,1e-08,30,27,True,-284.07622311
t1_glycine,b3lyp5,ensemble,1e-08,4,27,True,-284.07622311
t1_glycine,b3lyp5,ensemble,1e-08,5,27,True,-284.07622311
t1_glycine,b3lyp5,ensemble,1e-08,6,27,True,-284.07622311
t1_glycine,b3lyp5,ensemble,1e-08,7,27,True,-284.07622311
t1_glycine,b3lyp5,ensemble,1e-08,8,27,True,-284.07622311
t1_glycine,b3lyp5,ensemble,1e-08,9,27,True,-284.07622311
t1_glycine,b3lyp5,ensemble,1e-09,1,27,True,-284.07622311
t1_glycine,b3lyp5,ensemble,1e-09,10,27,True,-284.07622311
t1_glycine,b3lyp5,ensemble,1e-09,11,27,True,-284.07622311
t1_glycine,b3lyp5,ensemble,1e-09,12,27,True,-284.07622311
t1_glycine,b3lyp5,ensemble,1e-09,13,27,True,-284.07622311
t1_glycine,b3lyp5,ensemble,1e-09,14,27,True,-284.07622311
t1_glycine,b3lyp5,ensemble,1e-09,15,27,True,-284.07622311
t1_glycine,b3lyp5,ensemble,1e-09,16,27,True,-284.07622311
t1_glycine,b3lyp5,ensemble,1e-09,17,27,True,-284.07622311
t1_glycine,b3lyp5,ensemble,1e-09,18,27,True,-284.07622311
t1_glycine,b3lyp5,ensemble,1e-09,19,27,True,-284.07622311
t1_glycine,b3lyp5,ensemble,1e-09,2,27,True,-284.07622311
t1_glycine,b3lyp5,ensemble,1e-09,20,27,True,-284.07622311
t1_glycine,b3lyp5,ensemble,1e-09,21,27,True,-284.07622311
t1_glycine,b3lyp5,ensemble,1e-09,22,27,True,-284.07622311
t1_glycine,b3lyp5,ensemble,1e-09,23,27,True,-284.07622311
t1_glycine,b3lyp5,ensemble,1e-09,24,27,True,-284.07622311
t1_glycine,b3lyp5,ensemble,1e-09,25,27,True,-284.07622311
t1_glycine,b3lyp5,ensemble,1e-09,26,27,True,-284.07622311
t1_glycine,b3lyp5,ensemble,1e-09,27,27,True,-284.07622311
t1_glycine,b3lyp5,ensemble,1e-09,28,27,True,-284.07622311
t1_glycine,b3lyp5,ensemble,1e-09,29,27,True,-284.07622311
t1_glycine,b3lyp5,ensemble,1e-09,3,27,True,-284.07622311
t1_glycine,b3lyp5,ensemble,1e-09,30,27,True,-284.07622311
t1_glycine,b3lyp5,ensemble,1e-09,4,27,True,-284.07622311
t1_glycine,b3lyp5,ensemble,1e-09,5,27,True,-284.07622311
t1_glycine,b3lyp5,ensemble,1e-09,6,27,True,-284.07622311
t1_glycine,b3lyp5,ensemble,1e-09,7,27,True,-284.07622311
t1_glycine,b3lyp5,ensemble,1e-09,8,27,True,-284.07622311
t1_glycine,b3lyp5,ensemble,1e-09,9,27,True,-284.07622311
t1_glycine,b3lyp5,ensemble,3e-08,1,27,True,-284.07622311
t1_glycine,b3lyp5,ensemble,3e-08,10,27,True,-284.07622311
t1_glycine,b3lyp5,ensemble,3e-08,11,27,True,-284.07622311
t1_glycine,b3lyp5,ensemble,3e-08,12,27,True,-284.07622311
t1_glycine,b3lyp5,ensemble,3e-08,13,27,True,-284.07622311
t1_glycine,b3lyp5,ensemble,3e-08,14,27,True,-284.07622311
t1_glycine,b3lyp5,ensemble,3e-08,15,27,True,-284.07622311
t1_glycine,b3lyp5,ensemble,3e-08,16,27,True,-284.07622311
t1_glycine,b3lyp5,ensemble,3e-08,17,27,True,-284.07622311
t1_glycine,b3lyp5,ensemble,3e-08,18,28,True,-284.07622311
t1_glycine,b3lyp5,ensemble,3e-08,19,27,True,-284.07622311
t1_glycine,b3lyp5,ensemble,3e-08,2,27,True,-284.07622311
t1_glycine,b3lyp5,ensemble,3e-08,20,27,True,-284.07622311
t1_glycine,b3lyp5,ensemble,3e-08,21,27,True,-284.07622311
t1_glycine,b3lyp5,ensemble,3e-08,22,27,True,-284.07622311
t1_glycine,b3lyp5,ensemble,3e-08,23,27,True,-284.07622311
t1_glycine,b3lyp5,ensemble,3e-08,24,27,True,-284.07622311
t1_glycine,b3lyp5,ensemble,3e-08,25,27,True,-284.07622311
t1_glycine,b3lyp5,ensemble,3e-08,26,28,True,-284.07622311
t1_glycine,b3lyp5,ensemble,3e-08,27,27,True,-284.07622311
t1_glycine,b3lyp5,ensemble,3e-08,28,27,True,-284.07622311
t1_glycine,b3lyp5,ensemble,3e-08,29,27,True,-284.07622311
t1_glycine,b3lyp5,ensemble,3e-08,3,27,True,-284.07622311
t1_glycine,b3lyp5,ensemble,3e-08,30,27,True,-284.07622311
t1_glycine,b3lyp5,ensemble,3e-08,4,27,True,-284.07622311
t1_glycine,b3lyp5,ensemble,3e-08,5,27,True,-284.07622311
t1_glycine,b3lyp5,ensemble,3e-08,6,27,True,-284.07622311
t1_glycine,b3lyp5,ensemble,3e-08,7,27,True,-284.07622311
t1_glycine,b3lyp5,ensemble,3e-08,8,27,True,-284.07622311
t1_glycine,b3lyp5,ensemble,3e-08,9,27,True,-284.07622311
t1_glycine,b3lyp5,histqn,0e+00,1,32,True,-284.07622311
t1_glycine,b3lyp5,histqn,1e-07,1,100,False,-284.07622311
t1_glycine,b3lyp5,histqn,1e-07,10,100,False,-284.07622311
t1_glycine,b3lyp5,histqn,1e-07,11,100,False,-284.07622311
t1_glycine,b3lyp5,histqn,1e-07,12,100,False,-284.07622311
t1_glycine,b3lyp5,histqn,1e-07,13,100,False,-284.07622311
t1_glycine,b3lyp5,histqn,1e-07,14,100,False,-284.07622311
t1_glycine,b3lyp5,histqn,1e-07,15,100,False,-284.07622311
t1_glycine,b3lyp5,histqn,1e-07,16,100,False,-284.07622311
t1_glycine,b3lyp5,histqn,1e-07,17,100,False,-284.07622311
t1_glycine,b3lyp5,histqn,1e-07,18,100,False,-284.07622311
t1_glycine,b3lyp5,histqn,1e-07,19,100,False,-284.07622311
t1_glycine,b3lyp5,histqn,1e-07,2,100,False,-284.07622311
t1_glycine,b3lyp5,histqn,1e-07,20,100,False,-284.07622311
t1_glycine,b3lyp5,histqn,1e-07,21,100,False,-284.07622311
t1_glycine,b3lyp5,histqn,1e-07,22,100,False,-284.07622311
t1_glycine,b3lyp5,histqn,1e-07,23,100,False,-284.07622311
t1_glycine,b3lyp5,histqn,1e-07,24,100,False,-284.07622311
t1_glycine,b3lyp5,histqn,1e-07,25,100,False,-284.07622311
t1_glycine,b3lyp5,histqn,1e-07,26,100,False,-284.07622311
t1_glycine,b3lyp5,histqn,1e-07,27,100,False,-284.07622311
t1_glycine,b3lyp5,histqn,1e-07,28,100,False,-284.07622311
t1_glycine,b3lyp5,histqn,1e-07,29,100,False,-284.07622311
t1_glycine,b3lyp5,histqn,1e-07,3,100,False,-284.07622311
t1_glycine,b3lyp5,histqn,1e-07,30,100,False,-284.07622311
t1_glycine,b3lyp5,histqn,1e-07,4,100,False,-284.07622311
t1_glycine,b3lyp5,histqn,1e-07,5,100,False,-284.07622311
t1_glycine,b3lyp5,histqn,1e-07,6,100,False,-284.07622311
t1_glycine,b3lyp5,histqn,1e-07,7,100,False,-284.07622311
t1_glycine,b3lyp5,histqn,1e-07,8,100,False,-284.07622311
t1_glycine,b3lyp5,histqn,1e-07,9,100,False,-284.07622311
t1_glycine,b3lyp5,histqn,1e-08,1,32,True,-284.07622311
t1_glycine,b3lyp5,histqn,1e-08,10,34,True,-284.07622311
t1_glycine,b3lyp5,histqn,1e-08,11,32,True,-284.07622311
t1_glycine,b3lyp5,histqn,1e-08,12,32,True,-284.07622311
t1_glycine,b3lyp5,histqn,1e-08,13,34,True,-284.07622311
t1_glycine,b3lyp5,histqn,1e-08,14,32,True,-284.07622311
t1_glycine,b3lyp5,histqn,1e-08,15,34,True,-284.07622311
t1_glycine,b3lyp5,histqn,1e-08,16,32,True,-284.07622311
t1_glycine,b3lyp5,histqn,1e-08,17,32,True,-284.07622311
t1_glycine,b3lyp5,histqn,1e-08,18,32,True,-284.07622311
t1_glycine,b3lyp5,histqn,1e-08,19,34,True,-284.07622311
t1_glycine,b3lyp5,histqn,1e-08,2,32,True,-284.07622311
t1_glycine,b3lyp5,histqn,1e-08,20,32,True,-284.07622311
t1_glycine,b3lyp5,histqn,1e-08,21,32,True,-284.07622311
t1_glycine,b3lyp5,histqn,1e-08,22,34,True,-284.07622311
t1_glycine,b3lyp5,histqn,1e-08,23,32,True,-284.07622311
t1_glycine,b3lyp5,histqn,1e-08,24,34,True,-284.07622311
t1_glycine,b3lyp5,histqn,1e-08,25,32,True,-284.07622311
t1_glycine,b3lyp5,histqn,1e-08,26,32,True,-284.07622311
t1_glycine,b3lyp5,histqn,1e-08,27,32,True,-284.07622311
t1_glycine,b3lyp5,histqn,1e-08,28,32,True,-284.07622311
t1_glycine,b3lyp5,histqn,1e-08,29,33,True,-284.07622311
t1_glycine,b3lyp5,histqn,1e-08,3,32,True,-284.07622311
t1_glycine,b3lyp5,histqn,1e-08,30,32,True,-284.07622311
t1_glycine,b3lyp5,histqn,1e-08,4,34,True,-284.07622311
t1_glycine,b3lyp5,histqn,1e-08,5,32,True,-284.07622311
t1_glycine,b3lyp5,histqn,1e-08,6,34,True,-284.07622311
t1_glycine,b3lyp5,histqn,1e-08,7,34,True,-284.07622311
t1_glycine,b3lyp5,histqn,1e-08,8,34,True,-284.07622311
t1_glycine,b3lyp5,histqn,1e-08,9,34,True,-284.07622311
t1_glycine,b3lyp5,histqn,1e-09,1,32,True,-284.07622311
t1_glycine,b3lyp5,histqn,1e-09,10,32,True,-284.07622311
t1_glycine,b3lyp5,histqn,1e-09,11,32,True,-284.07622311
t1_glycine,b3lyp5,histqn,1e-09,12,32,True,-284.07622311
t1_glycine,b3lyp5,histqn,1e-09,13,32,True,-284.07622311
t1_glycine,b3lyp5,histqn,1e-09,14,32,True,-284.07622311
t1_glycine,b3lyp5,histqn,1e-09,15,32,True,-284.07622311
t1_glycine,b3lyp5,histqn,1e-09,16,32,True,-284.07622311
t1_glycine,b3lyp5,histqn,1e-09,17,32,True,-284.07622311
t1_glycine,b3lyp5,histqn,1e-09,18,32,True,-284.07622311
t1_glycine,b3lyp5,histqn,1e-09,19,32,True,-284.07622311
t1_glycine,b3lyp5,histqn,1e-09,2,32,True,-284.07622311
t1_glycine,b3lyp5,histqn,1e-09,20,32,True,-284.07622311
t1_glycine,b3lyp5,histqn,1e-09,21,32,True,-284.07622311
t1_glycine,b3lyp5,histqn,1e-09,22,32,True,-284.07622311
t1_glycine,b3lyp5,histqn,1e-09,23,32,True,-284.07622311
t1_glycine,b3lyp5,histqn,1e-09,24,32,True,-284.07622311
t1_glycine,b3lyp5,histqn,1e-09,25,32,True,-284.07622311
t1_glycine,b3lyp5,histqn,1e-09,26,32,True,-284.07622311
t1_glycine,b3lyp5,histqn,1e-09,27,32,True,-284.07622311
t1_glycine,b3lyp5,histqn,1e-09,28,32,True,-284.07622311
t1_glycine,b3lyp5,histqn,1e-09,29,32,True,-284.07622311
t1_glycine,b3lyp5,histqn,1e-09,3,32,True,-284.07622311
t1_glycine,b3lyp5,histqn,1e-09,30,32,True,-284.07622311
t1_glycine,b3lyp5,histqn,1e-09,4,32,True,-284.07622311
t1_glycine,b3lyp5,histqn,1e-09,5,32,True,-284.07622311
t1_glycine,b3lyp5,histqn,1e-09,6,32,True,-284.07622311
t1_glycine,b3lyp5,histqn,1e-09,7,32,True,-284.07622311
t1_glycine,b3lyp5,histqn,1e-09,8,32,True,-284.07622311
t1_glycine,b3lyp5,histqn,1e-09,9,32,True,-284.07622311
t1_glycine,b3lyp5,histqn,3e-08,1,39,True,-284.07622311
t1_glycine,b3lyp5,histqn,3e-08,10,36,True,-284.07622311
t1_glycine,b3lyp5,histqn,3e-08,11,39,True,-284.07622311
t1_glycine,b3lyp5,histqn,3e-08,12,38,True,-284.07622311
t1_glycine,b3lyp5,histqn,3e-08,13,37,True,-284.07622311
t1_glycine,b3lyp5,histqn,3e-08,14,36,True,-284.07622311
t1_glycine,b3lyp5,histqn,3e-08,15,42,True,-284.07622311
t1_glycine,b3lyp5,histqn,3e-08,16,34,True,-284.07622311
t1_glycine,b3lyp5,histqn,3e-08,17,41,True,-284.07622311
t1_glycine,b3lyp5,histqn,3e-08,18,40,True,-284.07622311
t1_glycine,b3lyp5,histqn,3e-08,19,39,True,-284.07622311
t1_glycine,b3lyp5,histqn,3e-08,2,38,True,-284.07622311
t1_glycine,b3lyp5,histqn,3e-08,20,38,True,-284.07622311
t1_glycine,b3lyp5,histqn,3e-08,21,37,True,-284.07622311
t1_glycine,b3lyp5,histqn,3e-08,22,36,True,-284.07622311
t1_glycine,b3lyp5,histqn,3e-08,23,35,True,-284.07622311
t1_glycine,b3lyp5,histqn,3e-08,24,38,True,-284.07622311
t1_glycine,b3lyp5,histqn,3e-08,25,35,True,-284.07622311
t1_glycine,b3lyp5,histqn,3e-08,26,38,True,-284.07622311
t1_glycine,b3lyp5,histqn,3e-08,27,37,True,-284.07622311
t1_glycine,b3lyp5,histqn,3e-08,28,36,True,-284.07622311
t1_glycine,b3lyp5,histqn,3e-08,29,37,True,-284.07622311
t1_glycine,b3lyp5,histqn,3e-08,3,40,True,-284.07622311
t1_glycine,b3lyp5,histqn,3e-08,30,36,True,-284.07622311
t1_glycine,b3lyp5,histqn,3e-08,4,39,True,-284.07622311
t1_glycine,b3lyp5,histqn,3e-08,5,38,True,-284.07622311
t1_glycine,b3lyp5,histqn,3e-08,6,40,True,-284.07622311
t1_glycine,b3lyp5,histqn,3e-08,7,39,True,-284.07622311
t1_glycine,b3lyp5,histqn,3e-08,8,38,True,-284.07622311
t1_glycine,b3lyp5,histqn,3e-08,9,37,True,-284.07622311
t1_glycine,b3lyp5,soscf,0e+00,1,27,True,-284.07622311
t1_glycine,b3lyp5,soscf,1e-07,1,100,False,-284.07622311
t1_glycine,b3lyp5,soscf,1e-07,10,100,False,-284.07622311
t1_glycine,b3lyp5,soscf,1e-07,11,100,False,-284.07622311
t1_glycine,b3lyp5,soscf,1e-07,12,100,False,-284.07622311
t1_glycine,b3lyp5,soscf,1e-07,13,100,False,-284.07622311
t1_glycine,b3lyp5,soscf,1e-07,14,100,False,-284.07622311
t1_glycine,b3lyp5,soscf,1e-07,15,100,False,-284.07622311
t1_glycine,b3lyp5,soscf,1e-07,16,100,False,-284.07622311
t1_glycine,b3lyp5,soscf,1e-07,17,100,False,-284.07622311
t1_glycine,b3lyp5,soscf,1e-07,18,100,False,-284.07622311
t1_glycine,b3lyp5,soscf,1e-07,19,100,False,-284.07622311
t1_glycine,b3lyp5,soscf,1e-07,2,100,False,-284.07622311
t1_glycine,b3lyp5,soscf,1e-07,20,100,False,-284.07622311
t1_glycine,b3lyp5,soscf,1e-07,21,100,False,-284.07622311
t1_glycine,b3lyp5,soscf,1e-07,22,100,False,-284.07622311
t1_glycine,b3lyp5,soscf,1e-07,23,100,False,-284.07622311
t1_glycine,b3lyp5,soscf,1e-07,24,100,False,-284.07622311
t1_glycine,b3lyp5,soscf,1e-07,25,100,False,-284.07622311
t1_glycine,b3lyp5,soscf,1e-07,26,100,False,-284.07622311
t1_glycine,b3lyp5,soscf,1e-07,27,100,False,-284.07622311
t1_glycine,b3lyp5,soscf,1e-07,28,100,False,-284.07622311
t1_glycine,b3lyp5,soscf,1e-07,29,100,False,-284.07622311
t1_glycine,b3lyp5,soscf,1e-07,3,100,False,-284.07622311
t1_glycine,b3lyp5,soscf,1e-07,30,100,False,-284.07622311
t1_glycine,b3lyp5,soscf,1e-07,4,100,False,-284.07622311
t1_glycine,b3lyp5,soscf,1e-07,5,100,False,-284.07622311
t1_glycine,b3lyp5,soscf,1e-07,6,100,False,-284.07622311
t1_glycine,b3lyp5,soscf,1e-07,7,100,False,-284.07622311
t1_glycine,b3lyp5,soscf,1e-07,8,100,False,-284.07622311
t1_glycine,b3lyp5,soscf,1e-07,9,100,False,-284.07622311
t1_glycine,b3lyp5,soscf,1e-08,1,27,True,-284.07622311
t1_glycine,b3lyp5,soscf,1e-08,10,27,True,-284.07622311
t1_glycine,b3lyp5,soscf,1e-08,11,27,True,-284.07622311
t1_glycine,b3lyp5,soscf,1e-08,12,27,True,-284.07622311
t1_glycine,b3lyp5,soscf,1e-08,13,27,True,-284.07622311
t1_glycine,b3lyp5,soscf,1e-08,14,27,True,-284.07622311
t1_glycine,b3lyp5,soscf,1e-08,15,27,True,-284.07622311
t1_glycine,b3lyp5,soscf,1e-08,16,27,True,-284.07622311
t1_glycine,b3lyp5,soscf,1e-08,17,27,True,-284.07622311
t1_glycine,b3lyp5,soscf,1e-08,18,27,True,-284.07622311
t1_glycine,b3lyp5,soscf,1e-08,19,27,True,-284.07622311
t1_glycine,b3lyp5,soscf,1e-08,2,27,True,-284.07622311
t1_glycine,b3lyp5,soscf,1e-08,20,27,True,-284.07622311
t1_glycine,b3lyp5,soscf,1e-08,21,27,True,-284.07622311
t1_glycine,b3lyp5,soscf,1e-08,22,27,True,-284.07622311
t1_glycine,b3lyp5,soscf,1e-08,23,27,True,-284.07622311
t1_glycine,b3lyp5,soscf,1e-08,24,27,True,-284.07622311
t1_glycine,b3lyp5,soscf,1e-08,25,27,True,-284.07622311
t1_glycine,b3lyp5,soscf,1e-08,26,27,True,-284.07622311
t1_glycine,b3lyp5,soscf,1e-08,27,27,True,-284.07622311
t1_glycine,b3lyp5,soscf,1e-08,28,27,True,-284.07622311
t1_glycine,b3lyp5,soscf,1e-08,29,27,True,-284.07622311
t1_glycine,b3lyp5,soscf,1e-08,3,27,True,-284.07622311
t1_glycine,b3lyp5,soscf,1e-08,30,27,True,-284.07622311
t1_glycine,b3lyp5,soscf,1e-08,4,27,True,-284.07622311
t1_glycine,b3lyp5,soscf,1e-08,5,27,True,-284.07622311
t1_glycine,b3lyp5,soscf,1e-08,6,27,True,-284.07622311
t1_glycine,b3lyp5,soscf,1e-08,7,27,True,-284.07622311
t1_glycine,b3lyp5,soscf,1e-08,8,27,True,-284.07622311
t1_glycine,b3lyp5,soscf,1e-08,9,27,True,-284.07622311
t1_glycine,b3lyp5,soscf,1e-09,1,27,True,-284.07622311
t1_glycine,b3lyp5,soscf,1e-09,10,27,True,-284.07622311
t1_glycine,b3lyp5,soscf,1e-09,11,27,True,-284.07622311
t1_glycine,b3lyp5,soscf,1e-09,12,27,True,-284.07622311
t1_glycine,b3lyp5,soscf,1e-09,13,27,True,-284.07622311
t1_glycine,b3lyp5,soscf,1e-09,14,27,True,-284.07622311
t1_glycine,b3lyp5,soscf,1e-09,15,27,True,-284.07622311
t1_glycine,b3lyp5,soscf,1e-09,16,27,True,-284.07622311
t1_glycine,b3lyp5,soscf,1e-09,17,27,True,-284.07622311
t1_glycine,b3lyp5,soscf,1e-09,18,27,True,-284.07622311
t1_glycine,b3lyp5,soscf,1e-09,19,27,True,-284.07622311
t1_glycine,b3lyp5,soscf,1e-09,2,27,True,-284.07622311
t1_glycine,b3lyp5,soscf,1e-09,20,27,True,-284.07622311
t1_glycine,b3lyp5,soscf,1e-09,21,27,True,-284.07622311
t1_glycine,b3lyp5,soscf,1e-09,22,27,True,-284.07622311
t1_glycine,b3lyp5,soscf,1e-09,23,27,True,-284.07622311
t1_glycine,b3lyp5,soscf,1e-09,24,27,True,-284.07622311
t1_glycine,b3lyp5,soscf,1e-09,25,27,True,-284.07622311
t1_glycine,b3lyp5,soscf,1e-09,26,27,True,-284.07622311
t1_glycine,b3lyp5,soscf,1e-09,27,27,True,-284.07622311
t1_glycine,b3lyp5,soscf,1e-09,28,27,True,-284.07622311
t1_glycine,b3lyp5,soscf,1e-09,29,27,True,-284.07622311
t1_glycine,b3lyp5,soscf,1e-09,3,27,True,-284.07622311
t1_glycine,b3lyp5,soscf,1e-09,30,27,True,-284.07622311
t1_glycine,b3lyp5,soscf,1e-09,4,27,True,-284.07622311
t1_glycine,b3lyp5,soscf,1e-09,5,27,True,-284.07622311
t1_glycine,b3lyp5,soscf,1e-09,6,27,True,-284.07622311
t1_glycine,b3lyp5,soscf,1e-09,7,27,True,-284.07622311
t1_glycine,b3lyp5,soscf,1e-09,8,27,True,-284.07622311
t1_glycine,b3lyp5,soscf,1e-09,9,27,True,-284.07622311
t1_glycine,b3lyp5,soscf,3e-08,1,27,True,-284.07622311
t1_glycine,b3lyp5,soscf,3e-08,10,27,True,-284.07622311
t1_glycine,b3lyp5,soscf,3e-08,11,27,True,-284.07622311
t1_glycine,b3lyp5,soscf,3e-08,12,27,True,-284.07622311
t1_glycine,b3lyp5,soscf,3e-08,13,27,True,-284.07622311
t1_glycine,b3lyp5,soscf,3e-08,14,27,True,-284.07622311
t1_glycine,b3lyp5,soscf,3e-08,15,27,True,-284.07622311
t1_glycine,b3lyp5,soscf,3e-08,16,27,True,-284.07622311
t1_glycine,b3lyp5,soscf,3e-08,17,27,True,-284.07622311
t1_glycine,b3lyp5,soscf,3e-08,18,28,True,-284.07622311
t1_glycine,b3lyp5,soscf,3e-08,19,27,True,-284.07622311
t1_glycine,b3lyp5,soscf,3e-08,2,27,True,-284.07622311
t1_glycine,b3lyp5,soscf,3e-08,20,27,True,-284.07622311
t1_glycine,b3lyp5,soscf,3e-08,21,27,True,-284.07622311
t1_glycine,b3lyp5,soscf,3e-08,22,27,True,-284.07622311
t1_glycine,b3lyp5,soscf,3e-08,23,27,True,-284.07622311
t1_glycine,b3lyp5,soscf,3e-08,24,27,True,-284.07622311
t1_glycine,b3lyp5,soscf,3e-08,25,27,True,-284.07622311
t1_glycine,b3lyp5,soscf,3e-08,26,28,True,-284.07622311
t1_glycine,b3lyp5,soscf,3e-08,27,27,True,-284.07622311
t1_glycine,b3lyp5,soscf,3e-08,28,27,True,-284.07622311
t1_glycine,b3lyp5,soscf,3e-08,29,27,True,-284.07622311
t1_glycine,b3lyp5,soscf,3e-08,3,27,True,-284.07622311
t1_glycine,b3lyp5,soscf,3e-08,30,27,True,-284.07622311
t1_glycine,b3lyp5,soscf,3e-08,4,27,True,-284.07622311
t1_glycine,b3lyp5,soscf,3e-08,5,27,True,-284.07622311
t1_glycine,b3lyp5,soscf,3e-08,6,27,True,-284.07622311
t1_glycine,b3lyp5,soscf,3e-08,7,27,True,-284.07622311
t1_glycine,b3lyp5,soscf,3e-08,8,27,True,-284.07622311
t1_glycine,b3lyp5,soscf,3e-08,9,27,True,-284.07622311
t1_glycine,b3lyp5,switch,0e+00,1,21,True,-284.07622311
t1_glycine,b3lyp5,switch,1e-07,1,100,False,-284.07622311
t1_glycine,b3lyp5,switch,1e-07,10,100,False,-284.07622311
t1_glycine,b3lyp5,switch,1e-07,11,100,False,-284.07622311
t1_glycine,b3lyp5,switch,1e-07,12,100,False,-284.07622311
t1_glycine,b3lyp5,switch,1e-07,13,100,False,-284.07622311
t1_glycine,b3lyp5,switch,1e-07,14,100,False,-284.07622311
t1_glycine,b3lyp5,switch,1e-07,15,100,False,-284.07622311
t1_glycine,b3lyp5,switch,1e-07,16,100,False,-284.07622311
t1_glycine,b3lyp5,switch,1e-07,17,100,False,-284.07622311
t1_glycine,b3lyp5,switch,1e-07,18,100,False,-284.07622311
t1_glycine,b3lyp5,switch,1e-07,19,100,False,-284.07622311
t1_glycine,b3lyp5,switch,1e-07,2,100,False,-284.07622311
t1_glycine,b3lyp5,switch,1e-07,20,100,False,-284.07622311
t1_glycine,b3lyp5,switch,1e-07,21,100,False,-284.07622311
t1_glycine,b3lyp5,switch,1e-07,22,100,False,-284.07622311
t1_glycine,b3lyp5,switch,1e-07,23,100,False,-284.07622311
t1_glycine,b3lyp5,switch,1e-07,24,100,False,-284.07622311
t1_glycine,b3lyp5,switch,1e-07,25,100,False,-284.07622311
t1_glycine,b3lyp5,switch,1e-07,26,100,False,-284.07622311
t1_glycine,b3lyp5,switch,1e-07,27,100,False,-284.07622311
t1_glycine,b3lyp5,switch,1e-07,28,100,False,-284.07622311
t1_glycine,b3lyp5,switch,1e-07,29,100,False,-284.07622311
t1_glycine,b3lyp5,switch,1e-07,3,100,False,-284.07622311
t1_glycine,b3lyp5,switch,1e-07,30,100,False,-284.07622311
t1_glycine,b3lyp5,switch,1e-07,4,100,False,-284.07622311
t1_glycine,b3lyp5,switch,1e-07,5,100,False,-284.07622311
t1_glycine,b3lyp5,switch,1e-07,6,100,False,-284.07622311
t1_glycine,b3lyp5,switch,1e-07,7,100,False,-284.07622311
t1_glycine,b3lyp5,switch,1e-07,8,100,False,-284.07622311
t1_glycine,b3lyp5,switch,1e-07,9,100,False,-284.07622311
t1_glycine,b3lyp5,switch,1e-08,1,21,True,-284.07622311
t1_glycine,b3lyp5,switch,1e-08,10,21,True,-284.07622311
t1_glycine,b3lyp5,switch,1e-08,11,21,True,-284.07622311
t1_glycine,b3lyp5,switch,1e-08,12,21,True,-284.07622311
t1_glycine,b3lyp5,switch,1e-08,13,21,True,-284.07622311
t1_glycine,b3lyp5,switch,1e-08,14,21,True,-284.07622311
t1_glycine,b3lyp5,switch,1e-08,15,21,True,-284.07622311
t1_glycine,b3lyp5,switch,1e-08,16,21,True,-284.07622311
t1_glycine,b3lyp5,switch,1e-08,17,21,True,-284.07622311
t1_glycine,b3lyp5,switch,1e-08,18,21,True,-284.07622311
t1_glycine,b3lyp5,switch,1e-08,19,21,True,-284.07622311
t1_glycine,b3lyp5,switch,1e-08,2,21,True,-284.07622311
t1_glycine,b3lyp5,switch,1e-08,20,21,True,-284.07622311
t1_glycine,b3lyp5,switch,1e-08,21,21,True,-284.07622311
t1_glycine,b3lyp5,switch,1e-08,22,21,True,-284.07622311
t1_glycine,b3lyp5,switch,1e-08,23,21,True,-284.07622311
t1_glycine,b3lyp5,switch,1e-08,24,21,True,-284.07622311
t1_glycine,b3lyp5,switch,1e-08,25,21,True,-284.07622311
t1_glycine,b3lyp5,switch,1e-08,26,21,True,-284.07622311
t1_glycine,b3lyp5,switch,1e-08,27,21,True,-284.07622311
t1_glycine,b3lyp5,switch,1e-08,28,21,True,-284.07622311
t1_glycine,b3lyp5,switch,1e-08,29,21,True,-284.07622311
t1_glycine,b3lyp5,switch,1e-08,3,21,True,-284.07622311
t1_glycine,b3lyp5,switch,1e-08,30,21,True,-284.07622311
t1_glycine,b3lyp5,switch,1e-08,4,21,True,-284.07622311
t1_glycine,b3lyp5,switch,1e-08,5,21,True,-284.07622311
t1_glycine,b3lyp5,switch,1e-08,6,21,True,-284.07622311
t1_glycine,b3lyp5,switch,1e-08,7,21,True,-284.07622311
t1_glycine,b3lyp5,switch,1e-08,8,21,True,-284.07622311
t1_glycine,b3lyp5,switch,1e-08,9,21,True,-284.07622311
t1_glycine,b3lyp5,switch,1e-09,1,21,True,-284.07622311
t1_glycine,b3lyp5,switch,1e-09,10,21,True,-284.07622311
t1_glycine,b3lyp5,switch,1e-09,11,21,True,-284.07622311
t1_glycine,b3lyp5,switch,1e-09,12,21,True,-284.07622311
t1_glycine,b3lyp5,switch,1e-09,13,21,True,-284.07622311
t1_glycine,b3lyp5,switch,1e-09,14,21,True,-284.07622311
t1_glycine,b3lyp5,switch,1e-09,15,21,True,-284.07622311
t1_glycine,b3lyp5,switch,1e-09,16,21,True,-284.07622311
t1_glycine,b3lyp5,switch,1e-09,17,21,True,-284.07622311
t1_glycine,b3lyp5,switch,1e-09,18,21,True,-284.07622311
t1_glycine,b3lyp5,switch,1e-09,19,21,True,-284.07622311
t1_glycine,b3lyp5,switch,1e-09,2,21,True,-284.07622311
t1_glycine,b3lyp5,switch,1e-09,20,21,True,-284.07622311
t1_glycine,b3lyp5,switch,1e-09,21,21,True,-284.07622311
t1_glycine,b3lyp5,switch,1e-09,22,21,True,-284.07622311
t1_glycine,b3lyp5,switch,1e-09,23,21,True,-284.07622311
t1_glycine,b3lyp5,switch,1e-09,24,21,True,-284.07622311
t1_glycine,b3lyp5,switch,1e-09,25,21,True,-284.07622311
t1_glycine,b3lyp5,switch,1e-09,26,21,True,-284.07622311
t1_glycine,b3lyp5,switch,1e-09,27,21,True,-284.07622311
t1_glycine,b3lyp5,switch,1e-09,28,21,True,-284.07622311
t1_glycine,b3lyp5,switch,1e-09,29,21,True,-284.07622311
t1_glycine,b3lyp5,switch,1e-09,3,21,True,-284.07622311
t1_glycine,b3lyp5,switch,1e-09,30,21,True,-284.07622311
t1_glycine,b3lyp5,switch,1e-09,4,21,True,-284.07622311
t1_glycine,b3lyp5,switch,1e-09,5,21,True,-284.07622311
t1_glycine,b3lyp5,switch,1e-09,6,21,True,-284.07622311
t1_glycine,b3lyp5,switch,1e-09,7,21,True,-284.07622311
t1_glycine,b3lyp5,switch,1e-09,8,21,True,-284.07622311
t1_glycine,b3lyp5,switch,1e-09,9,21,True,-284.07622311
t1_glycine,b3lyp5,switch,3e-08,1,21,True,-284.07622311
t1_glycine,b3lyp5,switch,3e-08,10,21,True,-284.07622311
t1_glycine,b3lyp5,switch,3e-08,11,21,True,-284.07622311
t1_glycine,b3lyp5,switch,3e-08,12,21,True,-284.07622311
t1_glycine,b3lyp5,switch,3e-08,13,21,True,-284.07622311
t1_glycine,b3lyp5,switch,3e-08,14,21,True,-284.07622311
t1_glycine,b3lyp5,switch,3e-08,15,21,True,-284.07622311
t1_glycine,b3lyp5,switch,3e-08,16,21,True,-284.07622311
t1_glycine,b3lyp5,switch,3e-08,17,21,True,-284.07622311
t1_glycine,b3lyp5,switch,3e-08,18,21,True,-284.07622311
t1_glycine,b3lyp5,switch,3e-08,19,21,True,-284.07622311
t1_glycine,b3lyp5,switch,3e-08,2,21,True,-284.07622311
t1_glycine,b3lyp5,switch,3e-08,20,21,True,-284.07622311
t1_glycine,b3lyp5,switch,3e-08,21,21,True,-284.07622311
t1_glycine,b3lyp5,switch,3e-08,22,21,True,-284.07622311
t1_glycine,b3lyp5,switch,3e-08,23,21,True,-284.07622311
t1_glycine,b3lyp5,switch,3e-08,24,21,True,-284.07622311
t1_glycine,b3lyp5,switch,3e-08,25,21,True,-284.07622311
t1_glycine,b3lyp5,switch,3e-08,26,21,True,-284.07622311
t1_glycine,b3lyp5,switch,3e-08,27,21,True,-284.07622311
t1_glycine,b3lyp5,switch,3e-08,28,21,True,-284.07622311
t1_glycine,b3lyp5,switch,3e-08,29,21,True,-284.07622311
t1_glycine,b3lyp5,switch,3e-08,3,21,True,-284.07622311
t1_glycine,b3lyp5,switch,3e-08,30,21,True,-284.07622311
t1_glycine,b3lyp5,switch,3e-08,4,21,True,-284.07622311
t1_glycine,b3lyp5,switch,3e-08,5,21,True,-284.07622311
t1_glycine,b3lyp5,switch,3e-08,6,21,True,-284.07622311
t1_glycine,b3lyp5,switch,3e-08,7,21,True,-284.07622311
t1_glycine,b3lyp5,switch,3e-08,8,21,True,-284.07622311
t1_glycine,b3lyp5,switch,3e-08,9,21,True,-284.07622311
t1_glycine,hf,diis,0e+00,1,16,True,-282.62670029
t1_glycine,hf,diis,1e-07,1,100,False,-282.62670029
t1_glycine,hf,diis,1e-07,10,100,False,-282.62670029
t1_glycine,hf,diis,1e-07,11,100,False,-282.62670029
t1_glycine,hf,diis,1e-07,12,100,False,-282.62670029
t1_glycine,hf,diis,1e-07,13,100,False,-282.62670029
t1_glycine,hf,diis,1e-07,14,100,False,-282.62670029
t1_glycine,hf,diis,1e-07,15,100,False,-282.62670029
t1_glycine,hf,diis,1e-07,16,100,False,-282.62670029
t1_glycine,hf,diis,1e-07,17,100,False,-282.62670029
t1_glycine,hf,diis,1e-07,18,100,False,-282.62670029
t1_glycine,hf,diis,1e-07,19,100,False,-282.62670029
t1_glycine,hf,diis,1e-07,2,100,False,-282.62670029
t1_glycine,hf,diis,1e-07,20,100,False,-282.62670029
t1_glycine,hf,diis,1e-07,21,100,False,-282.62670029
t1_glycine,hf,diis,1e-07,22,100,False,-282.62670029
t1_glycine,hf,diis,1e-07,23,100,False,-282.62670029
t1_glycine,hf,diis,1e-07,24,100,False,-282.62670029
t1_glycine,hf,diis,1e-07,25,100,False,-282.62670029
t1_glycine,hf,diis,1e-07,26,100,False,-282.62670029
t1_glycine,hf,diis,1e-07,27,100,False,-282.62670029
t1_glycine,hf,diis,1e-07,28,100,False,-282.62670029
t1_glycine,hf,diis,1e-07,29,100,False,-282.62670029
t1_glycine,hf,diis,1e-07,3,100,False,-282.62670029
t1_glycine,hf,diis,1e-07,30,100,False,-282.62670029
t1_glycine,hf,diis,1e-07,4,100,False,-282.62670029
t1_glycine,hf,diis,1e-07,5,100,False,-282.62670029
t1_glycine,hf,diis,1e-07,6,100,False,-282.62670029
t1_glycine,hf,diis,1e-07,7,100,False,-282.62670029
t1_glycine,hf,diis,1e-07,8,100,False,-282.62670029
t1_glycine,hf,diis,1e-07,9,100,False,-282.62670029
t1_glycine,hf,diis,1e-08,1,16,True,-282.62670029
t1_glycine,hf,diis,1e-08,10,16,True,-282.62670029
t1_glycine,hf,diis,1e-08,11,16,True,-282.62670029
t1_glycine,hf,diis,1e-08,12,16,True,-282.62670029
t1_glycine,hf,diis,1e-08,13,16,True,-282.62670029
t1_glycine,hf,diis,1e-08,14,16,True,-282.62670029
t1_glycine,hf,diis,1e-08,15,16,True,-282.62670029
t1_glycine,hf,diis,1e-08,16,16,True,-282.62670029
t1_glycine,hf,diis,1e-08,17,16,True,-282.62670029
t1_glycine,hf,diis,1e-08,18,16,True,-282.62670029
t1_glycine,hf,diis,1e-08,19,16,True,-282.62670029
t1_glycine,hf,diis,1e-08,2,16,True,-282.62670029
t1_glycine,hf,diis,1e-08,20,16,True,-282.62670029
t1_glycine,hf,diis,1e-08,21,16,True,-282.62670029
t1_glycine,hf,diis,1e-08,22,16,True,-282.62670029
t1_glycine,hf,diis,1e-08,23,16,True,-282.62670029
t1_glycine,hf,diis,1e-08,24,16,True,-282.62670029
t1_glycine,hf,diis,1e-08,25,16,True,-282.62670029
t1_glycine,hf,diis,1e-08,26,16,True,-282.62670029
t1_glycine,hf,diis,1e-08,27,16,True,-282.62670029
t1_glycine,hf,diis,1e-08,28,16,True,-282.62670029
t1_glycine,hf,diis,1e-08,29,16,True,-282.62670029
t1_glycine,hf,diis,1e-08,3,16,True,-282.62670029
t1_glycine,hf,diis,1e-08,30,16,True,-282.62670029
t1_glycine,hf,diis,1e-08,4,16,True,-282.62670029
t1_glycine,hf,diis,1e-08,5,16,True,-282.62670029
t1_glycine,hf,diis,1e-08,6,16,True,-282.62670029
t1_glycine,hf,diis,1e-08,7,16,True,-282.62670029
t1_glycine,hf,diis,1e-08,8,16,True,-282.62670029
t1_glycine,hf,diis,1e-08,9,16,True,-282.62670029
t1_glycine,hf,diis,1e-09,1,16,True,-282.62670029
t1_glycine,hf,diis,1e-09,10,16,True,-282.62670029
t1_glycine,hf,diis,1e-09,11,16,True,-282.62670029
t1_glycine,hf,diis,1e-09,12,16,True,-282.62670029
t1_glycine,hf,diis,1e-09,13,16,True,-282.62670029
t1_glycine,hf,diis,1e-09,14,16,True,-282.62670029
t1_glycine,hf,diis,1e-09,15,16,True,-282.62670029
t1_glycine,hf,diis,1e-09,16,16,True,-282.62670029
t1_glycine,hf,diis,1e-09,17,16,True,-282.62670029
t1_glycine,hf,diis,1e-09,18,16,True,-282.62670029
t1_glycine,hf,diis,1e-09,19,16,True,-282.62670029
t1_glycine,hf,diis,1e-09,2,16,True,-282.62670029
t1_glycine,hf,diis,1e-09,20,16,True,-282.62670029
t1_glycine,hf,diis,1e-09,21,16,True,-282.62670029
t1_glycine,hf,diis,1e-09,22,16,True,-282.62670029
t1_glycine,hf,diis,1e-09,23,16,True,-282.62670029
t1_glycine,hf,diis,1e-09,24,16,True,-282.62670029
t1_glycine,hf,diis,1e-09,25,16,True,-282.62670029
t1_glycine,hf,diis,1e-09,26,16,True,-282.62670029
t1_glycine,hf,diis,1e-09,27,16,True,-282.62670029
t1_glycine,hf,diis,1e-09,28,16,True,-282.62670029
t1_glycine,hf,diis,1e-09,29,16,True,-282.62670029
t1_glycine,hf,diis,1e-09,3,16,True,-282.62670029
t1_glycine,hf,diis,1e-09,30,16,True,-282.62670029
t1_glycine,hf,diis,1e-09,4,16,True,-282.62670029
t1_glycine,hf,diis,1e-09,5,16,True,-282.62670029
t1_glycine,hf,diis,1e-09,6,16,True,-282.62670029
t1_glycine,hf,diis,1e-09,7,16,True,-282.62670029
t1_glycine,hf,diis,1e-09,8,16,True,-282.62670029
t1_glycine,hf,diis,1e-09,9,16,True,-282.62670029
t1_glycine,hf,diis,3e-08,1,17,True,-282.62670029
t1_glycine,hf,diis,3e-08,10,17,True,-282.62670029
t1_glycine,hf,diis,3e-08,11,17,True,-282.62670029
t1_glycine,hf,diis,3e-08,12,17,True,-282.62670029
t1_glycine,hf,diis,3e-08,13,18,True,-282.62670029
t1_glycine,hf,diis,3e-08,14,17,True,-282.62670029
t1_glycine,hf,diis,3e-08,15,17,True,-282.62670029
t1_glycine,hf,diis,3e-08,16,17,True,-282.62670029
t1_glycine,hf,diis,3e-08,17,17,True,-282.62670029
t1_glycine,hf,diis,3e-08,18,17,True,-282.62670029
t1_glycine,hf,diis,3e-08,19,17,True,-282.62670029
t1_glycine,hf,diis,3e-08,2,17,True,-282.62670029
t1_glycine,hf,diis,3e-08,20,17,True,-282.62670029
t1_glycine,hf,diis,3e-08,21,17,True,-282.62670029
t1_glycine,hf,diis,3e-08,22,17,True,-282.62670029
t1_glycine,hf,diis,3e-08,23,17,True,-282.62670029
t1_glycine,hf,diis,3e-08,24,17,True,-282.62670029
t1_glycine,hf,diis,3e-08,25,17,True,-282.62670029
t1_glycine,hf,diis,3e-08,26,17,True,-282.62670029
t1_glycine,hf,diis,3e-08,27,17,True,-282.62670029
t1_glycine,hf,diis,3e-08,28,18,True,-282.62670029
t1_glycine,hf,diis,3e-08,29,17,True,-282.62670029
t1_glycine,hf,diis,3e-08,3,17,True,-282.62670029
t1_glycine,hf,diis,3e-08,30,17,True,-282.62670029
t1_glycine,hf,diis,3e-08,4,17,True,-282.62670029
t1_glycine,hf,diis,3e-08,5,17,True,-282.62670029
t1_glycine,hf,diis,3e-08,6,17,True,-282.62670029
t1_glycine,hf,diis,3e-08,7,17,True,-282.62670029
t1_glycine,hf,diis,3e-08,8,17,True,-282.62670029
t1_glycine,hf,diis,3e-08,9,17,True,-282.62670029
t1_glycine,hf,ensemble,0e+00,1,35,True,-282.62670029
t1_glycine,hf,ensemble,1e-07,1,100,False,-282.62670029
t1_glycine,hf,ensemble,1e-07,10,100,False,-282.62670029
t1_glycine,hf,ensemble,1e-07,11,100,False,-282.62670029
t1_glycine,hf,ensemble,1e-07,12,100,False,-282.62670029
t1_glycine,hf,ensemble,1e-07,13,100,False,-282.62670029
t1_glycine,hf,ensemble,1e-07,14,100,False,-282.62670029
t1_glycine,hf,ensemble,1e-07,15,100,False,-282.62670029
t1_glycine,hf,ensemble,1e-07,16,100,False,-282.62670029
t1_glycine,hf,ensemble,1e-07,17,100,False,-282.62670029
t1_glycine,hf,ensemble,1e-07,18,100,False,-282.62670029
t1_glycine,hf,ensemble,1e-07,19,100,False,-282.62670029
t1_glycine,hf,ensemble,1e-07,2,100,False,-282.62670029
t1_glycine,hf,ensemble,1e-07,20,100,False,-282.62670029
t1_glycine,hf,ensemble,1e-07,21,100,False,-282.62670029
t1_glycine,hf,ensemble,1e-07,22,100,False,-282.62670029
t1_glycine,hf,ensemble,1e-07,23,100,False,-282.62670029
t1_glycine,hf,ensemble,1e-07,24,100,False,-282.62670029
t1_glycine,hf,ensemble,1e-07,25,100,False,-282.62670029
t1_glycine,hf,ensemble,1e-07,26,100,False,-282.62670029
t1_glycine,hf,ensemble,1e-07,27,100,False,-282.62670029
t1_glycine,hf,ensemble,1e-07,28,100,False,-282.62670029
t1_glycine,hf,ensemble,1e-07,29,100,False,-282.62670029
t1_glycine,hf,ensemble,1e-07,3,100,False,-282.62670029
t1_glycine,hf,ensemble,1e-07,30,100,False,-282.62670029
t1_glycine,hf,ensemble,1e-07,4,100,False,-282.62670029
t1_glycine,hf,ensemble,1e-07,5,100,False,-282.62670029
t1_glycine,hf,ensemble,1e-07,6,100,False,-282.62670029
t1_glycine,hf,ensemble,1e-07,7,100,False,-282.62670029
t1_glycine,hf,ensemble,1e-07,8,100,False,-282.62670029
t1_glycine,hf,ensemble,1e-07,9,100,False,-282.62670029
t1_glycine,hf,ensemble,1e-08,1,35,True,-282.62670029
t1_glycine,hf,ensemble,1e-08,10,35,True,-282.62670029
t1_glycine,hf,ensemble,1e-08,11,35,True,-282.62670029
t1_glycine,hf,ensemble,1e-08,12,35,True,-282.62670029
t1_glycine,hf,ensemble,1e-08,13,35,True,-282.62670029
t1_glycine,hf,ensemble,1e-08,14,35,True,-282.62670029
t1_glycine,hf,ensemble,1e-08,15,35,True,-282.62670029
t1_glycine,hf,ensemble,1e-08,16,35,True,-282.62670029
t1_glycine,hf,ensemble,1e-08,17,35,True,-282.62670029
t1_glycine,hf,ensemble,1e-08,18,35,True,-282.62670029
t1_glycine,hf,ensemble,1e-08,19,35,True,-282.62670029
t1_glycine,hf,ensemble,1e-08,2,35,True,-282.62670029
t1_glycine,hf,ensemble,1e-08,20,35,True,-282.62670029
t1_glycine,hf,ensemble,1e-08,21,35,True,-282.62670029
t1_glycine,hf,ensemble,1e-08,22,35,True,-282.62670029
t1_glycine,hf,ensemble,1e-08,23,35,True,-282.62670029
t1_glycine,hf,ensemble,1e-08,24,35,True,-282.62670029
t1_glycine,hf,ensemble,1e-08,25,35,True,-282.62670029
t1_glycine,hf,ensemble,1e-08,26,35,True,-282.62670029
t1_glycine,hf,ensemble,1e-08,27,35,True,-282.62670029
t1_glycine,hf,ensemble,1e-08,28,35,True,-282.62670029
t1_glycine,hf,ensemble,1e-08,29,35,True,-282.62670029
t1_glycine,hf,ensemble,1e-08,3,35,True,-282.62670029
t1_glycine,hf,ensemble,1e-08,30,35,True,-282.62670029
t1_glycine,hf,ensemble,1e-08,4,35,True,-282.62670029
t1_glycine,hf,ensemble,1e-08,5,35,True,-282.62670029
t1_glycine,hf,ensemble,1e-08,6,35,True,-282.62670029
t1_glycine,hf,ensemble,1e-08,7,35,True,-282.62670029
t1_glycine,hf,ensemble,1e-08,8,35,True,-282.62670029
t1_glycine,hf,ensemble,1e-08,9,35,True,-282.62670029
t1_glycine,hf,ensemble,1e-09,1,35,True,-282.62670029
t1_glycine,hf,ensemble,1e-09,10,35,True,-282.62670029
t1_glycine,hf,ensemble,1e-09,11,35,True,-282.62670029
t1_glycine,hf,ensemble,1e-09,12,35,True,-282.62670029
t1_glycine,hf,ensemble,1e-09,13,35,True,-282.62670029
t1_glycine,hf,ensemble,1e-09,14,35,True,-282.62670029
t1_glycine,hf,ensemble,1e-09,15,35,True,-282.62670029
t1_glycine,hf,ensemble,1e-09,16,35,True,-282.62670029
t1_glycine,hf,ensemble,1e-09,17,35,True,-282.62670029
t1_glycine,hf,ensemble,1e-09,18,35,True,-282.62670029
t1_glycine,hf,ensemble,1e-09,19,35,True,-282.62670029
t1_glycine,hf,ensemble,1e-09,2,35,True,-282.62670029
t1_glycine,hf,ensemble,1e-09,20,35,True,-282.62670029
t1_glycine,hf,ensemble,1e-09,21,35,True,-282.62670029
t1_glycine,hf,ensemble,1e-09,22,35,True,-282.62670029
t1_glycine,hf,ensemble,1e-09,23,35,True,-282.62670029
t1_glycine,hf,ensemble,1e-09,24,35,True,-282.62670029
t1_glycine,hf,ensemble,1e-09,25,35,True,-282.62670029
t1_glycine,hf,ensemble,1e-09,26,35,True,-282.62670029
t1_glycine,hf,ensemble,1e-09,27,35,True,-282.62670029
t1_glycine,hf,ensemble,1e-09,28,35,True,-282.62670029
t1_glycine,hf,ensemble,1e-09,29,35,True,-282.62670029
t1_glycine,hf,ensemble,1e-09,3,35,True,-282.62670029
t1_glycine,hf,ensemble,1e-09,30,35,True,-282.62670029
t1_glycine,hf,ensemble,1e-09,4,35,True,-282.62670029
t1_glycine,hf,ensemble,1e-09,5,35,True,-282.62670029
t1_glycine,hf,ensemble,1e-09,6,35,True,-282.62670029
t1_glycine,hf,ensemble,1e-09,7,35,True,-282.62670029
t1_glycine,hf,ensemble,1e-09,8,35,True,-282.62670029
t1_glycine,hf,ensemble,1e-09,9,35,True,-282.62670029
t1_glycine,hf,ensemble,3e-08,1,36,True,-282.62670029
t1_glycine,hf,ensemble,3e-08,10,37,True,-282.62670029
t1_glycine,hf,ensemble,3e-08,11,36,True,-282.62670029
t1_glycine,hf,ensemble,3e-08,12,36,True,-282.62670029
t1_glycine,hf,ensemble,3e-08,13,36,True,-282.62670029
t1_glycine,hf,ensemble,3e-08,14,36,True,-282.62670029
t1_glycine,hf,ensemble,3e-08,15,38,True,-282.62670029
t1_glycine,hf,ensemble,3e-08,16,37,True,-282.62670029
t1_glycine,hf,ensemble,3e-08,17,37,True,-282.62670029
t1_glycine,hf,ensemble,3e-08,18,36,True,-282.62670029
t1_glycine,hf,ensemble,3e-08,19,36,True,-282.62670029
t1_glycine,hf,ensemble,3e-08,2,36,True,-282.62670029
t1_glycine,hf,ensemble,3e-08,20,36,True,-282.62670029
t1_glycine,hf,ensemble,3e-08,21,37,True,-282.62670029
t1_glycine,hf,ensemble,3e-08,22,36,True,-282.62670029
t1_glycine,hf,ensemble,3e-08,23,36,True,-282.62670029
t1_glycine,hf,ensemble,3e-08,24,36,True,-282.62670029
t1_glycine,hf,ensemble,3e-08,25,36,True,-282.62670029
t1_glycine,hf,ensemble,3e-08,26,36,True,-282.62670029
t1_glycine,hf,ensemble,3e-08,27,36,True,-282.62670029
t1_glycine,hf,ensemble,3e-08,28,36,True,-282.62670029
t1_glycine,hf,ensemble,3e-08,29,37,True,-282.62670029
t1_glycine,hf,ensemble,3e-08,3,36,True,-282.62670029
t1_glycine,hf,ensemble,3e-08,30,36,True,-282.62670029
t1_glycine,hf,ensemble,3e-08,4,36,True,-282.62670029
t1_glycine,hf,ensemble,3e-08,5,36,True,-282.62670029
t1_glycine,hf,ensemble,3e-08,6,36,True,-282.62670029
t1_glycine,hf,ensemble,3e-08,7,36,True,-282.62670029
t1_glycine,hf,ensemble,3e-08,8,36,True,-282.62670029
t1_glycine,hf,ensemble,3e-08,9,38,True,-282.62670029
t1_glycine,hf,histqn,0e+00,1,91,True,-282.62670029
t1_glycine,hf,histqn,1e-07,1,100,False,-282.62670029
t1_glycine,hf,histqn,1e-07,10,100,False,-282.62670029
t1_glycine,hf,histqn,1e-07,11,100,False,-282.62670029
t1_glycine,hf,histqn,1e-07,12,100,False,-282.62670029
t1_glycine,hf,histqn,1e-07,13,100,False,-282.62670029
t1_glycine,hf,histqn,1e-07,14,100,False,-282.62670029
t1_glycine,hf,histqn,1e-07,15,100,False,-282.62670029
t1_glycine,hf,histqn,1e-07,16,100,False,-282.62670029
t1_glycine,hf,histqn,1e-07,17,100,False,-282.62670029
t1_glycine,hf,histqn,1e-07,18,100,False,-282.62670029
t1_glycine,hf,histqn,1e-07,19,100,False,-282.62670029
t1_glycine,hf,histqn,1e-07,2,100,False,-282.62670029
t1_glycine,hf,histqn,1e-07,20,100,False,-282.62670029
t1_glycine,hf,histqn,1e-07,21,100,False,-282.62670029
t1_glycine,hf,histqn,1e-07,22,100,False,-282.62670029
t1_glycine,hf,histqn,1e-07,23,100,False,-282.62670029
t1_glycine,hf,histqn,1e-07,24,100,False,-282.62670029
t1_glycine,hf,histqn,1e-07,25,100,False,-282.62670029
t1_glycine,hf,histqn,1e-07,26,100,False,-282.62670029
t1_glycine,hf,histqn,1e-07,27,100,False,-282.62670029
t1_glycine,hf,histqn,1e-07,28,100,False,-282.62670029
t1_glycine,hf,histqn,1e-07,29,100,False,-282.62670029
t1_glycine,hf,histqn,1e-07,3,100,False,-282.62670029
t1_glycine,hf,histqn,1e-07,30,100,False,-282.62670029
t1_glycine,hf,histqn,1e-07,4,100,False,-282.62670029
t1_glycine,hf,histqn,1e-07,5,100,False,-282.62670029
t1_glycine,hf,histqn,1e-07,6,100,False,-282.62670029
t1_glycine,hf,histqn,1e-07,7,100,False,-282.62670029
t1_glycine,hf,histqn,1e-07,8,100,False,-282.62670029
t1_glycine,hf,histqn,1e-07,9,100,False,-282.62670029
t1_glycine,hf,histqn,1e-08,1,92,True,-282.62670029
t1_glycine,hf,histqn,1e-08,10,91,True,-282.62670029
t1_glycine,hf,histqn,1e-08,11,91,True,-282.62670029
t1_glycine,hf,histqn,1e-08,12,91,True,-282.62670029
t1_glycine,hf,histqn,1e-08,13,91,True,-282.62670029
t1_glycine,hf,histqn,1e-08,14,92,True,-282.62670029
t1_glycine,hf,histqn,1e-08,15,91,True,-282.62670029
t1_glycine,hf,histqn,1e-08,16,93,True,-282.62670029
t1_glycine,hf,histqn,1e-08,17,89,True,-282.62670029
t1_glycine,hf,histqn,1e-08,18,91,True,-282.62670029
t1_glycine,hf,histqn,1e-08,19,92,True,-282.62670029
t1_glycine,hf,histqn,1e-08,2,91,True,-282.62670029
t1_glycine,hf,histqn,1e-08,20,89,True,-282.62670029
t1_glycine,hf,histqn,1e-08,21,94,True,-282.62670029
t1_glycine,hf,histqn,1e-08,22,89,True,-282.62670029
t1_glycine,hf,histqn,1e-08,23,92,True,-282.62670029
t1_glycine,hf,histqn,1e-08,24,91,True,-282.62670029
t1_glycine,hf,histqn,1e-08,25,94,True,-282.62670029
t1_glycine,hf,histqn,1e-08,26,89,True,-282.62670029
t1_glycine,hf,histqn,1e-08,27,92,True,-282.62670029
t1_glycine,hf,histqn,1e-08,28,91,True,-282.62670029
t1_glycine,hf,histqn,1e-08,29,93,True,-282.62670029
t1_glycine,hf,histqn,1e-08,3,92,True,-282.62670029
t1_glycine,hf,histqn,1e-08,30,89,True,-282.62670029
t1_glycine,hf,histqn,1e-08,4,91,True,-282.62670029
t1_glycine,hf,histqn,1e-08,5,92,True,-282.62670029
t1_glycine,hf,histqn,1e-08,6,91,True,-282.62670029
t1_glycine,hf,histqn,1e-08,7,90,True,-282.62670029
t1_glycine,hf,histqn,1e-08,8,91,True,-282.62670029
t1_glycine,hf,histqn,1e-08,9,93,True,-282.62670029
t1_glycine,hf,histqn,1e-09,1,91,True,-282.62670029
t1_glycine,hf,histqn,1e-09,10,91,True,-282.62670029
t1_glycine,hf,histqn,1e-09,11,91,True,-282.62670029
t1_glycine,hf,histqn,1e-09,12,91,True,-282.62670029
t1_glycine,hf,histqn,1e-09,13,91,True,-282.62670029
t1_glycine,hf,histqn,1e-09,14,91,True,-282.62670029
t1_glycine,hf,histqn,1e-09,15,91,True,-282.62670029
t1_glycine,hf,histqn,1e-09,16,91,True,-282.62670029
t1_glycine,hf,histqn,1e-09,17,91,True,-282.62670029
t1_glycine,hf,histqn,1e-09,18,91,True,-282.62670029
t1_glycine,hf,histqn,1e-09,19,91,True,-282.62670029
t1_glycine,hf,histqn,1e-09,2,91,True,-282.62670029
t1_glycine,hf,histqn,1e-09,20,91,True,-282.62670029
t1_glycine,hf,histqn,1e-09,21,91,True,-282.62670029
t1_glycine,hf,histqn,1e-09,22,91,True,-282.62670029
t1_glycine,hf,histqn,1e-09,23,91,True,-282.62670029
t1_glycine,hf,histqn,1e-09,24,91,True,-282.62670029
t1_glycine,hf,histqn,1e-09,25,91,True,-282.62670029
t1_glycine,hf,histqn,1e-09,26,91,True,-282.62670029
t1_glycine,hf,histqn,1e-09,27,91,True,-282.62670029
t1_glycine,hf,histqn,1e-09,28,91,True,-282.62670029
t1_glycine,hf,histqn,1e-09,29,91,True,-282.62670029
t1_glycine,hf,histqn,1e-09,3,91,True,-282.62670029
t1_glycine,hf,histqn,1e-09,30,91,True,-282.62670029
t1_glycine,hf,histqn,1e-09,4,91,True,-282.62670029
t1_glycine,hf,histqn,1e-09,5,91,True,-282.62670029
t1_glycine,hf,histqn,1e-09,6,91,True,-282.62670029
t1_glycine,hf,histqn,1e-09,7,91,True,-282.62670029
t1_glycine,hf,histqn,1e-09,8,91,True,-282.62670029
t1_glycine,hf,histqn,1e-09,9,91,True,-282.62670029
t1_glycine,hf,histqn,3e-08,1,99,True,-282.62670029
t1_glycine,hf,histqn,3e-08,10,96,True,-282.62670029
t1_glycine,hf,histqn,3e-08,11,98,True,-282.62670029
t1_glycine,hf,histqn,3e-08,12,97,True,-282.62670029
t1_glycine,hf,histqn,3e-08,13,96,True,-282.62670029
t1_glycine,hf,histqn,3e-08,14,95,True,-282.62670029
t1_glycine,hf,histqn,3e-08,15,100,True,-282.62670029
t1_glycine,hf,histqn,3e-08,16,93,True,-282.62670029
t1_glycine,hf,histqn,3e-08,17,98,True,-282.62670029
t1_glycine,hf,histqn,3e-08,18,100,False,-282.62670029
t1_glycine,hf,histqn,3e-08,19,96,True,-282.62670029
t1_glycine,hf,histqn,3e-08,2,100,True,-282.62670029
t1_glycine,hf,histqn,3e-08,20,99,True,-282.62670029
t1_glycine,hf,histqn,3e-08,21,98,True,-282.62670029
t1_glycine,hf,histqn,3e-08,22,93,True,-282.62670029
t1_glycine,hf,histqn,3e-08,23,100,True,-282.62670029
t1_glycine,hf,histqn,3e-08,24,100,True,-282.62670029
t1_glycine,hf,histqn,3e-08,25,94,True,-282.62670029
t1_glycine,hf,histqn,3e-08,26,100,False,-282.62670029
t1_glycine,hf,histqn,3e-08,27,97,True,-282.62670029
t1_glycine,hf,histqn,3e-08,28,100,False,-282.62670029
t1_glycine,hf,histqn,3e-08,29,100,False,-282.62670029
t1_glycine,hf,histqn,3e-08,3,99,True,-282.62670029
t1_glycine,hf,histqn,3e-08,30,100,False,-282.62670029
t1_glycine,hf,histqn,3e-08,4,100,False,-282.62670029
t1_glycine,hf,histqn,3e-08,5,100,False,-282.62670029
t1_glycine,hf,histqn,3e-08,6,100,True,-282.62670029
t1_glycine,hf,histqn,3e-08,7,99,True,-282.62670029
t1_glycine,hf,histqn,3e-08,8,98,True,-282.62670029
t1_glycine,hf,histqn,3e-08,9,97,True,-282.62670029
t1_glycine,hf,soscf,0e+00,1,35,True,-282.62670029
t1_glycine,hf,soscf,1e-07,1,100,False,-282.62670029
t1_glycine,hf,soscf,1e-07,10,100,False,-282.62670029
t1_glycine,hf,soscf,1e-07,11,100,False,-282.62670029
t1_glycine,hf,soscf,1e-07,12,100,False,-282.62670029
t1_glycine,hf,soscf,1e-07,13,100,False,-282.62670029
t1_glycine,hf,soscf,1e-07,14,100,False,-282.62670029
t1_glycine,hf,soscf,1e-07,15,100,False,-282.62670029
t1_glycine,hf,soscf,1e-07,16,100,False,-282.62670029
t1_glycine,hf,soscf,1e-07,17,100,False,-282.62670029
t1_glycine,hf,soscf,1e-07,18,100,False,-282.62670029
t1_glycine,hf,soscf,1e-07,19,100,False,-282.62670029
t1_glycine,hf,soscf,1e-07,2,100,False,-282.62670029
t1_glycine,hf,soscf,1e-07,20,100,False,-282.62670029
t1_glycine,hf,soscf,1e-07,21,100,False,-282.62670029
t1_glycine,hf,soscf,1e-07,22,100,False,-282.62670029
t1_glycine,hf,soscf,1e-07,23,100,False,-282.62670029
t1_glycine,hf,soscf,1e-07,24,100,False,-282.62670029
t1_glycine,hf,soscf,1e-07,25,100,False,-282.62670029
t1_glycine,hf,soscf,1e-07,26,100,False,-282.62670029
t1_glycine,hf,soscf,1e-07,27,100,False,-282.62670029
t1_glycine,hf,soscf,1e-07,28,100,False,-282.62670029
t1_glycine,hf,soscf,1e-07,29,100,False,-282.62670029
t1_glycine,hf,soscf,1e-07,3,100,False,-282.62670029
t1_glycine,hf,soscf,1e-07,30,100,False,-282.62670029
t1_glycine,hf,soscf,1e-07,4,100,False,-282.62670029
t1_glycine,hf,soscf,1e-07,5,100,False,-282.62670029
t1_glycine,hf,soscf,1e-07,6,100,False,-282.62670029
t1_glycine,hf,soscf,1e-07,7,100,False,-282.62670029
t1_glycine,hf,soscf,1e-07,8,100,False,-282.62670029
t1_glycine,hf,soscf,1e-07,9,100,False,-282.62670029
t1_glycine,hf,soscf,1e-08,1,35,True,-282.62670029
t1_glycine,hf,soscf,1e-08,10,35,True,-282.62670029
t1_glycine,hf,soscf,1e-08,11,35,True,-282.62670029
t1_glycine,hf,soscf,1e-08,12,35,True,-282.62670029
t1_glycine,hf,soscf,1e-08,13,35,True,-282.62670029
t1_glycine,hf,soscf,1e-08,14,35,True,-282.62670029
t1_glycine,hf,soscf,1e-08,15,35,True,-282.62670029
t1_glycine,hf,soscf,1e-08,16,35,True,-282.62670029
t1_glycine,hf,soscf,1e-08,17,35,True,-282.62670029
t1_glycine,hf,soscf,1e-08,18,35,True,-282.62670029
t1_glycine,hf,soscf,1e-08,19,35,True,-282.62670029
t1_glycine,hf,soscf,1e-08,2,35,True,-282.62670029
t1_glycine,hf,soscf,1e-08,20,35,True,-282.62670029
t1_glycine,hf,soscf,1e-08,21,35,True,-282.62670029
t1_glycine,hf,soscf,1e-08,22,35,True,-282.62670029
t1_glycine,hf,soscf,1e-08,23,35,True,-282.62670029
t1_glycine,hf,soscf,1e-08,24,35,True,-282.62670029
t1_glycine,hf,soscf,1e-08,25,35,True,-282.62670029
t1_glycine,hf,soscf,1e-08,26,35,True,-282.62670029
t1_glycine,hf,soscf,1e-08,27,35,True,-282.62670029
t1_glycine,hf,soscf,1e-08,28,35,True,-282.62670029
t1_glycine,hf,soscf,1e-08,29,35,True,-282.62670029
t1_glycine,hf,soscf,1e-08,3,35,True,-282.62670029
t1_glycine,hf,soscf,1e-08,30,35,True,-282.62670029
t1_glycine,hf,soscf,1e-08,4,35,True,-282.62670029
t1_glycine,hf,soscf,1e-08,5,35,True,-282.62670029
t1_glycine,hf,soscf,1e-08,6,35,True,-282.62670029
t1_glycine,hf,soscf,1e-08,7,35,True,-282.62670029
t1_glycine,hf,soscf,1e-08,8,35,True,-282.62670029
t1_glycine,hf,soscf,1e-08,9,35,True,-282.62670029
t1_glycine,hf,soscf,1e-09,1,35,True,-282.62670029
t1_glycine,hf,soscf,1e-09,10,35,True,-282.62670029
t1_glycine,hf,soscf,1e-09,11,35,True,-282.62670029
t1_glycine,hf,soscf,1e-09,12,35,True,-282.62670029
t1_glycine,hf,soscf,1e-09,13,35,True,-282.62670029
t1_glycine,hf,soscf,1e-09,14,35,True,-282.62670029
t1_glycine,hf,soscf,1e-09,15,35,True,-282.62670029
t1_glycine,hf,soscf,1e-09,16,35,True,-282.62670029
t1_glycine,hf,soscf,1e-09,17,35,True,-282.62670029
t1_glycine,hf,soscf,1e-09,18,35,True,-282.62670029
t1_glycine,hf,soscf,1e-09,19,35,True,-282.62670029
t1_glycine,hf,soscf,1e-09,2,35,True,-282.62670029
t1_glycine,hf,soscf,1e-09,20,35,True,-282.62670029
t1_glycine,hf,soscf,1e-09,21,35,True,-282.62670029
t1_glycine,hf,soscf,1e-09,22,35,True,-282.62670029
t1_glycine,hf,soscf,1e-09,23,35,True,-282.62670029
t1_glycine,hf,soscf,1e-09,24,35,True,-282.62670029
t1_glycine,hf,soscf,1e-09,25,35,True,-282.62670029
t1_glycine,hf,soscf,1e-09,26,35,True,-282.62670029
t1_glycine,hf,soscf,1e-09,27,35,True,-282.62670029
t1_glycine,hf,soscf,1e-09,28,35,True,-282.62670029
t1_glycine,hf,soscf,1e-09,29,35,True,-282.62670029
t1_glycine,hf,soscf,1e-09,3,35,True,-282.62670029
t1_glycine,hf,soscf,1e-09,30,35,True,-282.62670029
t1_glycine,hf,soscf,1e-09,4,35,True,-282.62670029
t1_glycine,hf,soscf,1e-09,5,35,True,-282.62670029
t1_glycine,hf,soscf,1e-09,6,35,True,-282.62670029
t1_glycine,hf,soscf,1e-09,7,35,True,-282.62670029
t1_glycine,hf,soscf,1e-09,8,35,True,-282.62670029
t1_glycine,hf,soscf,1e-09,9,35,True,-282.62670029
t1_glycine,hf,soscf,3e-08,1,36,True,-282.62670029
t1_glycine,hf,soscf,3e-08,10,37,True,-282.62670029
t1_glycine,hf,soscf,3e-08,11,36,True,-282.62670029
t1_glycine,hf,soscf,3e-08,12,36,True,-282.62670029
t1_glycine,hf,soscf,3e-08,13,36,True,-282.62670029
t1_glycine,hf,soscf,3e-08,14,36,True,-282.62670029
t1_glycine,hf,soscf,3e-08,15,38,True,-282.62670029
t1_glycine,hf,soscf,3e-08,16,37,True,-282.62670029
t1_glycine,hf,soscf,3e-08,17,37,True,-282.62670029
t1_glycine,hf,soscf,3e-08,18,36,True,-282.62670029
t1_glycine,hf,soscf,3e-08,19,36,True,-282.62670029
t1_glycine,hf,soscf,3e-08,2,36,True,-282.62670029
t1_glycine,hf,soscf,3e-08,20,36,True,-282.62670029
t1_glycine,hf,soscf,3e-08,21,37,True,-282.62670029
t1_glycine,hf,soscf,3e-08,22,36,True,-282.62670029
t1_glycine,hf,soscf,3e-08,23,36,True,-282.62670029
t1_glycine,hf,soscf,3e-08,24,36,True,-282.62670029
t1_glycine,hf,soscf,3e-08,25,36,True,-282.62670029
t1_glycine,hf,soscf,3e-08,26,36,True,-282.62670029
t1_glycine,hf,soscf,3e-08,27,36,True,-282.62670029
t1_glycine,hf,soscf,3e-08,28,36,True,-282.62670029
t1_glycine,hf,soscf,3e-08,29,37,True,-282.62670029
t1_glycine,hf,soscf,3e-08,3,36,True,-282.62670029
t1_glycine,hf,soscf,3e-08,30,36,True,-282.62670029
t1_glycine,hf,soscf,3e-08,4,36,True,-282.62670029
t1_glycine,hf,soscf,3e-08,5,36,True,-282.62670029
t1_glycine,hf,soscf,3e-08,6,36,True,-282.62670029
t1_glycine,hf,soscf,3e-08,7,36,True,-282.62670029
t1_glycine,hf,soscf,3e-08,8,36,True,-282.62670029
t1_glycine,hf,soscf,3e-08,9,38,True,-282.62670029
t1_glycine,hf,switch,0e+00,1,16,True,-282.62670029
t1_glycine,hf,switch,1e-07,1,100,False,-282.62670029
t1_glycine,hf,switch,1e-07,10,100,False,-282.62670029
t1_glycine,hf,switch,1e-07,11,100,False,-282.62670029
t1_glycine,hf,switch,1e-07,12,100,False,-282.62670029
t1_glycine,hf,switch,1e-07,13,100,False,-282.62670029
t1_glycine,hf,switch,1e-07,14,100,False,-282.62670029
t1_glycine,hf,switch,1e-07,15,100,False,-282.62670029
t1_glycine,hf,switch,1e-07,16,100,False,-282.62670029
t1_glycine,hf,switch,1e-07,17,100,False,-282.62670029
t1_glycine,hf,switch,1e-07,18,100,False,-282.62670029
t1_glycine,hf,switch,1e-07,19,100,False,-282.62670029
t1_glycine,hf,switch,1e-07,2,100,False,-282.62670029
t1_glycine,hf,switch,1e-07,20,100,False,-282.62670029
t1_glycine,hf,switch,1e-07,21,100,False,-282.62670029
t1_glycine,hf,switch,1e-07,22,100,False,-282.62670029
t1_glycine,hf,switch,1e-07,23,100,False,-282.62670029
t1_glycine,hf,switch,1e-07,24,100,False,-282.62670029
t1_glycine,hf,switch,1e-07,25,100,False,-282.62670029
t1_glycine,hf,switch,1e-07,26,100,False,-282.62670029
t1_glycine,hf,switch,1e-07,27,100,False,-282.62670029
t1_glycine,hf,switch,1e-07,28,100,False,-282.62670029
t1_glycine,hf,switch,1e-07,29,100,False,-282.62670029
t1_glycine,hf,switch,1e-07,3,100,False,-282.62670029
t1_glycine,hf,switch,1e-07,30,100,False,-282.62670029
t1_glycine,hf,switch,1e-07,4,100,False,-282.62670029
t1_glycine,hf,switch,1e-07,5,100,False,-282.62670029
t1_glycine,hf,switch,1e-07,6,100,False,-282.62670029
t1_glycine,hf,switch,1e-07,7,100,False,-282.62670029
t1_glycine,hf,switch,1e-07,8,100,False,-282.62670029
t1_glycine,hf,switch,1e-07,9,100,False,-282.62670029
t1_glycine,hf,switch,1e-08,1,16,True,-282.62670029
t1_glycine,hf,switch,1e-08,10,16,True,-282.62670029
t1_glycine,hf,switch,1e-08,11,16,True,-282.62670029
t1_glycine,hf,switch,1e-08,12,16,True,-282.62670029
t1_glycine,hf,switch,1e-08,13,16,True,-282.62670029
t1_glycine,hf,switch,1e-08,14,16,True,-282.62670029
t1_glycine,hf,switch,1e-08,15,16,True,-282.62670029
t1_glycine,hf,switch,1e-08,16,16,True,-282.62670029
t1_glycine,hf,switch,1e-08,17,16,True,-282.62670029
t1_glycine,hf,switch,1e-08,18,16,True,-282.62670029
t1_glycine,hf,switch,1e-08,19,16,True,-282.62670029
t1_glycine,hf,switch,1e-08,2,16,True,-282.62670029
t1_glycine,hf,switch,1e-08,20,16,True,-282.62670029
t1_glycine,hf,switch,1e-08,21,16,True,-282.62670029
t1_glycine,hf,switch,1e-08,22,16,True,-282.62670029
t1_glycine,hf,switch,1e-08,23,16,True,-282.62670029
t1_glycine,hf,switch,1e-08,24,16,True,-282.62670029
t1_glycine,hf,switch,1e-08,25,16,True,-282.62670029
t1_glycine,hf,switch,1e-08,26,16,True,-282.62670029
t1_glycine,hf,switch,1e-08,27,16,True,-282.62670029
t1_glycine,hf,switch,1e-08,28,16,True,-282.62670029
t1_glycine,hf,switch,1e-08,29,16,True,-282.62670029
t1_glycine,hf,switch,1e-08,3,16,True,-282.62670029
t1_glycine,hf,switch,1e-08,30,16,True,-282.62670029
t1_glycine,hf,switch,1e-08,4,16,True,-282.62670029
t1_glycine,hf,switch,1e-08,5,16,True,-282.62670029
t1_glycine,hf,switch,1e-08,6,16,True,-282.62670029
t1_glycine,hf,switch,1e-08,7,16,True,-282.62670029
t1_glycine,hf,switch,1e-08,8,16,True,-282.62670029
t1_glycine,hf,switch,1e-08,9,16,True,-282.62670029
t1_glycine,hf,switch,1e-09,1,16,True,-282.62670029
t1_glycine,hf,switch,1e-09,10,16,True,-282.62670029
t1_glycine,hf,switch,1e-09,11,16,True,-282.62670029
t1_glycine,hf,switch,1e-09,12,16,True,-282.62670029
t1_glycine,hf,switch,1e-09,13,16,True,-282.62670029
t1_glycine,hf,switch,1e-09,14,16,True,-282.62670029
t1_glycine,hf,switch,1e-09,15,16,True,-282.62670029
t1_glycine,hf,switch,1e-09,16,16,True,-282.62670029
t1_glycine,hf,switch,1e-09,17,16,True,-282.62670029
t1_glycine,hf,switch,1e-09,18,16,True,-282.62670029
t1_glycine,hf,switch,1e-09,19,16,True,-282.62670029
t1_glycine,hf,switch,1e-09,2,16,True,-282.62670029
t1_glycine,hf,switch,1e-09,20,16,True,-282.62670029
t1_glycine,hf,switch,1e-09,21,16,True,-282.62670029
t1_glycine,hf,switch,1e-09,22,16,True,-282.62670029
t1_glycine,hf,switch,1e-09,23,16,True,-282.62670029
t1_glycine,hf,switch,1e-09,24,16,True,-282.62670029
t1_glycine,hf,switch,1e-09,25,16,True,-282.62670029
t1_glycine,hf,switch,1e-09,26,16,True,-282.62670029
t1_glycine,hf,switch,1e-09,27,16,True,-282.62670029
t1_glycine,hf,switch,1e-09,28,16,True,-282.62670029
t1_glycine,hf,switch,1e-09,29,16,True,-282.62670029
t1_glycine,hf,switch,1e-09,3,16,True,-282.62670029
t1_glycine,hf,switch,1e-09,30,16,True,-282.62670029
t1_glycine,hf,switch,1e-09,4,16,True,-282.62670029
t1_glycine,hf,switch,1e-09,5,16,True,-282.62670029
t1_glycine,hf,switch,1e-09,6,16,True,-282.62670029
t1_glycine,hf,switch,1e-09,7,16,True,-282.62670029
t1_glycine,hf,switch,1e-09,8,16,True,-282.62670029
t1_glycine,hf,switch,1e-09,9,16,True,-282.62670029
t1_glycine,hf,switch,3e-08,1,18,True,-282.62670029
t1_glycine,hf,switch,3e-08,10,18,True,-282.62670029
t1_glycine,hf,switch,3e-08,11,18,True,-282.62670029
t1_glycine,hf,switch,3e-08,12,19,True,-282.62670029
t1_glycine,hf,switch,3e-08,13,18,True,-282.62670029
t1_glycine,hf,switch,3e-08,14,18,True,-282.62670029
t1_glycine,hf,switch,3e-08,15,17,True,-282.62670029
t1_glycine,hf,switch,3e-08,16,17,True,-282.62670029
t1_glycine,hf,switch,3e-08,17,18,True,-282.62670029
t1_glycine,hf,switch,3e-08,18,17,True,-282.62670029
t1_glycine,hf,switch,3e-08,19,18,True,-282.62670029
t1_glycine,hf,switch,3e-08,2,17,True,-282.62670029
t1_glycine,hf,switch,3e-08,20,18,True,-282.62670029
t1_glycine,hf,switch,3e-08,21,18,True,-282.62670029
t1_glycine,hf,switch,3e-08,22,18,True,-282.62670029
t1_glycine,hf,switch,3e-08,23,18,True,-282.62670029
t1_glycine,hf,switch,3e-08,24,18,True,-282.62670029
t1_glycine,hf,switch,3e-08,25,19,True,-282.62670029
t1_glycine,hf,switch,3e-08,26,18,True,-282.62670029
t1_glycine,hf,switch,3e-08,27,17,True,-282.62670029
t1_glycine,hf,switch,3e-08,28,19,True,-282.62670029
t1_glycine,hf,switch,3e-08,29,18,True,-282.62670029
t1_glycine,hf,switch,3e-08,3,17,True,-282.62670029
t1_glycine,hf,switch,3e-08,30,18,True,-282.62670029
t1_glycine,hf,switch,3e-08,4,18,True,-282.62670029
t1_glycine,hf,switch,3e-08,5,18,True,-282.62670029
t1_glycine,hf,switch,3e-08,6,18,True,-282.62670029
t1_glycine,hf,switch,3e-08,7,18,True,-282.62670029
t1_glycine,hf,switch,3e-08,8,18,True,-282.62670029
t1_glycine,hf,switch,3e-08,9,18,True,-282.62670029
t1_porphine,b3lyp5,diis,0e+00,1,-1,TIMEOUT,nan
t1_porphine,b3lyp5,diis,1e-07,1,-1,TIMEOUT,nan
t1_porphine,b3lyp5,diis,1e-07,10,-1,TIMEOUT,nan
t1_porphine,b3lyp5,diis,1e-07,11,-1,TIMEOUT,nan
t1_porphine,b3lyp5,diis,1e-07,12,-1,TIMEOUT,nan
t1_porphine,b3lyp5,diis,1e-07,13,-1,TIMEOUT,nan
t1_porphine,b3lyp5,diis,1e-07,14,-1,TIMEOUT,nan
t1_porphine,b3lyp5,diis,1e-07,15,-1,TIMEOUT,nan
t1_porphine,b3lyp5,diis,1e-07,16,-1,TIMEOUT,nan
t1_porphine,b3lyp5,diis,1e-07,17,-1,TIMEOUT,nan
t1_porphine,b3lyp5,diis,1e-07,18,-1,TIMEOUT,nan
t1_porphine,b3lyp5,diis,1e-07,19,-1,TIMEOUT,nan
t1_porphine,b3lyp5,diis,1e-07,2,-1,TIMEOUT,nan
t1_porphine,b3lyp5,diis,1e-07,20,-1,TIMEOUT,nan
t1_porphine,b3lyp5,diis,1e-07,21,-1,TIMEOUT,nan
t1_porphine,b3lyp5,diis,1e-07,22,-1,TIMEOUT,nan
t1_porphine,b3lyp5,diis,1e-07,23,-1,TIMEOUT,nan
t1_porphine,b3lyp5,diis,1e-07,24,-1,TIMEOUT,nan
t1_porphine,b3lyp5,diis,1e-07,25,-1,TIMEOUT,nan
t1_porphine,b3lyp5,diis,1e-07,26,-1,TIMEOUT,nan
t1_porphine,b3lyp5,diis,1e-07,27,-1,TIMEOUT,nan
t1_porphine,b3lyp5,diis,1e-07,28,-1,TIMEOUT,nan
t1_porphine,b3lyp5,diis,1e-07,29,-1,TIMEOUT,nan
t1_porphine,b3lyp5,diis,1e-07,3,-1,TIMEOUT,nan
t1_porphine,b3lyp5,diis,1e-07,30,-1,TIMEOUT,nan
t1_porphine,b3lyp5,diis,1e-07,4,-1,TIMEOUT,nan
t1_porphine,b3lyp5,diis,1e-07,5,-1,TIMEOUT,nan
t1_porphine,b3lyp5,diis,1e-07,6,-1,TIMEOUT,nan
t1_porphine,b3lyp5,diis,1e-07,7,-1,TIMEOUT,nan
t1_porphine,b3lyp5,diis,1e-07,8,-1,TIMEOUT,nan
t1_porphine,b3lyp5,diis,1e-07,9,-1,TIMEOUT,nan
t1_porphine,b3lyp5,diis,1e-08,1,-1,TIMEOUT,nan
t1_porphine,b3lyp5,diis,1e-08,10,-1,TIMEOUT,nan
t1_porphine,b3lyp5,diis,1e-08,11,-1,TIMEOUT,nan
t1_porphine,b3lyp5,diis,1e-08,12,-1,TIMEOUT,nan
t1_porphine,b3lyp5,diis,1e-08,13,-1,TIMEOUT,nan
t1_porphine,b3lyp5,diis,1e-08,14,-1,TIMEOUT,nan
t1_porphine,b3lyp5,diis,1e-08,15,-1,TIMEOUT,nan
t1_porphine,b3lyp5,diis,1e-08,16,-1,TIMEOUT,nan
t1_porphine,b3lyp5,diis,1e-08,17,-1,TIMEOUT,nan
t1_porphine,b3lyp5,diis,1e-08,18,-1,TIMEOUT,nan
t1_porphine,b3lyp5,diis,1e-08,19,-1,TIMEOUT,nan
t1_porphine,b3lyp5,diis,1e-08,2,-1,TIMEOUT,nan
t1_porphine,b3lyp5,diis,1e-08,20,-1,TIMEOUT,nan
t1_porphine,b3lyp5,diis,1e-08,21,-1,TIMEOUT,nan
t1_porphine,b3lyp5,diis,1e-08,22,-1,TIMEOUT,nan
t1_porphine,b3lyp5,diis,1e-08,23,-1,TIMEOUT,nan
t1_porphine,b3lyp5,diis,1e-08,24,-1,TIMEOUT,nan
t1_porphine,b3lyp5,diis,1e-08,25,-1,TIMEOUT,nan
t1_porphine,b3lyp5,diis,1e-08,26,-1,TIMEOUT,nan
t1_porphine,b3lyp5,diis,1e-08,27,-1,TIMEOUT,nan
t1_porphine,b3lyp5,diis,1e-08,28,-1,TIMEOUT,nan
t1_porphine,b3lyp5,diis,1e-08,29,-1,TIMEOUT,nan
t1_porphine,b3lyp5,diis,1e-08,3,-1,TIMEOUT,nan
t1_porphine,b3lyp5,diis,1e-08,30,-1,TIMEOUT,nan
t1_porphine,b3lyp5,diis,1e-08,4,-1,TIMEOUT,nan
t1_porphine,b3lyp5,diis,1e-08,5,-1,TIMEOUT,nan
t1_porphine,b3lyp5,diis,1e-08,6,-1,TIMEOUT,nan
t1_porphine,b3lyp5,diis,1e-08,7,-1,TIMEOUT,nan
t1_porphine,b3lyp5,diis,1e-08,8,-1,TIMEOUT,nan
t1_porphine,b3lyp5,diis,1e-08,9,-1,TIMEOUT,nan
t1_porphine,b3lyp5,diis,1e-09,1,-1,TIMEOUT,nan
t1_porphine,b3lyp5,diis,1e-09,10,-1,TIMEOUT,nan
t1_porphine,b3lyp5,diis,1e-09,11,-1,TIMEOUT,nan
t1_porphine,b3lyp5,diis,1e-09,12,-1,TIMEOUT,nan
t1_porphine,b3lyp5,diis,1e-09,13,-1,TIMEOUT,nan
t1_porphine,b3lyp5,diis,1e-09,14,-1,TIMEOUT,nan
t1_porphine,b3lyp5,diis,1e-09,15,-1,TIMEOUT,nan
t1_porphine,b3lyp5,diis,1e-09,16,-1,TIMEOUT,nan
t1_porphine,b3lyp5,diis,1e-09,17,-1,TIMEOUT,nan
t1_porphine,b3lyp5,diis,1e-09,18,-1,TIMEOUT,nan
t1_porphine,b3lyp5,diis,1e-09,19,-1,TIMEOUT,nan
t1_porphine,b3lyp5,diis,1e-09,2,-1,TIMEOUT,nan
t1_porphine,b3lyp5,diis,1e-09,20,-1,TIMEOUT,nan
t1_porphine,b3lyp5,diis,1e-09,21,-1,TIMEOUT,nan
t1_porphine,b3lyp5,diis,1e-09,22,-1,TIMEOUT,nan
t1_porphine,b3lyp5,diis,1e-09,23,-1,TIMEOUT,nan
t1_porphine,b3lyp5,diis,1e-09,24,-1,TIMEOUT,nan
t1_porphine,b3lyp5,diis,1e-09,25,-1,TIMEOUT,nan
t1_porphine,b3lyp5,diis,1e-09,26,-1,TIMEOUT,nan
t1_porphine,b3lyp5,diis,1e-09,27,-1,TIMEOUT,nan
t1_porphine,b3lyp5,diis,1e-09,28,-1,TIMEOUT,nan
t1_porphine,b3lyp5,diis,1e-09,29,-1,TIMEOUT,nan
t1_porphine,b3lyp5,diis,1e-09,3,-1,TIMEOUT,nan
t1_porphine,b3lyp5,diis,1e-09,30,-1,TIMEOUT,nan
t1_porphine,b3lyp5,diis,1e-09,4,-1,TIMEOUT,nan
t1_porphine,b3lyp5,diis,1e-09,5,-1,TIMEOUT,nan
t1_porphine,b3lyp5,diis,1e-09,6,-1,TIMEOUT,nan
t1_porphine,b3lyp5,diis,1e-09,7,-1,TIMEOUT,nan
t1_porphine,b3lyp5,diis,1e-09,8,-1,TIMEOUT,nan
t1_porphine,b3lyp5,diis,1e-09,9,-1,TIMEOUT,nan
t1_porphine,b3lyp5,diis,3e-08,1,-1,TIMEOUT,nan
t1_porphine,b3lyp5,diis,3e-08,10,-1,TIMEOUT,nan
t1_porphine,b3lyp5,diis,3e-08,11,-1,TIMEOUT,nan
t1_porphine,b3lyp5,diis,3e-08,12,-1,TIMEOUT,nan
t1_porphine,b3lyp5,diis,3e-08,13,-1,TIMEOUT,nan
t1_porphine,b3lyp5,diis,3e-08,14,-1,TIMEOUT,nan
t1_porphine,b3lyp5,diis,3e-08,15,-1,TIMEOUT,nan
t1_porphine,b3lyp5,diis,3e-08,16,-1,TIMEOUT,nan
t1_porphine,b3lyp5,diis,3e-08,17,-1,TIMEOUT,nan
t1_porphine,b3lyp5,diis,3e-08,18,-1,TIMEOUT,nan
t1_porphine,b3lyp5,diis,3e-08,19,-1,TIMEOUT,nan
t1_porphine,b3lyp5,diis,3e-08,2,-1,TIMEOUT,nan
t1_porphine,b3lyp5,diis,3e-08,20,-1,TIMEOUT,nan
t1_porphine,b3lyp5,diis,3e-08,21,-1,TIMEOUT,nan
t1_porphine,b3lyp5,diis,3e-08,22,-1,TIMEOUT,nan
t1_porphine,b3lyp5,diis,3e-08,23,-1,TIMEOUT,nan
t1_porphine,b3lyp5,diis,3e-08,24,-1,TIMEOUT,nan
t1_porphine,b3lyp5,diis,3e-08,25,-1,TIMEOUT,nan
t1_porphine,b3lyp5,diis,3e-08,26,-1,TIMEOUT,nan
t1_porphine,b3lyp5,diis,3e-08,27,-1,TIMEOUT,nan
t1_porphine,b3lyp5,diis,3e-08,28,-1,TIMEOUT,nan
t1_porphine,b3lyp5,diis,3e-08,29,-1,TIMEOUT,nan
t1_porphine,b3lyp5,diis,3e-08,3,-1,TIMEOUT,nan
t1_porphine,b3lyp5,diis,3e-08,30,-1,TIMEOUT,nan
t1_porphine,b3lyp5,diis,3e-08,4,-1,TIMEOUT,nan
t1_porphine,b3lyp5,diis,3e-08,5,-1,TIMEOUT,nan
t1_porphine,b3lyp5,diis,3e-08,6,-1,TIMEOUT,nan
t1_porphine,b3lyp5,diis,3e-08,7,-1,TIMEOUT,nan
t1_porphine,b3lyp5,diis,3e-08,8,-1,TIMEOUT,nan
t1_porphine,b3lyp5,diis,3e-08,9,-1,TIMEOUT,nan
t1_porphine,b3lyp5,ensemble,0e+00,1,-1,TIMEOUT,nan
t1_porphine,b3lyp5,ensemble,1e-07,1,-1,TIMEOUT,nan
t1_porphine,b3lyp5,ensemble,1e-07,10,-1,TIMEOUT,nan
t1_porphine,b3lyp5,ensemble,1e-07,11,-1,TIMEOUT,nan
t1_porphine,b3lyp5,ensemble,1e-07,12,-1,TIMEOUT,nan
t1_porphine,b3lyp5,ensemble,1e-07,13,-1,TIMEOUT,nan
t1_porphine,b3lyp5,ensemble,1e-07,14,-1,TIMEOUT,nan
t1_porphine,b3lyp5,ensemble,1e-07,15,-1,TIMEOUT,nan
t1_porphine,b3lyp5,ensemble,1e-07,16,-1,TIMEOUT,nan
t1_porphine,b3lyp5,ensemble,1e-07,17,-1,TIMEOUT,nan
t1_porphine,b3lyp5,ensemble,1e-07,18,-1,TIMEOUT,nan
t1_porphine,b3lyp5,ensemble,1e-07,19,-1,TIMEOUT,nan
t1_porphine,b3lyp5,ensemble,1e-07,2,-1,TIMEOUT,nan
t1_porphine,b3lyp5,ensemble,1e-07,20,-1,TIMEOUT,nan
t1_porphine,b3lyp5,ensemble,1e-07,21,-1,TIMEOUT,nan
t1_porphine,b3lyp5,ensemble,1e-07,22,-1,TIMEOUT,nan
t1_porphine,b3lyp5,ensemble,1e-07,23,-1,TIMEOUT,nan
t1_porphine,b3lyp5,ensemble,1e-07,24,-1,TIMEOUT,nan
t1_porphine,b3lyp5,ensemble,1e-07,25,-1,TIMEOUT,nan
t1_porphine,b3lyp5,ensemble,1e-07,26,-1,TIMEOUT,nan
t1_porphine,b3lyp5,ensemble,1e-07,27,-1,TIMEOUT,nan
t1_porphine,b3lyp5,ensemble,1e-07,28,-1,TIMEOUT,nan
t1_porphine,b3lyp5,ensemble,1e-07,29,-1,TIMEOUT,nan
t1_porphine,b3lyp5,ensemble,1e-07,3,-1,TIMEOUT,nan
t1_porphine,b3lyp5,ensemble,1e-07,30,-1,TIMEOUT,nan
t1_porphine,b3lyp5,ensemble,1e-07,4,-1,TIMEOUT,nan
t1_porphine,b3lyp5,ensemble,1e-07,5,-1,TIMEOUT,nan
t1_porphine,b3lyp5,ensemble,1e-07,6,-1,TIMEOUT,nan
t1_porphine,b3lyp5,ensemble,1e-07,7,-1,TIMEOUT,nan
t1_porphine,b3lyp5,ensemble,1e-07,8,-1,TIMEOUT,nan
t1_porphine,b3lyp5,ensemble,1e-07,9,-1,TIMEOUT,nan
t1_porphine,b3lyp5,ensemble,1e-08,1,-1,TIMEOUT,nan
t1_porphine,b3lyp5,ensemble,1e-08,10,-1,TIMEOUT,nan
t1_porphine,b3lyp5,ensemble,1e-08,11,-1,TIMEOUT,nan
t1_porphine,b3lyp5,ensemble,1e-08,12,-1,TIMEOUT,nan
t1_porphine,b3lyp5,ensemble,1e-08,13,-1,TIMEOUT,nan
t1_porphine,b3lyp5,ensemble,1e-08,14,-1,TIMEOUT,nan
t1_porphine,b3lyp5,ensemble,1e-08,15,-1,TIMEOUT,nan
t1_porphine,b3lyp5,ensemble,1e-08,16,-1,TIMEOUT,nan
t1_porphine,b3lyp5,ensemble,1e-08,17,-1,TIMEOUT,nan
t1_porphine,b3lyp5,ensemble,1e-08,18,-1,TIMEOUT,nan
t1_porphine,b3lyp5,ensemble,1e-08,19,-1,TIMEOUT,nan
t1_porphine,b3lyp5,ensemble,1e-08,2,-1,TIMEOUT,nan
t1_porphine,b3lyp5,ensemble,1e-08,20,-1,TIMEOUT,nan
t1_porphine,b3lyp5,ensemble,1e-08,21,-1,TIMEOUT,nan
t1_porphine,b3lyp5,ensemble,1e-08,22,-1,TIMEOUT,nan
t1_porphine,b3lyp5,ensemble,1e-08,23,-1,TIMEOUT,nan
t1_porphine,b3lyp5,ensemble,1e-08,24,-1,TIMEOUT,nan
t1_porphine,b3lyp5,ensemble,1e-08,25,-1,TIMEOUT,nan
t1_porphine,b3lyp5,ensemble,1e-08,26,-1,TIMEOUT,nan
t1_porphine,b3lyp5,ensemble,1e-08,27,-1,TIMEOUT,nan
t1_porphine,b3lyp5,ensemble,1e-08,28,-1,TIMEOUT,nan
t1_porphine,b3lyp5,ensemble,1e-08,29,-1,TIMEOUT,nan
t1_porphine,b3lyp5,ensemble,1e-08,3,-1,TIMEOUT,nan
t1_porphine,b3lyp5,ensemble,1e-08,30,-1,TIMEOUT,nan
t1_porphine,b3lyp5,ensemble,1e-08,4,-1,TIMEOUT,nan
t1_porphine,b3lyp5,ensemble,1e-08,5,-1,TIMEOUT,nan
t1_porphine,b3lyp5,ensemble,1e-08,6,-1,TIMEOUT,nan
t1_porphine,b3lyp5,ensemble,1e-08,7,-1,TIMEOUT,nan
t1_porphine,b3lyp5,ensemble,1e-08,8,-1,TIMEOUT,nan
t1_porphine,b3lyp5,ensemble,1e-08,9,-1,TIMEOUT,nan
t1_porphine,b3lyp5,ensemble,1e-09,1,-1,TIMEOUT,nan
t1_porphine,b3lyp5,ensemble,1e-09,10,-1,TIMEOUT,nan
t1_porphine,b3lyp5,ensemble,1e-09,11,-1,TIMEOUT,nan
t1_porphine,b3lyp5,ensemble,1e-09,12,-1,TIMEOUT,nan
t1_porphine,b3lyp5,ensemble,1e-09,13,-1,TIMEOUT,nan
t1_porphine,b3lyp5,ensemble,1e-09,14,-1,TIMEOUT,nan
t1_porphine,b3lyp5,ensemble,1e-09,15,-1,TIMEOUT,nan
t1_porphine,b3lyp5,ensemble,1e-09,16,-1,TIMEOUT,nan
t1_porphine,b3lyp5,ensemble,1e-09,17,-1,TIMEOUT,nan
t1_porphine,b3lyp5,ensemble,1e-09,18,-1,TIMEOUT,nan
t1_porphine,b3lyp5,ensemble,1e-09,19,-1,TIMEOUT,nan
t1_porphine,b3lyp5,ensemble,1e-09,2,-1,TIMEOUT,nan
t1_porphine,b3lyp5,ensemble,1e-09,20,-1,TIMEOUT,nan
t1_porphine,b3lyp5,ensemble,1e-09,21,-1,TIMEOUT,nan
t1_porphine,b3lyp5,ensemble,1e-09,22,-1,TIMEOUT,nan
t1_porphine,b3lyp5,ensemble,1e-09,23,-1,TIMEOUT,nan
t1_porphine,b3lyp5,ensemble,1e-09,24,-1,TIMEOUT,nan
t1_porphine,b3lyp5,ensemble,1e-09,25,-1,TIMEOUT,nan
t1_porphine,b3lyp5,ensemble,1e-09,26,-1,TIMEOUT,nan
t1_porphine,b3lyp5,ensemble,1e-09,27,-1,TIMEOUT,nan
t1_porphine,b3lyp5,ensemble,1e-09,28,-1,TIMEOUT,nan
t1_porphine,b3lyp5,ensemble,1e-09,29,-1,TIMEOUT,nan
t1_porphine,b3lyp5,ensemble,1e-09,3,-1,TIMEOUT,nan
t1_porphine,b3lyp5,ensemble,1e-09,30,-1,TIMEOUT,nan
t1_porphine,b3lyp5,ensemble,1e-09,4,-1,TIMEOUT,nan
t1_porphine,b3lyp5,ensemble,1e-09,5,-1,TIMEOUT,nan
t1_porphine,b3lyp5,ensemble,1e-09,6,-1,TIMEOUT,nan
t1_porphine,b3lyp5,ensemble,1e-09,7,-1,TIMEOUT,nan
t1_porphine,b3lyp5,ensemble,1e-09,8,-1,TIMEOUT,nan
t1_porphine,b3lyp5,ensemble,1e-09,9,-1,TIMEOUT,nan
t1_porphine,b3lyp5,ensemble,3e-08,1,-1,TIMEOUT,nan
t1_porphine,b3lyp5,ensemble,3e-08,10,-1,TIMEOUT,nan
t1_porphine,b3lyp5,ensemble,3e-08,11,-1,TIMEOUT,nan
t1_porphine,b3lyp5,ensemble,3e-08,12,-1,TIMEOUT,nan
t1_porphine,b3lyp5,ensemble,3e-08,13,-1,TIMEOUT,nan
t1_porphine,b3lyp5,ensemble,3e-08,14,-1,TIMEOUT,nan
t1_porphine,b3lyp5,ensemble,3e-08,15,-1,TIMEOUT,nan
t1_porphine,b3lyp5,ensemble,3e-08,16,-1,TIMEOUT,nan
t1_porphine,b3lyp5,ensemble,3e-08,17,-1,TIMEOUT,nan
t1_porphine,b3lyp5,ensemble,3e-08,18,-1,TIMEOUT,nan
t1_porphine,b3lyp5,ensemble,3e-08,19,-1,TIMEOUT,nan
t1_porphine,b3lyp5,ensemble,3e-08,2,-1,TIMEOUT,nan
t1_porphine,b3lyp5,ensemble,3e-08,20,-1,TIMEOUT,nan
t1_porphine,b3lyp5,ensemble,3e-08,21,-1,TIMEOUT,nan
t1_porphine,b3lyp5,ensemble,3e-08,22,-1,TIMEOUT,nan
t1_porphine,b3lyp5,ensemble,3e-08,23,-1,TIMEOUT,nan
t1_porphine,b3lyp5,ensemble,3e-08,24,-1,TIMEOUT,nan
t1_porphine,b3lyp5,ensemble,3e-08,25,-1,TIMEOUT,nan
t1_porphine,b3lyp5,ensemble,3e-08,26,-1,TIMEOUT,nan
t1_porphine,b3lyp5,ensemble,3e-08,27,-1,TIMEOUT,nan
t1_porphine,b3lyp5,ensemble,3e-08,28,-1,TIMEOUT,nan
t1_porphine,b3lyp5,ensemble,3e-08,29,-1,TIMEOUT,nan
t1_porphine,b3lyp5,ensemble,3e-08,3,-1,TIMEOUT,nan
t1_porphine,b3lyp5,ensemble,3e-08,30,-1,TIMEOUT,nan
t1_porphine,b3lyp5,ensemble,3e-08,4,-1,TIMEOUT,nan
t1_porphine,b3lyp5,ensemble,3e-08,5,-1,TIMEOUT,nan
t1_porphine,b3lyp5,ensemble,3e-08,6,-1,TIMEOUT,nan
t1_porphine,b3lyp5,ensemble,3e-08,7,-1,TIMEOUT,nan
t1_porphine,b3lyp5,ensemble,3e-08,8,-1,TIMEOUT,nan
t1_porphine,b3lyp5,ensemble,3e-08,9,-1,TIMEOUT,nan
t1_porphine,b3lyp5,histqn,0e+00,1,-1,TIMEOUT,nan
t1_porphine,b3lyp5,histqn,1e-07,1,-1,TIMEOUT,nan
t1_porphine,b3lyp5,histqn,1e-07,10,-1,TIMEOUT,nan
t1_porphine,b3lyp5,histqn,1e-07,11,-1,TIMEOUT,nan
t1_porphine,b3lyp5,histqn,1e-07,12,-1,TIMEOUT,nan
t1_porphine,b3lyp5,histqn,1e-07,13,-1,TIMEOUT,nan
t1_porphine,b3lyp5,histqn,1e-07,14,-1,TIMEOUT,nan
t1_porphine,b3lyp5,histqn,1e-07,15,-1,TIMEOUT,nan
t1_porphine,b3lyp5,histqn,1e-07,16,-1,TIMEOUT,nan
t1_porphine,b3lyp5,histqn,1e-07,17,-1,TIMEOUT,nan
t1_porphine,b3lyp5,histqn,1e-07,18,-1,TIMEOUT,nan
t1_porphine,b3lyp5,histqn,1e-07,19,-1,TIMEOUT,nan
t1_porphine,b3lyp5,histqn,1e-07,2,-1,TIMEOUT,nan
t1_porphine,b3lyp5,histqn,1e-07,20,-1,TIMEOUT,nan
t1_porphine,b3lyp5,histqn,1e-07,21,-1,TIMEOUT,nan
t1_porphine,b3lyp5,histqn,1e-07,22,-1,TIMEOUT,nan
t1_porphine,b3lyp5,histqn,1e-07,23,-1,TIMEOUT,nan
t1_porphine,b3lyp5,histqn,1e-07,24,-1,TIMEOUT,nan
t1_porphine,b3lyp5,histqn,1e-07,25,-1,TIMEOUT,nan
t1_porphine,b3lyp5,histqn,1e-07,26,-1,TIMEOUT,nan
t1_porphine,b3lyp5,histqn,1e-07,27,-1,TIMEOUT,nan
t1_porphine,b3lyp5,histqn,1e-07,28,-1,TIMEOUT,nan
t1_porphine,b3lyp5,histqn,1e-07,29,-1,TIMEOUT,nan
t1_porphine,b3lyp5,histqn,1e-07,3,-1,TIMEOUT,nan
t1_porphine,b3lyp5,histqn,1e-07,30,-1,TIMEOUT,nan
t1_porphine,b3lyp5,histqn,1e-07,4,-1,TIMEOUT,nan
t1_porphine,b3lyp5,histqn,1e-07,5,-1,TIMEOUT,nan
t1_porphine,b3lyp5,histqn,1e-07,6,-1,TIMEOUT,nan
t1_porphine,b3lyp5,histqn,1e-07,7,-1,TIMEOUT,nan
t1_porphine,b3lyp5,histqn,1e-07,8,-1,TIMEOUT,nan
t1_porphine,b3lyp5,histqn,1e-07,9,-1,TIMEOUT,nan
t1_porphine,b3lyp5,histqn,1e-08,1,-1,TIMEOUT,nan
t1_porphine,b3lyp5,histqn,1e-08,10,-1,TIMEOUT,nan
t1_porphine,b3lyp5,histqn,1e-08,11,-1,TIMEOUT,nan
t1_porphine,b3lyp5,histqn,1e-08,12,-1,TIMEOUT,nan
t1_porphine,b3lyp5,histqn,1e-08,13,-1,TIMEOUT,nan
t1_porphine,b3lyp5,histqn,1e-08,14,-1,TIMEOUT,nan
t1_porphine,b3lyp5,histqn,1e-08,15,-1,TIMEOUT,nan
t1_porphine,b3lyp5,histqn,1e-08,16,-1,TIMEOUT,nan
t1_porphine,b3lyp5,histqn,1e-08,17,-1,TIMEOUT,nan
t1_porphine,b3lyp5,histqn,1e-08,18,-1,TIMEOUT,nan
t1_porphine,b3lyp5,histqn,1e-08,19,-1,TIMEOUT,nan
t1_porphine,b3lyp5,histqn,1e-08,2,-1,TIMEOUT,nan
t1_porphine,b3lyp5,histqn,1e-08,20,-1,TIMEOUT,nan
t1_porphine,b3lyp5,histqn,1e-08,21,-1,TIMEOUT,nan
t1_porphine,b3lyp5,histqn,1e-08,22,-1,TIMEOUT,nan
t1_porphine,b3lyp5,histqn,1e-08,23,-1,TIMEOUT,nan
t1_porphine,b3lyp5,histqn,1e-08,24,-1,TIMEOUT,nan
t1_porphine,b3lyp5,histqn,1e-08,25,-1,TIMEOUT,nan
t1_porphine,b3lyp5,histqn,1e-08,26,-1,TIMEOUT,nan
t1_porphine,b3lyp5,histqn,1e-08,27,-1,TIMEOUT,nan
t1_porphine,b3lyp5,histqn,1e-08,28,-1,TIMEOUT,nan
t1_porphine,b3lyp5,histqn,1e-08,29,-1,TIMEOUT,nan
t1_porphine,b3lyp5,histqn,1e-08,3,-1,TIMEOUT,nan
t1_porphine,b3lyp5,histqn,1e-08,30,-1,TIMEOUT,nan
t1_porphine,b3lyp5,histqn,1e-08,4,-1,TIMEOUT,nan
t1_porphine,b3lyp5,histqn,1e-08,5,-1,TIMEOUT,nan
t1_porphine,b3lyp5,histqn,1e-08,6,-1,TIMEOUT,nan
t1_porphine,b3lyp5,histqn,1e-08,7,-1,TIMEOUT,nan
t1_porphine,b3lyp5,histqn,1e-08,8,-1,TIMEOUT,nan
t1_porphine,b3lyp5,histqn,1e-08,9,-1,TIMEOUT,nan
t1_porphine,b3lyp5,histqn,1e-09,1,-1,TIMEOUT,nan
t1_porphine,b3lyp5,histqn,1e-09,10,-1,TIMEOUT,nan
t1_porphine,b3lyp5,histqn,1e-09,11,-1,TIMEOUT,nan
t1_porphine,b3lyp5,histqn,1e-09,12,-1,TIMEOUT,nan
t1_porphine,b3lyp5,histqn,1e-09,13,-1,TIMEOUT,nan
t1_porphine,b3lyp5,histqn,1e-09,14,-1,TIMEOUT,nan
t1_porphine,b3lyp5,histqn,1e-09,15,-1,TIMEOUT,nan
t1_porphine,b3lyp5,histqn,1e-09,16,-1,TIMEOUT,nan
t1_porphine,b3lyp5,histqn,1e-09,17,-1,TIMEOUT,nan
t1_porphine,b3lyp5,histqn,1e-09,18,-1,TIMEOUT,nan
t1_porphine,b3lyp5,histqn,1e-09,19,-1,TIMEOUT,nan
t1_porphine,b3lyp5,histqn,1e-09,2,-1,TIMEOUT,nan
t1_porphine,b3lyp5,histqn,1e-09,20,-1,TIMEOUT,nan
t1_porphine,b3lyp5,histqn,1e-09,21,-1,TIMEOUT,nan
t1_porphine,b3lyp5,histqn,1e-09,22,-1,TIMEOUT,nan
t1_porphine,b3lyp5,histqn,1e-09,23,-1,TIMEOUT,nan
t1_porphine,b3lyp5,histqn,1e-09,24,-1,TIMEOUT,nan
t1_porphine,b3lyp5,histqn,1e-09,25,-1,TIMEOUT,nan
t1_porphine,b3lyp5,histqn,1e-09,26,-1,TIMEOUT,nan
t1_porphine,b3lyp5,histqn,1e-09,27,-1,TIMEOUT,nan
t1_porphine,b3lyp5,histqn,1e-09,28,-1,TIMEOUT,nan
t1_porphine,b3lyp5,histqn,1e-09,29,-1,TIMEOUT,nan
t1_porphine,b3lyp5,histqn,1e-09,3,-1,TIMEOUT,nan
t1_porphine,b3lyp5,histqn,1e-09,30,-1,TIMEOUT,nan
t1_porphine,b3lyp5,histqn,1e-09,4,-1,TIMEOUT,nan
t1_porphine,b3lyp5,histqn,1e-09,5,-1,TIMEOUT,nan
t1_porphine,b3lyp5,histqn,1e-09,6,-1,TIMEOUT,nan
t1_porphine,b3lyp5,histqn,1e-09,7,-1,TIMEOUT,nan
t1_porphine,b3lyp5,histqn,1e-09,8,-1,TIMEOUT,nan
t1_porphine,b3lyp5,histqn,1e-09,9,-1,TIMEOUT,nan
t1_porphine,b3lyp5,histqn,3e-08,1,-1,TIMEOUT,nan
t1_porphine,b3lyp5,histqn,3e-08,10,-1,TIMEOUT,nan
t1_porphine,b3lyp5,histqn,3e-08,11,-1,TIMEOUT,nan
t1_porphine,b3lyp5,histqn,3e-08,12,-1,TIMEOUT,nan
t1_porphine,b3lyp5,histqn,3e-08,13,-1,TIMEOUT,nan
t1_porphine,b3lyp5,histqn,3e-08,14,-1,TIMEOUT,nan
t1_porphine,b3lyp5,histqn,3e-08,15,-1,TIMEOUT,nan
t1_porphine,b3lyp5,histqn,3e-08,16,-1,TIMEOUT,nan
t1_porphine,b3lyp5,histqn,3e-08,17,-1,TIMEOUT,nan
t1_porphine,b3lyp5,histqn,3e-08,18,-1,TIMEOUT,nan
t1_porphine,b3lyp5,histqn,3e-08,19,-1,TIMEOUT,nan
t1_porphine,b3lyp5,histqn,3e-08,2,-1,TIMEOUT,nan
t1_porphine,b3lyp5,histqn,3e-08,20,-1,TIMEOUT,nan
t1_porphine,b3lyp5,histqn,3e-08,21,-1,TIMEOUT,nan
t1_porphine,b3lyp5,histqn,3e-08,22,-1,TIMEOUT,nan
t1_porphine,b3lyp5,histqn,3e-08,23,-1,TIMEOUT,nan
t1_porphine,b3lyp5,histqn,3e-08,24,-1,TIMEOUT,nan
t1_porphine,b3lyp5,histqn,3e-08,25,-1,TIMEOUT,nan
t1_porphine,b3lyp5,histqn,3e-08,26,-1,TIMEOUT,nan
t1_porphine,b3lyp5,histqn,3e-08,27,-1,TIMEOUT,nan
t1_porphine,b3lyp5,histqn,3e-08,28,-1,TIMEOUT,nan
t1_porphine,b3lyp5,histqn,3e-08,29,-1,TIMEOUT,nan
t1_porphine,b3lyp5,histqn,3e-08,3,-1,TIMEOUT,nan
t1_porphine,b3lyp5,histqn,3e-08,30,-1,TIMEOUT,nan
t1_porphine,b3lyp5,histqn,3e-08,4,-1,TIMEOUT,nan
t1_porphine,b3lyp5,histqn,3e-08,5,-1,TIMEOUT,nan
t1_porphine,b3lyp5,histqn,3e-08,6,-1,TIMEOUT,nan
t1_porphine,b3lyp5,histqn,3e-08,7,-1,TIMEOUT,nan
t1_porphine,b3lyp5,histqn,3e-08,8,-1,TIMEOUT,nan
t1_porphine,b3lyp5,histqn,3e-08,9,-1,TIMEOUT,nan
t1_porphine,b3lyp5,soscf,0e+00,1,-1,TIMEOUT,nan
t1_porphine,b3lyp5,soscf,1e-07,1,-1,TIMEOUT,nan
t1_porphine,b3lyp5,soscf,1e-07,10,-1,TIMEOUT,nan
t1_porphine,b3lyp5,soscf,1e-07,11,-1,TIMEOUT,nan
t1_porphine,b3lyp5,soscf,1e-07,12,-1,TIMEOUT,nan
t1_porphine,b3lyp5,soscf,1e-07,13,-1,TIMEOUT,nan
t1_porphine,b3lyp5,soscf,1e-07,14,-1,TIMEOUT,nan
t1_porphine,b3lyp5,soscf,1e-07,15,-1,TIMEOUT,nan
t1_porphine,b3lyp5,soscf,1e-07,16,-1,TIMEOUT,nan
t1_porphine,b3lyp5,soscf,1e-07,17,-1,TIMEOUT,nan
t1_porphine,b3lyp5,soscf,1e-07,18,-1,TIMEOUT,nan
t1_porphine,b3lyp5,soscf,1e-07,19,-1,TIMEOUT,nan
t1_porphine,b3lyp5,soscf,1e-07,2,-1,TIMEOUT,nan
t1_porphine,b3lyp5,soscf,1e-07,20,-1,TIMEOUT,nan
t1_porphine,b3lyp5,soscf,1e-07,21,-1,TIMEOUT,nan
t1_porphine,b3lyp5,soscf,1e-07,22,-1,TIMEOUT,nan
t1_porphine,b3lyp5,soscf,1e-07,23,-1,TIMEOUT,nan
t1_porphine,b3lyp5,soscf,1e-07,24,-1,TIMEOUT,nan
t1_porphine,b3lyp5,soscf,1e-07,25,-1,TIMEOUT,nan
t1_porphine,b3lyp5,soscf,1e-07,26,-1,TIMEOUT,nan
t1_porphine,b3lyp5,soscf,1e-07,27,-1,TIMEOUT,nan
t1_porphine,b3lyp5,soscf,1e-07,28,-1,TIMEOUT,nan
t1_porphine,b3lyp5,soscf,1e-07,29,-1,TIMEOUT,nan
t1_porphine,b3lyp5,soscf,1e-07,3,-1,TIMEOUT,nan
t1_porphine,b3lyp5,soscf,1e-07,30,-1,TIMEOUT,nan
t1_porphine,b3lyp5,soscf,1e-07,4,-1,TIMEOUT,nan
t1_porphine,b3lyp5,soscf,1e-07,5,-1,TIMEOUT,nan
t1_porphine,b3lyp5,soscf,1e-07,6,-1,TIMEOUT,nan
t1_porphine,b3lyp5,soscf,1e-07,7,-1,TIMEOUT,nan
t1_porphine,b3lyp5,soscf,1e-07,8,-1,TIMEOUT,nan
t1_porphine,b3lyp5,soscf,1e-07,9,-1,TIMEOUT,nan
t1_porphine,b3lyp5,soscf,1e-08,1,-1,TIMEOUT,nan
t1_porphine,b3lyp5,soscf,1e-08,10,-1,TIMEOUT,nan
t1_porphine,b3lyp5,soscf,1e-08,11,-1,TIMEOUT,nan
t1_porphine,b3lyp5,soscf,1e-08,12,-1,TIMEOUT,nan
t1_porphine,b3lyp5,soscf,1e-08,13,-1,TIMEOUT,nan
t1_porphine,b3lyp5,soscf,1e-08,14,-1,TIMEOUT,nan
t1_porphine,b3lyp5,soscf,1e-08,15,-1,TIMEOUT,nan
t1_porphine,b3lyp5,soscf,1e-08,16,-1,TIMEOUT,nan
t1_porphine,b3lyp5,soscf,1e-08,17,-1,TIMEOUT,nan
t1_porphine,b3lyp5,soscf,1e-08,18,-1,TIMEOUT,nan
t1_porphine,b3lyp5,soscf,1e-08,19,-1,TIMEOUT,nan
t1_porphine,b3lyp5,soscf,1e-08,2,-1,TIMEOUT,nan
t1_porphine,b3lyp5,soscf,1e-08,20,-1,TIMEOUT,nan
t1_porphine,b3lyp5,soscf,1e-08,21,-1,TIMEOUT,nan
t1_porphine,b3lyp5,soscf,1e-08,22,-1,TIMEOUT,nan
t1_porphine,b3lyp5,soscf,1e-08,23,-1,TIMEOUT,nan
t1_porphine,b3lyp5,soscf,1e-08,24,-1,TIMEOUT,nan
t1_porphine,b3lyp5,soscf,1e-08,25,-1,TIMEOUT,nan
t1_porphine,b3lyp5,soscf,1e-08,26,-1,TIMEOUT,nan
t1_porphine,b3lyp5,soscf,1e-08,27,-1,TIMEOUT,nan
t1_porphine,b3lyp5,soscf,1e-08,28,-1,TIMEOUT,nan
t1_porphine,b3lyp5,soscf,1e-08,29,-1,TIMEOUT,nan
t1_porphine,b3lyp5,soscf,1e-08,3,-1,TIMEOUT,nan
t1_porphine,b3lyp5,soscf,1e-08,30,-1,TIMEOUT,nan
t1_porphine,b3lyp5,soscf,1e-08,4,-1,TIMEOUT,nan
t1_porphine,b3lyp5,soscf,1e-08,5,-1,TIMEOUT,nan
t1_porphine,b3lyp5,soscf,1e-08,6,-1,TIMEOUT,nan
t1_porphine,b3lyp5,soscf,1e-08,7,-1,TIMEOUT,nan
t1_porphine,b3lyp5,soscf,1e-08,8,-1,TIMEOUT,nan
t1_porphine,b3lyp5,soscf,1e-08,9,-1,TIMEOUT,nan
t1_porphine,b3lyp5,soscf,1e-09,1,-1,TIMEOUT,nan
t1_porphine,b3lyp5,soscf,1e-09,10,-1,TIMEOUT,nan
t1_porphine,b3lyp5,soscf,1e-09,11,-1,TIMEOUT,nan
t1_porphine,b3lyp5,soscf,1e-09,12,-1,TIMEOUT,nan
t1_porphine,b3lyp5,soscf,1e-09,13,-1,TIMEOUT,nan
t1_porphine,b3lyp5,soscf,1e-09,14,-1,TIMEOUT,nan
t1_porphine,b3lyp5,soscf,1e-09,15,-1,TIMEOUT,nan
t1_porphine,b3lyp5,soscf,1e-09,16,-1,TIMEOUT,nan
t1_porphine,b3lyp5,soscf,1e-09,17,-1,TIMEOUT,nan
t1_porphine,b3lyp5,soscf,1e-09,18,-1,TIMEOUT,nan
t1_porphine,b3lyp5,soscf,1e-09,19,-1,TIMEOUT,nan
t1_porphine,b3lyp5,soscf,1e-09,2,-1,TIMEOUT,nan
t1_porphine,b3lyp5,soscf,1e-09,20,-1,TIMEOUT,nan
t1_porphine,b3lyp5,soscf,1e-09,21,-1,TIMEOUT,nan
t1_porphine,b3lyp5,soscf,1e-09,22,-1,TIMEOUT,nan
t1_porphine,b3lyp5,soscf,1e-09,23,-1,TIMEOUT,nan
t1_porphine,b3lyp5,soscf,1e-09,24,-1,TIMEOUT,nan
t1_porphine,b3lyp5,soscf,1e-09,25,-1,TIMEOUT,nan
t1_porphine,b3lyp5,soscf,1e-09,26,-1,TIMEOUT,nan
t1_porphine,b3lyp5,soscf,1e-09,27,-1,TIMEOUT,nan
t1_porphine,b3lyp5,soscf,1e-09,28,-1,TIMEOUT,nan
t1_porphine,b3lyp5,soscf,1e-09,29,-1,TIMEOUT,nan
t1_porphine,b3lyp5,soscf,1e-09,3,-1,TIMEOUT,nan
t1_porphine,b3lyp5,soscf,1e-09,30,-1,TIMEOUT,nan
t1_porphine,b3lyp5,soscf,1e-09,4,-1,TIMEOUT,nan
t1_porphine,b3lyp5,soscf,1e-09,5,-1,TIMEOUT,nan
t1_porphine,b3lyp5,soscf,1e-09,6,-1,TIMEOUT,nan
t1_porphine,b3lyp5,soscf,1e-09,7,-1,TIMEOUT,nan
t1_porphine,b3lyp5,soscf,1e-09,8,-1,TIMEOUT,nan
t1_porphine,b3lyp5,soscf,1e-09,9,-1,TIMEOUT,nan
t1_porphine,b3lyp5,soscf,3e-08,1,-1,TIMEOUT,nan
t1_porphine,b3lyp5,soscf,3e-08,10,-1,TIMEOUT,nan
t1_porphine,b3lyp5,soscf,3e-08,11,-1,TIMEOUT,nan
t1_porphine,b3lyp5,soscf,3e-08,12,-1,TIMEOUT,nan
t1_porphine,b3lyp5,soscf,3e-08,13,-1,TIMEOUT,nan
t1_porphine,b3lyp5,soscf,3e-08,14,-1,TIMEOUT,nan
t1_porphine,b3lyp5,soscf,3e-08,15,-1,TIMEOUT,nan
t1_porphine,b3lyp5,soscf,3e-08,16,-1,TIMEOUT,nan
t1_porphine,b3lyp5,soscf,3e-08,17,-1,TIMEOUT,nan
t1_porphine,b3lyp5,soscf,3e-08,18,-1,TIMEOUT,nan
t1_porphine,b3lyp5,soscf,3e-08,19,-1,TIMEOUT,nan
t1_porphine,b3lyp5,soscf,3e-08,2,-1,TIMEOUT,nan
t1_porphine,b3lyp5,soscf,3e-08,20,-1,TIMEOUT,nan
t1_porphine,b3lyp5,soscf,3e-08,21,-1,TIMEOUT,nan
t1_porphine,b3lyp5,soscf,3e-08,22,-1,TIMEOUT,nan
t1_porphine,b3lyp5,soscf,3e-08,23,-1,TIMEOUT,nan
t1_porphine,b3lyp5,soscf,3e-08,24,-1,TIMEOUT,nan
t1_porphine,b3lyp5,soscf,3e-08,25,-1,TIMEOUT,nan
t1_porphine,b3lyp5,soscf,3e-08,26,-1,TIMEOUT,nan
t1_porphine,b3lyp5,soscf,3e-08,27,-1,TIMEOUT,nan
t1_porphine,b3lyp5,soscf,3e-08,28,-1,TIMEOUT,nan
t1_porphine,b3lyp5,soscf,3e-08,29,-1,TIMEOUT,nan
t1_porphine,b3lyp5,soscf,3e-08,3,-1,TIMEOUT,nan
t1_porphine,b3lyp5,soscf,3e-08,30,-1,TIMEOUT,nan
t1_porphine,b3lyp5,soscf,3e-08,4,-1,TIMEOUT,nan
t1_porphine,b3lyp5,soscf,3e-08,5,-1,TIMEOUT,nan
t1_porphine,b3lyp5,soscf,3e-08,6,-1,TIMEOUT,nan
t1_porphine,b3lyp5,soscf,3e-08,7,-1,TIMEOUT,nan
t1_porphine,b3lyp5,soscf,3e-08,8,-1,TIMEOUT,nan
t1_porphine,b3lyp5,soscf,3e-08,9,-1,TIMEOUT,nan
t1_porphine,b3lyp5,switch,0e+00,1,-1,TIMEOUT,nan
t1_porphine,b3lyp5,switch,1e-07,1,-1,TIMEOUT,nan
t1_porphine,b3lyp5,switch,1e-07,10,-1,TIMEOUT,nan
t1_porphine,b3lyp5,switch,1e-07,11,-1,TIMEOUT,nan
t1_porphine,b3lyp5,switch,1e-07,12,-1,TIMEOUT,nan
t1_porphine,b3lyp5,switch,1e-07,13,-1,TIMEOUT,nan
t1_porphine,b3lyp5,switch,1e-07,14,-1,TIMEOUT,nan
t1_porphine,b3lyp5,switch,1e-07,15,-1,TIMEOUT,nan
t1_porphine,b3lyp5,switch,1e-07,16,-1,TIMEOUT,nan
t1_porphine,b3lyp5,switch,1e-07,17,-1,TIMEOUT,nan
t1_porphine,b3lyp5,switch,1e-07,18,-1,TIMEOUT,nan
t1_porphine,b3lyp5,switch,1e-07,19,-1,TIMEOUT,nan
t1_porphine,b3lyp5,switch,1e-07,2,-1,TIMEOUT,nan
t1_porphine,b3lyp5,switch,1e-07,20,-1,TIMEOUT,nan
t1_porphine,b3lyp5,switch,1e-07,21,-1,TIMEOUT,nan
t1_porphine,b3lyp5,switch,1e-07,22,-1,TIMEOUT,nan
t1_porphine,b3lyp5,switch,1e-07,23,-1,TIMEOUT,nan
t1_porphine,b3lyp5,switch,1e-07,24,-1,TIMEOUT,nan
t1_porphine,b3lyp5,switch,1e-07,25,-1,TIMEOUT,nan
t1_porphine,b3lyp5,switch,1e-07,26,-1,TIMEOUT,nan
t1_porphine,b3lyp5,switch,1e-07,27,-1,TIMEOUT,nan
t1_porphine,b3lyp5,switch,1e-07,28,-1,TIMEOUT,nan
t1_porphine,b3lyp5,switch,1e-07,29,-1,TIMEOUT,nan
t1_porphine,b3lyp5,switch,1e-07,3,-1,TIMEOUT,nan
t1_porphine,b3lyp5,switch,1e-07,30,-1,TIMEOUT,nan
t1_porphine,b3lyp5,switch,1e-07,4,-1,TIMEOUT,nan
t1_porphine,b3lyp5,switch,1e-07,5,-1,TIMEOUT,nan
t1_porphine,b3lyp5,switch,1e-07,6,-1,TIMEOUT,nan
t1_porphine,b3lyp5,switch,1e-07,7,-1,TIMEOUT,nan
t1_porphine,b3lyp5,switch,1e-07,8,-1,TIMEOUT,nan
t1_porphine,b3lyp5,switch,1e-07,9,-1,TIMEOUT,nan
t1_porphine,b3lyp5,switch,1e-08,1,-1,TIMEOUT,nan
t1_porphine,b3lyp5,switch,1e-08,10,-1,TIMEOUT,nan
t1_porphine,b3lyp5,switch,1e-08,11,-1,TIMEOUT,nan
t1_porphine,b3lyp5,switch,1e-08,12,-1,TIMEOUT,nan
t1_porphine,b3lyp5,switch,1e-08,13,-1,TIMEOUT,nan
t1_porphine,b3lyp5,switch,1e-08,14,-1,TIMEOUT,nan
t1_porphine,b3lyp5,switch,1e-08,15,-1,TIMEOUT,nan
t1_porphine,b3lyp5,switch,1e-08,16,-1,TIMEOUT,nan
t1_porphine,b3lyp5,switch,1e-08,17,-1,TIMEOUT,nan
t1_porphine,b3lyp5,switch,1e-08,18,-1,TIMEOUT,nan
t1_porphine,b3lyp5,switch,1e-08,19,-1,TIMEOUT,nan
t1_porphine,b3lyp5,switch,1e-08,2,-1,TIMEOUT,nan
t1_porphine,b3lyp5,switch,1e-08,20,-1,TIMEOUT,nan
t1_porphine,b3lyp5,switch,1e-08,21,-1,TIMEOUT,nan
t1_porphine,b3lyp5,switch,1e-08,22,-1,TIMEOUT,nan
t1_porphine,b3lyp5,switch,1e-08,23,-1,TIMEOUT,nan
t1_porphine,b3lyp5,switch,1e-08,24,-1,TIMEOUT,nan
t1_porphine,b3lyp5,switch,1e-08,25,-1,TIMEOUT,nan
t1_porphine,b3lyp5,switch,1e-08,26,-1,TIMEOUT,nan
t1_porphine,b3lyp5,switch,1e-08,27,-1,TIMEOUT,nan
t1_porphine,b3lyp5,switch,1e-08,28,-1,TIMEOUT,nan
t1_porphine,b3lyp5,switch,1e-08,29,-1,TIMEOUT,nan
t1_porphine,b3lyp5,switch,1e-08,3,-1,TIMEOUT,nan
t1_porphine,b3lyp5,switch,1e-08,30,-1,TIMEOUT,nan
t1_porphine,b3lyp5,switch,1e-08,4,-1,TIMEOUT,nan
t1_porphine,b3lyp5,switch,1e-08,5,-1,TIMEOUT,nan
t1_porphine,b3lyp5,switch,1e-08,6,-1,TIMEOUT,nan
t1_porphine,b3lyp5,switch,1e-08,7,-1,TIMEOUT,nan
t1_porphine,b3lyp5,switch,1e-08,8,-1,TIMEOUT,nan
t1_porphine,b3lyp5,switch,1e-08,9,-1,TIMEOUT,nan
t1_porphine,b3lyp5,switch,1e-09,1,-1,TIMEOUT,nan
t1_porphine,b3lyp5,switch,1e-09,10,-1,TIMEOUT,nan
t1_porphine,b3lyp5,switch,1e-09,11,-1,TIMEOUT,nan
t1_porphine,b3lyp5,switch,1e-09,12,-1,TIMEOUT,nan
t1_porphine,b3lyp5,switch,1e-09,13,-1,TIMEOUT,nan
t1_porphine,b3lyp5,switch,1e-09,14,-1,TIMEOUT,nan
t1_porphine,b3lyp5,switch,1e-09,15,-1,TIMEOUT,nan
t1_porphine,b3lyp5,switch,1e-09,16,-1,TIMEOUT,nan
t1_porphine,b3lyp5,switch,1e-09,17,-1,TIMEOUT,nan
t1_porphine,b3lyp5,switch,1e-09,18,-1,TIMEOUT,nan
t1_porphine,b3lyp5,switch,1e-09,19,-1,TIMEOUT,nan
t1_porphine,b3lyp5,switch,1e-09,2,-1,TIMEOUT,nan
t1_porphine,b3lyp5,switch,1e-09,20,-1,TIMEOUT,nan
t1_porphine,b3lyp5,switch,1e-09,21,-1,TIMEOUT,nan
t1_porphine,b3lyp5,switch,1e-09,22,-1,TIMEOUT,nan
t1_porphine,b3lyp5,switch,1e-09,23,-1,TIMEOUT,nan
t1_porphine,b3lyp5,switch,1e-09,24,-1,TIMEOUT,nan
t1_porphine,b3lyp5,switch,1e-09,25,-1,TIMEOUT,nan
t1_porphine,b3lyp5,switch,1e-09,26,-1,TIMEOUT,nan
t1_porphine,b3lyp5,switch,1e-09,27,-1,TIMEOUT,nan
t1_porphine,b3lyp5,switch,1e-09,28,-1,TIMEOUT,nan
t1_porphine,b3lyp5,switch,1e-09,29,-1,TIMEOUT,nan
t1_porphine,b3lyp5,switch,1e-09,3,-1,TIMEOUT,nan
t1_porphine,b3lyp5,switch,1e-09,30,-1,TIMEOUT,nan
t1_porphine,b3lyp5,switch,1e-09,4,-1,TIMEOUT,nan
t1_porphine,b3lyp5,switch,1e-09,5,-1,TIMEOUT,nan
t1_porphine,b3lyp5,switch,1e-09,6,-1,TIMEOUT,nan
t1_porphine,b3lyp5,switch,1e-09,7,-1,TIMEOUT,nan
t1_porphine,b3lyp5,switch,1e-09,8,-1,TIMEOUT,nan
t1_porphine,b3lyp5,switch,1e-09,9,-1,TIMEOUT,nan
t1_porphine,b3lyp5,switch,3e-08,1,-1,TIMEOUT,nan
t1_porphine,b3lyp5,switch,3e-08,10,-1,TIMEOUT,nan
t1_porphine,b3lyp5,switch,3e-08,11,-1,TIMEOUT,nan
t1_porphine,b3lyp5,switch,3e-08,12,-1,TIMEOUT,nan
t1_porphine,b3lyp5,switch,3e-08,13,-1,TIMEOUT,nan
t1_porphine,b3lyp5,switch,3e-08,14,-1,TIMEOUT,nan
t1_porphine,b3lyp5,switch,3e-08,15,-1,TIMEOUT,nan
t1_porphine,b3lyp5,switch,3e-08,16,-1,TIMEOUT,nan
t1_porphine,b3lyp5,switch,3e-08,17,-1,TIMEOUT,nan
t1_porphine,b3lyp5,switch,3e-08,18,-1,TIMEOUT,nan
t1_porphine,b3lyp5,switch,3e-08,19,-1,TIMEOUT,nan
t1_porphine,b3lyp5,switch,3e-08,2,-1,TIMEOUT,nan
t1_porphine,b3lyp5,switch,3e-08,20,-1,TIMEOUT,nan
t1_porphine,b3lyp5,switch,3e-08,21,-1,TIMEOUT,nan
t1_porphine,b3lyp5,switch,3e-08,22,-1,TIMEOUT,nan
t1_porphine,b3lyp5,switch,3e-08,23,-1,TIMEOUT,nan
t1_porphine,b3lyp5,switch,3e-08,24,-1,TIMEOUT,nan
t1_porphine,b3lyp5,switch,3e-08,25,-1,TIMEOUT,nan
t1_porphine,b3lyp5,switch,3e-08,26,-1,TIMEOUT,nan
t1_porphine,b3lyp5,switch,3e-08,27,-1,TIMEOUT,nan
t1_porphine,b3lyp5,switch,3e-08,28,-1,TIMEOUT,nan
t1_porphine,b3lyp5,switch,3e-08,29,-1,TIMEOUT,nan
t1_porphine,b3lyp5,switch,3e-08,3,-1,TIMEOUT,nan
t1_porphine,b3lyp5,switch,3e-08,30,-1,TIMEOUT,nan
t1_porphine,b3lyp5,switch,3e-08,4,-1,TIMEOUT,nan
t1_porphine,b3lyp5,switch,3e-08,5,-1,TIMEOUT,nan
t1_porphine,b3lyp5,switch,3e-08,6,-1,TIMEOUT,nan
t1_porphine,b3lyp5,switch,3e-08,7,-1,TIMEOUT,nan
t1_porphine,b3lyp5,switch,3e-08,8,-1,TIMEOUT,nan
t1_porphine,b3lyp5,switch,3e-08,9,-1,TIMEOUT,nan
t1_porphine,hf,diis,0e+00,1,-1,TIMEOUT,nan
t1_porphine,hf,diis,1e-07,1,-1,TIMEOUT,nan
t1_porphine,hf,diis,1e-07,10,-1,TIMEOUT,nan
t1_porphine,hf,diis,1e-07,11,-1,TIMEOUT,nan
t1_porphine,hf,diis,1e-07,12,-1,TIMEOUT,nan
t1_porphine,hf,diis,1e-07,13,-1,TIMEOUT,nan
t1_porphine,hf,diis,1e-07,14,-1,TIMEOUT,nan
t1_porphine,hf,diis,1e-07,15,-1,TIMEOUT,nan
t1_porphine,hf,diis,1e-07,16,-1,TIMEOUT,nan
t1_porphine,hf,diis,1e-07,17,-1,TIMEOUT,nan
t1_porphine,hf,diis,1e-07,18,-1,TIMEOUT,nan
t1_porphine,hf,diis,1e-07,19,-1,TIMEOUT,nan
t1_porphine,hf,diis,1e-07,2,-1,TIMEOUT,nan
t1_porphine,hf,diis,1e-07,20,-1,TIMEOUT,nan
t1_porphine,hf,diis,1e-07,21,-1,TIMEOUT,nan
t1_porphine,hf,diis,1e-07,22,-1,TIMEOUT,nan
t1_porphine,hf,diis,1e-07,23,-1,TIMEOUT,nan
t1_porphine,hf,diis,1e-07,24,-1,TIMEOUT,nan
t1_porphine,hf,diis,1e-07,25,-1,TIMEOUT,nan
t1_porphine,hf,diis,1e-07,26,-1,TIMEOUT,nan
t1_porphine,hf,diis,1e-07,27,-1,TIMEOUT,nan
t1_porphine,hf,diis,1e-07,28,-1,TIMEOUT,nan
t1_porphine,hf,diis,1e-07,29,-1,TIMEOUT,nan
t1_porphine,hf,diis,1e-07,3,-1,TIMEOUT,nan
t1_porphine,hf,diis,1e-07,30,-1,TIMEOUT,nan
t1_porphine,hf,diis,1e-07,4,-1,TIMEOUT,nan
t1_porphine,hf,diis,1e-07,5,-1,TIMEOUT,nan
t1_porphine,hf,diis,1e-07,6,-1,TIMEOUT,nan
t1_porphine,hf,diis,1e-07,7,-1,TIMEOUT,nan
t1_porphine,hf,diis,1e-07,8,-1,TIMEOUT,nan
t1_porphine,hf,diis,1e-07,9,-1,TIMEOUT,nan
t1_porphine,hf,diis,1e-08,1,-1,TIMEOUT,nan
t1_porphine,hf,diis,1e-08,10,-1,TIMEOUT,nan
t1_porphine,hf,diis,1e-08,11,-1,TIMEOUT,nan
t1_porphine,hf,diis,1e-08,12,-1,TIMEOUT,nan
t1_porphine,hf,diis,1e-08,13,-1,TIMEOUT,nan
t1_porphine,hf,diis,1e-08,14,-1,TIMEOUT,nan
t1_porphine,hf,diis,1e-08,15,-1,TIMEOUT,nan
t1_porphine,hf,diis,1e-08,16,-1,TIMEOUT,nan
t1_porphine,hf,diis,1e-08,17,-1,TIMEOUT,nan
t1_porphine,hf,diis,1e-08,18,-1,TIMEOUT,nan
t1_porphine,hf,diis,1e-08,19,-1,TIMEOUT,nan
t1_porphine,hf,diis,1e-08,2,-1,TIMEOUT,nan
t1_porphine,hf,diis,1e-08,20,-1,TIMEOUT,nan
t1_porphine,hf,diis,1e-08,21,-1,TIMEOUT,nan
t1_porphine,hf,diis,1e-08,22,-1,TIMEOUT,nan
t1_porphine,hf,diis,1e-08,23,-1,TIMEOUT,nan
t1_porphine,hf,diis,1e-08,24,-1,TIMEOUT,nan
t1_porphine,hf,diis,1e-08,25,-1,TIMEOUT,nan
t1_porphine,hf,diis,1e-08,26,-1,TIMEOUT,nan
t1_porphine,hf,diis,1e-08,27,-1,TIMEOUT,nan
t1_porphine,hf,diis,1e-08,28,-1,TIMEOUT,nan
t1_porphine,hf,diis,1e-08,29,-1,TIMEOUT,nan
t1_porphine,hf,diis,1e-08,3,-1,TIMEOUT,nan
t1_porphine,hf,diis,1e-08,30,-1,TIMEOUT,nan
t1_porphine,hf,diis,1e-08,4,-1,TIMEOUT,nan
t1_porphine,hf,diis,1e-08,5,-1,TIMEOUT,nan
t1_porphine,hf,diis,1e-08,6,-1,TIMEOUT,nan
t1_porphine,hf,diis,1e-08,7,-1,TIMEOUT,nan
t1_porphine,hf,diis,1e-08,8,-1,TIMEOUT,nan
t1_porphine,hf,diis,1e-08,9,-1,TIMEOUT,nan
t1_porphine,hf,diis,1e-09,1,-1,TIMEOUT,nan
t1_porphine,hf,diis,1e-09,10,-1,TIMEOUT,nan
t1_porphine,hf,diis,1e-09,11,-1,TIMEOUT,nan
t1_porphine,hf,diis,1e-09,12,-1,TIMEOUT,nan
t1_porphine,hf,diis,1e-09,13,-1,TIMEOUT,nan
t1_porphine,hf,diis,1e-09,14,-1,TIMEOUT,nan
t1_porphine,hf,diis,1e-09,15,-1,TIMEOUT,nan
t1_porphine,hf,diis,1e-09,16,-1,TIMEOUT,nan
t1_porphine,hf,diis,1e-09,17,-1,TIMEOUT,nan
t1_porphine,hf,diis,1e-09,18,-1,TIMEOUT,nan
t1_porphine,hf,diis,1e-09,19,-1,TIMEOUT,nan
t1_porphine,hf,diis,1e-09,2,-1,TIMEOUT,nan
t1_porphine,hf,diis,1e-09,20,-1,TIMEOUT,nan
t1_porphine,hf,diis,1e-09,21,-1,TIMEOUT,nan
t1_porphine,hf,diis,1e-09,22,-1,TIMEOUT,nan
t1_porphine,hf,diis,1e-09,23,-1,TIMEOUT,nan
t1_porphine,hf,diis,1e-09,24,-1,TIMEOUT,nan
t1_porphine,hf,diis,1e-09,25,-1,TIMEOUT,nan
t1_porphine,hf,diis,1e-09,26,-1,TIMEOUT,nan
t1_porphine,hf,diis,1e-09,27,-1,TIMEOUT,nan
t1_porphine,hf,diis,1e-09,28,-1,TIMEOUT,nan
t1_porphine,hf,diis,1e-09,29,-1,TIMEOUT,nan
t1_porphine,hf,diis,1e-09,3,-1,TIMEOUT,nan
t1_porphine,hf,diis,1e-09,30,-1,TIMEOUT,nan
t1_porphine,hf,diis,1e-09,4,-1,TIMEOUT,nan
t1_porphine,hf,diis,1e-09,5,-1,TIMEOUT,nan
t1_porphine,hf,diis,1e-09,6,-1,TIMEOUT,nan
t1_porphine,hf,diis,1e-09,7,-1,TIMEOUT,nan
t1_porphine,hf,diis,1e-09,8,-1,TIMEOUT,nan
t1_porphine,hf,diis,1e-09,9,-1,TIMEOUT,nan
t1_porphine,hf,diis,3e-08,1,-1,TIMEOUT,nan
t1_porphine,hf,diis,3e-08,10,-1,TIMEOUT,nan
t1_porphine,hf,diis,3e-08,11,-1,TIMEOUT,nan
t1_porphine,hf,diis,3e-08,12,-1,TIMEOUT,nan
t1_porphine,hf,diis,3e-08,13,-1,TIMEOUT,nan
t1_porphine,hf,diis,3e-08,14,-1,TIMEOUT,nan
t1_porphine,hf,diis,3e-08,15,-1,TIMEOUT,nan
t1_porphine,hf,diis,3e-08,16,-1,TIMEOUT,nan
t1_porphine,hf,diis,3e-08,17,-1,TIMEOUT,nan
t1_porphine,hf,diis,3e-08,18,-1,TIMEOUT,nan
t1_porphine,hf,diis,3e-08,19,-1,TIMEOUT,nan
t1_porphine,hf,diis,3e-08,2,-1,TIMEOUT,nan
t1_porphine,hf,diis,3e-08,20,-1,TIMEOUT,nan
t1_porphine,hf,diis,3e-08,21,-1,TIMEOUT,nan
t1_porphine,hf,diis,3e-08,22,-1,TIMEOUT,nan
t1_porphine,hf,diis,3e-08,23,-1,TIMEOUT,nan
t1_porphine,hf,diis,3e-08,24,-1,TIMEOUT,nan
t1_porphine,hf,diis,3e-08,25,-1,TIMEOUT,nan
t1_porphine,hf,diis,3e-08,26,-1,TIMEOUT,nan
t1_porphine,hf,diis,3e-08,27,-1,TIMEOUT,nan
t1_porphine,hf,diis,3e-08,28,-1,TIMEOUT,nan
t1_porphine,hf,diis,3e-08,29,-1,TIMEOUT,nan
t1_porphine,hf,diis,3e-08,3,-1,TIMEOUT,nan
t1_porphine,hf,diis,3e-08,30,-1,TIMEOUT,nan
t1_porphine,hf,diis,3e-08,4,-1,TIMEOUT,nan
t1_porphine,hf,diis,3e-08,5,100,False,-982.55538209
t1_porphine,hf,diis,3e-08,6,-1,TIMEOUT,nan
t1_porphine,hf,diis,3e-08,7,-1,TIMEOUT,nan
t1_porphine,hf,diis,3e-08,8,-1,TIMEOUT,nan
t1_porphine,hf,diis,3e-08,9,-1,TIMEOUT,nan
t1_porphine,hf,ensemble,0e+00,1,-1,TIMEOUT,nan
t1_porphine,hf,ensemble,1e-07,1,-1,TIMEOUT,nan
t1_porphine,hf,ensemble,1e-07,10,-1,TIMEOUT,nan
t1_porphine,hf,ensemble,1e-07,11,-1,TIMEOUT,nan
t1_porphine,hf,ensemble,1e-07,12,-1,TIMEOUT,nan
t1_porphine,hf,ensemble,1e-07,13,-1,TIMEOUT,nan
t1_porphine,hf,ensemble,1e-07,14,-1,TIMEOUT,nan
t1_porphine,hf,ensemble,1e-07,15,-1,TIMEOUT,nan
t1_porphine,hf,ensemble,1e-07,16,-1,TIMEOUT,nan
t1_porphine,hf,ensemble,1e-07,17,-1,TIMEOUT,nan
t1_porphine,hf,ensemble,1e-07,18,-1,TIMEOUT,nan
t1_porphine,hf,ensemble,1e-07,19,-1,TIMEOUT,nan
t1_porphine,hf,ensemble,1e-07,2,-1,TIMEOUT,nan
t1_porphine,hf,ensemble,1e-07,20,-1,TIMEOUT,nan
t1_porphine,hf,ensemble,1e-07,21,-1,TIMEOUT,nan
t1_porphine,hf,ensemble,1e-07,22,-1,TIMEOUT,nan
t1_porphine,hf,ensemble,1e-07,23,-1,TIMEOUT,nan
t1_porphine,hf,ensemble,1e-07,24,-1,TIMEOUT,nan
t1_porphine,hf,ensemble,1e-07,25,-1,TIMEOUT,nan
t1_porphine,hf,ensemble,1e-07,26,-1,TIMEOUT,nan
t1_porphine,hf,ensemble,1e-07,27,-1,TIMEOUT,nan
t1_porphine,hf,ensemble,1e-07,28,-1,TIMEOUT,nan
t1_porphine,hf,ensemble,1e-07,29,-1,TIMEOUT,nan
t1_porphine,hf,ensemble,1e-07,3,-1,TIMEOUT,nan
t1_porphine,hf,ensemble,1e-07,30,-1,TIMEOUT,nan
t1_porphine,hf,ensemble,1e-07,4,-1,TIMEOUT,nan
t1_porphine,hf,ensemble,1e-07,5,-1,TIMEOUT,nan
t1_porphine,hf,ensemble,1e-07,6,-1,TIMEOUT,nan
t1_porphine,hf,ensemble,1e-07,7,-1,TIMEOUT,nan
t1_porphine,hf,ensemble,1e-07,8,-1,TIMEOUT,nan
t1_porphine,hf,ensemble,1e-07,9,-1,TIMEOUT,nan
t1_porphine,hf,ensemble,1e-08,1,-1,TIMEOUT,nan
t1_porphine,hf,ensemble,1e-08,10,-1,TIMEOUT,nan
t1_porphine,hf,ensemble,1e-08,11,-1,TIMEOUT,nan
t1_porphine,hf,ensemble,1e-08,12,-1,TIMEOUT,nan
t1_porphine,hf,ensemble,1e-08,13,-1,TIMEOUT,nan
t1_porphine,hf,ensemble,1e-08,14,-1,TIMEOUT,nan
t1_porphine,hf,ensemble,1e-08,15,-1,TIMEOUT,nan
t1_porphine,hf,ensemble,1e-08,16,-1,TIMEOUT,nan
t1_porphine,hf,ensemble,1e-08,17,-1,TIMEOUT,nan
t1_porphine,hf,ensemble,1e-08,18,-1,TIMEOUT,nan
t1_porphine,hf,ensemble,1e-08,19,-1,TIMEOUT,nan
t1_porphine,hf,ensemble,1e-08,2,-1,TIMEOUT,nan
t1_porphine,hf,ensemble,1e-08,20,-1,TIMEOUT,nan
t1_porphine,hf,ensemble,1e-08,21,-1,TIMEOUT,nan
t1_porphine,hf,ensemble,1e-08,22,-1,TIMEOUT,nan
t1_porphine,hf,ensemble,1e-08,23,-1,TIMEOUT,nan
t1_porphine,hf,ensemble,1e-08,24,-1,TIMEOUT,nan
t1_porphine,hf,ensemble,1e-08,25,-1,TIMEOUT,nan
t1_porphine,hf,ensemble,1e-08,26,-1,TIMEOUT,nan
t1_porphine,hf,ensemble,1e-08,27,-1,TIMEOUT,nan
t1_porphine,hf,ensemble,1e-08,28,-1,TIMEOUT,nan
t1_porphine,hf,ensemble,1e-08,29,-1,TIMEOUT,nan
t1_porphine,hf,ensemble,1e-08,3,-1,TIMEOUT,nan
t1_porphine,hf,ensemble,1e-08,30,-1,TIMEOUT,nan
t1_porphine,hf,ensemble,1e-08,4,-1,TIMEOUT,nan
t1_porphine,hf,ensemble,1e-08,5,-1,TIMEOUT,nan
t1_porphine,hf,ensemble,1e-08,6,-1,TIMEOUT,nan
t1_porphine,hf,ensemble,1e-08,7,-1,TIMEOUT,nan
t1_porphine,hf,ensemble,1e-08,8,-1,TIMEOUT,nan
t1_porphine,hf,ensemble,1e-08,9,-1,TIMEOUT,nan
t1_porphine,hf,ensemble,1e-09,1,-1,TIMEOUT,nan
t1_porphine,hf,ensemble,1e-09,10,-1,TIMEOUT,nan
t1_porphine,hf,ensemble,1e-09,11,-1,TIMEOUT,nan
t1_porphine,hf,ensemble,1e-09,12,-1,TIMEOUT,nan
t1_porphine,hf,ensemble,1e-09,13,-1,TIMEOUT,nan
t1_porphine,hf,ensemble,1e-09,14,-1,TIMEOUT,nan
t1_porphine,hf,ensemble,1e-09,15,-1,TIMEOUT,nan
t1_porphine,hf,ensemble,1e-09,16,-1,TIMEOUT,nan
t1_porphine,hf,ensemble,1e-09,17,-1,TIMEOUT,nan
t1_porphine,hf,ensemble,1e-09,18,-1,TIMEOUT,nan
t1_porphine,hf,ensemble,1e-09,19,-1,TIMEOUT,nan
t1_porphine,hf,ensemble,1e-09,2,-1,TIMEOUT,nan
t1_porphine,hf,ensemble,1e-09,20,-1,TIMEOUT,nan
t1_porphine,hf,ensemble,1e-09,21,-1,TIMEOUT,nan
t1_porphine,hf,ensemble,1e-09,22,-1,TIMEOUT,nan
t1_porphine,hf,ensemble,1e-09,23,-1,TIMEOUT,nan
t1_porphine,hf,ensemble,1e-09,24,-1,TIMEOUT,nan
t1_porphine,hf,ensemble,1e-09,25,-1,TIMEOUT,nan
t1_porphine,hf,ensemble,1e-09,26,-1,TIMEOUT,nan
t1_porphine,hf,ensemble,1e-09,27,-1,TIMEOUT,nan
t1_porphine,hf,ensemble,1e-09,28,-1,TIMEOUT,nan
t1_porphine,hf,ensemble,1e-09,29,-1,TIMEOUT,nan
t1_porphine,hf,ensemble,1e-09,3,-1,TIMEOUT,nan
t1_porphine,hf,ensemble,1e-09,30,-1,TIMEOUT,nan
t1_porphine,hf,ensemble,1e-09,4,-1,TIMEOUT,nan
t1_porphine,hf,ensemble,1e-09,5,-1,TIMEOUT,nan
t1_porphine,hf,ensemble,1e-09,6,-1,TIMEOUT,nan
t1_porphine,hf,ensemble,1e-09,7,-1,TIMEOUT,nan
t1_porphine,hf,ensemble,1e-09,8,-1,TIMEOUT,nan
t1_porphine,hf,ensemble,1e-09,9,-1,TIMEOUT,nan
t1_porphine,hf,ensemble,3e-08,1,-1,TIMEOUT,nan
t1_porphine,hf,ensemble,3e-08,10,-1,TIMEOUT,nan
t1_porphine,hf,ensemble,3e-08,11,-1,TIMEOUT,nan
t1_porphine,hf,ensemble,3e-08,12,-1,TIMEOUT,nan
t1_porphine,hf,ensemble,3e-08,13,-1,TIMEOUT,nan
t1_porphine,hf,ensemble,3e-08,14,-1,TIMEOUT,nan
t1_porphine,hf,ensemble,3e-08,15,-1,TIMEOUT,nan
t1_porphine,hf,ensemble,3e-08,16,-1,TIMEOUT,nan
t1_porphine,hf,ensemble,3e-08,17,-1,TIMEOUT,nan
t1_porphine,hf,ensemble,3e-08,18,-1,TIMEOUT,nan
t1_porphine,hf,ensemble,3e-08,19,-1,TIMEOUT,nan
t1_porphine,hf,ensemble,3e-08,2,-1,TIMEOUT,nan
t1_porphine,hf,ensemble,3e-08,20,-1,TIMEOUT,nan
t1_porphine,hf,ensemble,3e-08,21,-1,TIMEOUT,nan
t1_porphine,hf,ensemble,3e-08,22,-1,TIMEOUT,nan
t1_porphine,hf,ensemble,3e-08,23,-1,TIMEOUT,nan
t1_porphine,hf,ensemble,3e-08,24,-1,TIMEOUT,nan
t1_porphine,hf,ensemble,3e-08,25,-1,TIMEOUT,nan
t1_porphine,hf,ensemble,3e-08,26,-1,TIMEOUT,nan
t1_porphine,hf,ensemble,3e-08,27,-1,TIMEOUT,nan
t1_porphine,hf,ensemble,3e-08,28,-1,TIMEOUT,nan
t1_porphine,hf,ensemble,3e-08,29,-1,TIMEOUT,nan
t1_porphine,hf,ensemble,3e-08,3,-1,TIMEOUT,nan
t1_porphine,hf,ensemble,3e-08,30,-1,TIMEOUT,nan
t1_porphine,hf,ensemble,3e-08,4,-1,TIMEOUT,nan
t1_porphine,hf,ensemble,3e-08,5,-1,TIMEOUT,nan
t1_porphine,hf,ensemble,3e-08,6,-1,TIMEOUT,nan
t1_porphine,hf,ensemble,3e-08,7,-1,TIMEOUT,nan
t1_porphine,hf,ensemble,3e-08,8,-1,TIMEOUT,nan
t1_porphine,hf,ensemble,3e-08,9,-1,TIMEOUT,nan
t1_porphine,hf,histqn,0e+00,1,-1,TIMEOUT,nan
t1_porphine,hf,histqn,1e-07,1,-1,TIMEOUT,nan
t1_porphine,hf,histqn,1e-07,10,-1,TIMEOUT,nan
t1_porphine,hf,histqn,1e-07,11,-1,TIMEOUT,nan
t1_porphine,hf,histqn,1e-07,12,-1,TIMEOUT,nan
t1_porphine,hf,histqn,1e-07,13,-1,TIMEOUT,nan
t1_porphine,hf,histqn,1e-07,14,-1,TIMEOUT,nan
t1_porphine,hf,histqn,1e-07,15,-1,TIMEOUT,nan
t1_porphine,hf,histqn,1e-07,16,-1,TIMEOUT,nan
t1_porphine,hf,histqn,1e-07,17,-1,TIMEOUT,nan
t1_porphine,hf,histqn,1e-07,18,-1,TIMEOUT,nan
t1_porphine,hf,histqn,1e-07,19,-1,TIMEOUT,nan
t1_porphine,hf,histqn,1e-07,2,-1,TIMEOUT,nan
t1_porphine,hf,histqn,1e-07,20,-1,TIMEOUT,nan
t1_porphine,hf,histqn,1e-07,21,-1,TIMEOUT,nan
t1_porphine,hf,histqn,1e-07,22,-1,TIMEOUT,nan
t1_porphine,hf,histqn,1e-07,23,-1,TIMEOUT,nan
t1_porphine,hf,histqn,1e-07,24,-1,TIMEOUT,nan
t1_porphine,hf,histqn,1e-07,25,-1,TIMEOUT,nan
t1_porphine,hf,histqn,1e-07,26,-1,TIMEOUT,nan
t1_porphine,hf,histqn,1e-07,27,-1,TIMEOUT,nan
t1_porphine,hf,histqn,1e-07,28,-1,TIMEOUT,nan
t1_porphine,hf,histqn,1e-07,29,-1,TIMEOUT,nan
t1_porphine,hf,histqn,1e-07,3,-1,TIMEOUT,nan
t1_porphine,hf,histqn,1e-07,30,-1,TIMEOUT,nan
t1_porphine,hf,histqn,1e-07,4,-1,TIMEOUT,nan
t1_porphine,hf,histqn,1e-07,5,-1,TIMEOUT,nan
t1_porphine,hf,histqn,1e-07,6,-1,TIMEOUT,nan
t1_porphine,hf,histqn,1e-07,7,-1,TIMEOUT,nan
t1_porphine,hf,histqn,1e-07,8,-1,TIMEOUT,nan
t1_porphine,hf,histqn,1e-07,9,-1,TIMEOUT,nan
t1_porphine,hf,histqn,1e-08,1,-1,TIMEOUT,nan
t1_porphine,hf,histqn,1e-08,10,-1,TIMEOUT,nan
t1_porphine,hf,histqn,1e-08,11,-1,TIMEOUT,nan
t1_porphine,hf,histqn,1e-08,12,-1,TIMEOUT,nan
t1_porphine,hf,histqn,1e-08,13,-1,TIMEOUT,nan
t1_porphine,hf,histqn,1e-08,14,-1,TIMEOUT,nan
t1_porphine,hf,histqn,1e-08,15,-1,TIMEOUT,nan
t1_porphine,hf,histqn,1e-08,16,-1,TIMEOUT,nan
t1_porphine,hf,histqn,1e-08,17,-1,TIMEOUT,nan
t1_porphine,hf,histqn,1e-08,18,-1,TIMEOUT,nan
t1_porphine,hf,histqn,1e-08,19,-1,TIMEOUT,nan
t1_porphine,hf,histqn,1e-08,2,-1,TIMEOUT,nan
t1_porphine,hf,histqn,1e-08,20,-1,TIMEOUT,nan
t1_porphine,hf,histqn,1e-08,21,-1,TIMEOUT,nan
t1_porphine,hf,histqn,1e-08,22,-1,TIMEOUT,nan
t1_porphine,hf,histqn,1e-08,23,-1,TIMEOUT,nan
t1_porphine,hf,histqn,1e-08,24,-1,TIMEOUT,nan
t1_porphine,hf,histqn,1e-08,25,-1,TIMEOUT,nan
t1_porphine,hf,histqn,1e-08,26,-1,TIMEOUT,nan
t1_porphine,hf,histqn,1e-08,27,-1,TIMEOUT,nan
t1_porphine,hf,histqn,1e-08,28,-1,TIMEOUT,nan
t1_porphine,hf,histqn,1e-08,29,-1,TIMEOUT,nan
t1_porphine,hf,histqn,1e-08,3,-1,TIMEOUT,nan
t1_porphine,hf,histqn,1e-08,30,-1,TIMEOUT,nan
t1_porphine,hf,histqn,1e-08,4,-1,TIMEOUT,nan
t1_porphine,hf,histqn,1e-08,5,-1,TIMEOUT,nan
t1_porphine,hf,histqn,1e-08,6,-1,TIMEOUT,nan
t1_porphine,hf,histqn,1e-08,7,-1,TIMEOUT,nan
t1_porphine,hf,histqn,1e-08,8,-1,TIMEOUT,nan
t1_porphine,hf,histqn,1e-08,9,-1,TIMEOUT,nan
t1_porphine,hf,histqn,1e-09,1,-1,TIMEOUT,nan
t1_porphine,hf,histqn,1e-09,10,-1,TIMEOUT,nan
t1_porphine,hf,histqn,1e-09,11,-1,TIMEOUT,nan
t1_porphine,hf,histqn,1e-09,12,-1,TIMEOUT,nan
t1_porphine,hf,histqn,1e-09,13,-1,TIMEOUT,nan
t1_porphine,hf,histqn,1e-09,14,-1,TIMEOUT,nan
t1_porphine,hf,histqn,1e-09,15,-1,TIMEOUT,nan
t1_porphine,hf,histqn,1e-09,16,-1,TIMEOUT,nan
t1_porphine,hf,histqn,1e-09,17,-1,TIMEOUT,nan
t1_porphine,hf,histqn,1e-09,18,-1,TIMEOUT,nan
t1_porphine,hf,histqn,1e-09,19,-1,TIMEOUT,nan
t1_porphine,hf,histqn,1e-09,2,-1,TIMEOUT,nan
t1_porphine,hf,histqn,1e-09,20,-1,TIMEOUT,nan
t1_porphine,hf,histqn,1e-09,21,-1,TIMEOUT,nan
t1_porphine,hf,histqn,1e-09,22,-1,TIMEOUT,nan
t1_porphine,hf,histqn,1e-09,23,-1,TIMEOUT,nan
t1_porphine,hf,histqn,1e-09,24,-1,TIMEOUT,nan
t1_porphine,hf,histqn,1e-09,25,-1,TIMEOUT,nan
t1_porphine,hf,histqn,1e-09,26,-1,TIMEOUT,nan
t1_porphine,hf,histqn,1e-09,27,-1,TIMEOUT,nan
t1_porphine,hf,histqn,1e-09,28,-1,TIMEOUT,nan
t1_porphine,hf,histqn,1e-09,29,-1,TIMEOUT,nan
t1_porphine,hf,histqn,1e-09,3,-1,TIMEOUT,nan
t1_porphine,hf,histqn,1e-09,30,-1,TIMEOUT,nan
t1_porphine,hf,histqn,1e-09,4,-1,TIMEOUT,nan
t1_porphine,hf,histqn,1e-09,5,-1,TIMEOUT,nan
t1_porphine,hf,histqn,1e-09,6,-1,TIMEOUT,nan
t1_porphine,hf,histqn,1e-09,7,-1,TIMEOUT,nan
t1_porphine,hf,histqn,1e-09,8,-1,TIMEOUT,nan
t1_porphine,hf,histqn,1e-09,9,-1,TIMEOUT,nan
t1_porphine,hf,histqn,3e-08,1,-1,TIMEOUT,nan
t1_porphine,hf,histqn,3e-08,10,-1,TIMEOUT,nan
t1_porphine,hf,histqn,3e-08,11,-1,TIMEOUT,nan
t1_porphine,hf,histqn,3e-08,12,-1,TIMEOUT,nan
t1_porphine,hf,histqn,3e-08,13,-1,TIMEOUT,nan
t1_porphine,hf,histqn,3e-08,14,-1,TIMEOUT,nan
t1_porphine,hf,histqn,3e-08,15,-1,TIMEOUT,nan
t1_porphine,hf,histqn,3e-08,16,-1,TIMEOUT,nan
t1_porphine,hf,histqn,3e-08,17,-1,TIMEOUT,nan
t1_porphine,hf,histqn,3e-08,18,-1,TIMEOUT,nan
t1_porphine,hf,histqn,3e-08,19,-1,TIMEOUT,nan
t1_porphine,hf,histqn,3e-08,2,-1,TIMEOUT,nan
t1_porphine,hf,histqn,3e-08,20,-1,TIMEOUT,nan
t1_porphine,hf,histqn,3e-08,21,-1,TIMEOUT,nan
t1_porphine,hf,histqn,3e-08,22,-1,TIMEOUT,nan
t1_porphine,hf,histqn,3e-08,23,-1,TIMEOUT,nan
t1_porphine,hf,histqn,3e-08,24,-1,TIMEOUT,nan
t1_porphine,hf,histqn,3e-08,25,-1,TIMEOUT,nan
t1_porphine,hf,histqn,3e-08,26,-1,TIMEOUT,nan
t1_porphine,hf,histqn,3e-08,27,-1,TIMEOUT,nan
t1_porphine,hf,histqn,3e-08,28,-1,TIMEOUT,nan
t1_porphine,hf,histqn,3e-08,29,-1,TIMEOUT,nan
t1_porphine,hf,histqn,3e-08,3,-1,TIMEOUT,nan
t1_porphine,hf,histqn,3e-08,30,-1,TIMEOUT,nan
t1_porphine,hf,histqn,3e-08,4,-1,TIMEOUT,nan
t1_porphine,hf,histqn,3e-08,5,-1,TIMEOUT,nan
t1_porphine,hf,histqn,3e-08,6,-1,TIMEOUT,nan
t1_porphine,hf,histqn,3e-08,7,-1,TIMEOUT,nan
t1_porphine,hf,histqn,3e-08,8,-1,TIMEOUT,nan
t1_porphine,hf,histqn,3e-08,9,-1,TIMEOUT,nan
t1_porphine,hf,soscf,0e+00,1,-1,TIMEOUT,nan
t1_porphine,hf,soscf,1e-07,1,-1,TIMEOUT,nan
t1_porphine,hf,soscf,1e-07,10,-1,TIMEOUT,nan
t1_porphine,hf,soscf,1e-07,11,-1,TIMEOUT,nan
t1_porphine,hf,soscf,1e-07,12,-1,TIMEOUT,nan
t1_porphine,hf,soscf,1e-07,13,-1,TIMEOUT,nan
t1_porphine,hf,soscf,1e-07,14,-1,TIMEOUT,nan
t1_porphine,hf,soscf,1e-07,15,-1,TIMEOUT,nan
t1_porphine,hf,soscf,1e-07,16,-1,TIMEOUT,nan
t1_porphine,hf,soscf,1e-07,17,-1,TIMEOUT,nan
t1_porphine,hf,soscf,1e-07,18,-1,TIMEOUT,nan
t1_porphine,hf,soscf,1e-07,19,-1,TIMEOUT,nan
t1_porphine,hf,soscf,1e-07,2,-1,TIMEOUT,nan
t1_porphine,hf,soscf,1e-07,20,-1,TIMEOUT,nan
t1_porphine,hf,soscf,1e-07,21,-1,TIMEOUT,nan
t1_porphine,hf,soscf,1e-07,22,-1,TIMEOUT,nan
t1_porphine,hf,soscf,1e-07,23,-1,TIMEOUT,nan
t1_porphine,hf,soscf,1e-07,24,-1,TIMEOUT,nan
t1_porphine,hf,soscf,1e-07,25,-1,TIMEOUT,nan
t1_porphine,hf,soscf,1e-07,26,-1,TIMEOUT,nan
t1_porphine,hf,soscf,1e-07,27,-1,TIMEOUT,nan
t1_porphine,hf,soscf,1e-07,28,-1,TIMEOUT,nan
t1_porphine,hf,soscf,1e-07,29,-1,TIMEOUT,nan
t1_porphine,hf,soscf,1e-07,3,-1,TIMEOUT,nan
t1_porphine,hf,soscf,1e-07,30,-1,TIMEOUT,nan
t1_porphine,hf,soscf,1e-07,4,-1,TIMEOUT,nan
t1_porphine,hf,soscf,1e-07,5,-1,TIMEOUT,nan
t1_porphine,hf,soscf,1e-07,6,-1,TIMEOUT,nan
t1_porphine,hf,soscf,1e-07,7,-1,TIMEOUT,nan
t1_porphine,hf,soscf,1e-07,8,-1,TIMEOUT,nan
t1_porphine,hf,soscf,1e-07,9,-1,TIMEOUT,nan
t1_porphine,hf,soscf,1e-08,1,-1,TIMEOUT,nan
t1_porphine,hf,soscf,1e-08,10,-1,TIMEOUT,nan
t1_porphine,hf,soscf,1e-08,11,-1,TIMEOUT,nan
t1_porphine,hf,soscf,1e-08,12,-1,TIMEOUT,nan
t1_porphine,hf,soscf,1e-08,13,-1,TIMEOUT,nan
t1_porphine,hf,soscf,1e-08,14,-1,TIMEOUT,nan
t1_porphine,hf,soscf,1e-08,15,-1,TIMEOUT,nan
t1_porphine,hf,soscf,1e-08,16,-1,TIMEOUT,nan
t1_porphine,hf,soscf,1e-08,17,-1,TIMEOUT,nan
t1_porphine,hf,soscf,1e-08,18,-1,TIMEOUT,nan
t1_porphine,hf,soscf,1e-08,19,-1,TIMEOUT,nan
t1_porphine,hf,soscf,1e-08,2,-1,TIMEOUT,nan
t1_porphine,hf,soscf,1e-08,20,-1,TIMEOUT,nan
t1_porphine,hf,soscf,1e-08,21,-1,TIMEOUT,nan
t1_porphine,hf,soscf,1e-08,22,-1,TIMEOUT,nan
t1_porphine,hf,soscf,1e-08,23,-1,TIMEOUT,nan
t1_porphine,hf,soscf,1e-08,24,-1,TIMEOUT,nan
t1_porphine,hf,soscf,1e-08,25,-1,TIMEOUT,nan
t1_porphine,hf,soscf,1e-08,26,-1,TIMEOUT,nan
t1_porphine,hf,soscf,1e-08,27,-1,TIMEOUT,nan
t1_porphine,hf,soscf,1e-08,28,-1,TIMEOUT,nan
t1_porphine,hf,soscf,1e-08,29,-1,TIMEOUT,nan
t1_porphine,hf,soscf,1e-08,3,-1,TIMEOUT,nan
t1_porphine,hf,soscf,1e-08,30,-1,TIMEOUT,nan
t1_porphine,hf,soscf,1e-08,4,-1,TIMEOUT,nan
t1_porphine,hf,soscf,1e-08,5,-1,TIMEOUT,nan
t1_porphine,hf,soscf,1e-08,6,-1,TIMEOUT,nan
t1_porphine,hf,soscf,1e-08,7,-1,TIMEOUT,nan
t1_porphine,hf,soscf,1e-08,8,-1,TIMEOUT,nan
t1_porphine,hf,soscf,1e-08,9,-1,TIMEOUT,nan
t1_porphine,hf,soscf,1e-09,1,-1,TIMEOUT,nan
t1_porphine,hf,soscf,1e-09,10,-1,TIMEOUT,nan
t1_porphine,hf,soscf,1e-09,11,-1,TIMEOUT,nan
t1_porphine,hf,soscf,1e-09,12,-1,TIMEOUT,nan
t1_porphine,hf,soscf,1e-09,13,-1,TIMEOUT,nan
t1_porphine,hf,soscf,1e-09,14,-1,TIMEOUT,nan
t1_porphine,hf,soscf,1e-09,15,-1,TIMEOUT,nan
t1_porphine,hf,soscf,1e-09,16,-1,TIMEOUT,nan
t1_porphine,hf,soscf,1e-09,17,-1,TIMEOUT,nan
t1_porphine,hf,soscf,1e-09,18,-1,TIMEOUT,nan
t1_porphine,hf,soscf,1e-09,19,-1,TIMEOUT,nan
t1_porphine,hf,soscf,1e-09,2,-1,TIMEOUT,nan
t1_porphine,hf,soscf,1e-09,20,-1,TIMEOUT,nan
t1_porphine,hf,soscf,1e-09,21,-1,TIMEOUT,nan
t1_porphine,hf,soscf,1e-09,22,-1,TIMEOUT,nan
t1_porphine,hf,soscf,1e-09,23,-1,TIMEOUT,nan
t1_porphine,hf,soscf,1e-09,24,-1,TIMEOUT,nan
t1_porphine,hf,soscf,1e-09,25,-1,TIMEOUT,nan
t1_porphine,hf,soscf,1e-09,26,-1,TIMEOUT,nan
t1_porphine,hf,soscf,1e-09,27,-1,TIMEOUT,nan
t1_porphine,hf,soscf,1e-09,28,-1,TIMEOUT,nan
t1_porphine,hf,soscf,1e-09,29,-1,TIMEOUT,nan
t1_porphine,hf,soscf,1e-09,3,-1,TIMEOUT,nan
t1_porphine,hf,soscf,1e-09,30,-1,TIMEOUT,nan
t1_porphine,hf,soscf,1e-09,4,-1,TIMEOUT,nan
t1_porphine,hf,soscf,1e-09,5,-1,TIMEOUT,nan
t1_porphine,hf,soscf,1e-09,6,-1,TIMEOUT,nan
t1_porphine,hf,soscf,1e-09,7,-1,TIMEOUT,nan
t1_porphine,hf,soscf,1e-09,8,-1,TIMEOUT,nan
t1_porphine,hf,soscf,1e-09,9,-1,TIMEOUT,nan
t1_porphine,hf,soscf,3e-08,1,-1,TIMEOUT,nan
t1_porphine,hf,soscf,3e-08,10,-1,TIMEOUT,nan
t1_porphine,hf,soscf,3e-08,11,-1,TIMEOUT,nan
t1_porphine,hf,soscf,3e-08,12,-1,TIMEOUT,nan
t1_porphine,hf,soscf,3e-08,13,-1,TIMEOUT,nan
t1_porphine,hf,soscf,3e-08,14,-1,TIMEOUT,nan
t1_porphine,hf,soscf,3e-08,15,-1,TIMEOUT,nan
t1_porphine,hf,soscf,3e-08,16,-1,TIMEOUT,nan
t1_porphine,hf,soscf,3e-08,17,-1,TIMEOUT,nan
t1_porphine,hf,soscf,3e-08,18,-1,TIMEOUT,nan
t1_porphine,hf,soscf,3e-08,19,-1,TIMEOUT,nan
t1_porphine,hf,soscf,3e-08,2,-1,TIMEOUT,nan
t1_porphine,hf,soscf,3e-08,20,-1,TIMEOUT,nan
t1_porphine,hf,soscf,3e-08,21,-1,TIMEOUT,nan
t1_porphine,hf,soscf,3e-08,22,-1,TIMEOUT,nan
t1_porphine,hf,soscf,3e-08,23,-1,TIMEOUT,nan
t1_porphine,hf,soscf,3e-08,24,-1,TIMEOUT,nan
t1_porphine,hf,soscf,3e-08,25,-1,TIMEOUT,nan
t1_porphine,hf,soscf,3e-08,26,-1,TIMEOUT,nan
t1_porphine,hf,soscf,3e-08,27,-1,TIMEOUT,nan
t1_porphine,hf,soscf,3e-08,28,-1,TIMEOUT,nan
t1_porphine,hf,soscf,3e-08,29,-1,TIMEOUT,nan
t1_porphine,hf,soscf,3e-08,3,-1,TIMEOUT,nan
t1_porphine,hf,soscf,3e-08,30,-1,TIMEOUT,nan
t1_porphine,hf,soscf,3e-08,4,100,False,-982.55538209
t1_porphine,hf,soscf,3e-08,5,-1,TIMEOUT,nan
t1_porphine,hf,soscf,3e-08,6,-1,TIMEOUT,nan
t1_porphine,hf,soscf,3e-08,7,-1,TIMEOUT,nan
t1_porphine,hf,soscf,3e-08,8,-1,TIMEOUT,nan
t1_porphine,hf,soscf,3e-08,9,-1,TIMEOUT,nan
t1_porphine,hf,switch,0e+00,1,-1,TIMEOUT,nan
t1_porphine,hf,switch,1e-07,1,-1,TIMEOUT,nan
t1_porphine,hf,switch,1e-07,10,-1,TIMEOUT,nan
t1_porphine,hf,switch,1e-07,11,-1,TIMEOUT,nan
t1_porphine,hf,switch,1e-07,12,-1,TIMEOUT,nan
t1_porphine,hf,switch,1e-07,13,-1,TIMEOUT,nan
t1_porphine,hf,switch,1e-07,14,-1,TIMEOUT,nan
t1_porphine,hf,switch,1e-07,15,-1,TIMEOUT,nan
t1_porphine,hf,switch,1e-07,16,-1,TIMEOUT,nan
t1_porphine,hf,switch,1e-07,17,-1,TIMEOUT,nan
t1_porphine,hf,switch,1e-07,18,-1,TIMEOUT,nan
t1_porphine,hf,switch,1e-07,19,-1,TIMEOUT,nan
t1_porphine,hf,switch,1e-07,2,-1,TIMEOUT,nan
t1_porphine,hf,switch,1e-07,20,-1,TIMEOUT,nan
t1_porphine,hf,switch,1e-07,21,-1,TIMEOUT,nan
t1_porphine,hf,switch,1e-07,22,-1,TIMEOUT,nan
t1_porphine,hf,switch,1e-07,23,-1,TIMEOUT,nan
t1_porphine,hf,switch,1e-07,24,-1,TIMEOUT,nan
t1_porphine,hf,switch,1e-07,25,-1,TIMEOUT,nan
t1_porphine,hf,switch,1e-07,26,-1,TIMEOUT,nan
t1_porphine,hf,switch,1e-07,27,-1,TIMEOUT,nan
t1_porphine,hf,switch,1e-07,28,-1,TIMEOUT,nan
t1_porphine,hf,switch,1e-07,29,-1,TIMEOUT,nan
t1_porphine,hf,switch,1e-07,3,-1,TIMEOUT,nan
t1_porphine,hf,switch,1e-07,30,-1,TIMEOUT,nan
t1_porphine,hf,switch,1e-07,4,-1,TIMEOUT,nan
t1_porphine,hf,switch,1e-07,5,-1,TIMEOUT,nan
t1_porphine,hf,switch,1e-07,6,-1,TIMEOUT,nan
t1_porphine,hf,switch,1e-07,7,-1,TIMEOUT,nan
t1_porphine,hf,switch,1e-07,8,-1,TIMEOUT,nan
t1_porphine,hf,switch,1e-07,9,-1,TIMEOUT,nan
t1_porphine,hf,switch,1e-08,1,-1,TIMEOUT,nan
t1_porphine,hf,switch,1e-08,10,-1,TIMEOUT,nan
t1_porphine,hf,switch,1e-08,11,-1,TIMEOUT,nan
t1_porphine,hf,switch,1e-08,12,-1,TIMEOUT,nan
t1_porphine,hf,switch,1e-08,13,-1,TIMEOUT,nan
t1_porphine,hf,switch,1e-08,14,-1,TIMEOUT,nan
t1_porphine,hf,switch,1e-08,15,-1,TIMEOUT,nan
t1_porphine,hf,switch,1e-08,16,-1,TIMEOUT,nan
t1_porphine,hf,switch,1e-08,17,-1,TIMEOUT,nan
t1_porphine,hf,switch,1e-08,18,-1,TIMEOUT,nan
t1_porphine,hf,switch,1e-08,19,-1,TIMEOUT,nan
t1_porphine,hf,switch,1e-08,2,-1,TIMEOUT,nan
t1_porphine,hf,switch,1e-08,20,-1,TIMEOUT,nan
t1_porphine,hf,switch,1e-08,21,-1,TIMEOUT,nan
t1_porphine,hf,switch,1e-08,22,-1,TIMEOUT,nan
t1_porphine,hf,switch,1e-08,23,-1,TIMEOUT,nan
t1_porphine,hf,switch,1e-08,24,-1,TIMEOUT,nan
t1_porphine,hf,switch,1e-08,25,-1,TIMEOUT,nan
t1_porphine,hf,switch,1e-08,26,-1,TIMEOUT,nan
t1_porphine,hf,switch,1e-08,27,-1,TIMEOUT,nan
t1_porphine,hf,switch,1e-08,28,-1,TIMEOUT,nan
t1_porphine,hf,switch,1e-08,29,-1,TIMEOUT,nan
t1_porphine,hf,switch,1e-08,3,-1,TIMEOUT,nan
t1_porphine,hf,switch,1e-08,30,-1,TIMEOUT,nan
t1_porphine,hf,switch,1e-08,4,-1,TIMEOUT,nan
t1_porphine,hf,switch,1e-08,5,-1,TIMEOUT,nan
t1_porphine,hf,switch,1e-08,6,-1,TIMEOUT,nan
t1_porphine,hf,switch,1e-08,7,21,True,-982.55538209
t1_porphine,hf,switch,1e-08,8,-1,TIMEOUT,nan
t1_porphine,hf,switch,1e-08,9,-1,TIMEOUT,nan
t1_porphine,hf,switch,1e-09,1,-1,TIMEOUT,nan
t1_porphine,hf,switch,1e-09,10,-1,TIMEOUT,nan
t1_porphine,hf,switch,1e-09,11,-1,TIMEOUT,nan
t1_porphine,hf,switch,1e-09,12,-1,TIMEOUT,nan
t1_porphine,hf,switch,1e-09,13,-1,TIMEOUT,nan
t1_porphine,hf,switch,1e-09,14,-1,TIMEOUT,nan
t1_porphine,hf,switch,1e-09,15,-1,TIMEOUT,nan
t1_porphine,hf,switch,1e-09,16,-1,TIMEOUT,nan
t1_porphine,hf,switch,1e-09,17,20,True,-982.55538209
t1_porphine,hf,switch,1e-09,18,-1,TIMEOUT,nan
t1_porphine,hf,switch,1e-09,19,-1,TIMEOUT,nan
t1_porphine,hf,switch,1e-09,2,-1,TIMEOUT,nan
t1_porphine,hf,switch,1e-09,20,-1,TIMEOUT,nan
t1_porphine,hf,switch,1e-09,21,-1,TIMEOUT,nan
t1_porphine,hf,switch,1e-09,22,-1,TIMEOUT,nan
t1_porphine,hf,switch,1e-09,23,-1,TIMEOUT,nan
t1_porphine,hf,switch,1e-09,24,-1,TIMEOUT,nan
t1_porphine,hf,switch,1e-09,25,-1,TIMEOUT,nan
t1_porphine,hf,switch,1e-09,26,-1,TIMEOUT,nan
t1_porphine,hf,switch,1e-09,27,-1,TIMEOUT,nan
t1_porphine,hf,switch,1e-09,28,-1,TIMEOUT,nan
t1_porphine,hf,switch,1e-09,29,-1,TIMEOUT,nan
t1_porphine,hf,switch,1e-09,3,-1,TIMEOUT,nan
t1_porphine,hf,switch,1e-09,30,-1,TIMEOUT,nan
t1_porphine,hf,switch,1e-09,4,-1,TIMEOUT,nan
t1_porphine,hf,switch,1e-09,5,-1,TIMEOUT,nan
t1_porphine,hf,switch,1e-09,6,-1,TIMEOUT,nan
t1_porphine,hf,switch,1e-09,7,-1,TIMEOUT,nan
t1_porphine,hf,switch,1e-09,8,-1,TIMEOUT,nan
t1_porphine,hf,switch,1e-09,9,-1,TIMEOUT,nan
t1_porphine,hf,switch,3e-08,1,-1,TIMEOUT,nan
t1_porphine,hf,switch,3e-08,10,-1,TIMEOUT,nan
t1_porphine,hf,switch,3e-08,11,-1,TIMEOUT,nan
t1_porphine,hf,switch,3e-08,12,-1,TIMEOUT,nan
t1_porphine,hf,switch,3e-08,13,-1,TIMEOUT,nan
t1_porphine,hf,switch,3e-08,14,-1,TIMEOUT,nan
t1_porphine,hf,switch,3e-08,15,-1,TIMEOUT,nan
t1_porphine,hf,switch,3e-08,16,-1,TIMEOUT,nan
t1_porphine,hf,switch,3e-08,17,-1,TIMEOUT,nan
t1_porphine,hf,switch,3e-08,18,-1,TIMEOUT,nan
t1_porphine,hf,switch,3e-08,19,-1,TIMEOUT,nan
t1_porphine,hf,switch,3e-08,2,-1,TIMEOUT,nan
t1_porphine,hf,switch,3e-08,20,-1,TIMEOUT,nan
t1_porphine,hf,switch,3e-08,21,-1,TIMEOUT,nan
t1_porphine,hf,switch,3e-08,22,-1,TIMEOUT,nan
t1_porphine,hf,switch,3e-08,23,-1,TIMEOUT,nan
t1_porphine,hf,switch,3e-08,24,-1,TIMEOUT,nan
t1_porphine,hf,switch,3e-08,25,-1,TIMEOUT,nan
t1_porphine,hf,switch,3e-08,26,-1,TIMEOUT,nan
t1_porphine,hf,switch,3e-08,27,-1,TIMEOUT,nan
t1_porphine,hf,switch,3e-08,28,-1,TIMEOUT,nan
t1_porphine,hf,switch,3e-08,29,-1,TIMEOUT,nan
t1_porphine,hf,switch,3e-08,3,-1,TIMEOUT,nan
t1_porphine,hf,switch,3e-08,30,-1,TIMEOUT,nan
t1_porphine,hf,switch,3e-08,4,-1,TIMEOUT,nan
t1_porphine,hf,switch,3e-08,5,-1,TIMEOUT,nan
t1_porphine,hf,switch,3e-08,6,-1,TIMEOUT,nan
t1_porphine,hf,switch,3e-08,7,-1,TIMEOUT,nan
t1_porphine,hf,switch,3e-08,8,-1,TIMEOUT,nan
t1_porphine,hf,switch,3e-08,9,-1,TIMEOUT,nan
