{
  "atoms": [
    6,
    1,
    1,
    1,
    35
  ],
  "coord": [
    0.0,
    0.0,
    0.0,
    0.0,
    2.022006953349574,
    0.2834589186938655,
    1.751776117528089,
    -1.011003476674787,
    0.2834589186938655,
    -1.751776117528089,
    -1.011003476674787,
    0.2834589186938655,
    0.0,
    0.0,
    -3.6641789556493687
  ],
  "energy": -2613.4922425841955,
  "td_energies": [
    -0.0013791058722098085,
    0.01560833979384212,
    0.06115152783892607,
    0.11786926395357726,
    0.18573790642975183,
    0.1895020658684644
  ],
  "grad": [
    0.0,
    0.0,
    0.0,
    0.0,
    0.0,
    0.0,
    0.0,
    0.0,
    0.0,
    0.0,
    0.0,
    0.0,
    0.0,
    0.0,
    0.0
  ],
  "nac": [],
  "soc": [
    -19.534707916971474,
    47169.12320316216,
    47213.102443937314,
    47285.99900281063,
    49831.759423436946,
    51505.16286762946,
    51515.199843996415,
    52016.50339023281,
    54687.54601206661,
    61296.32839085366,
    61297.04526660484,
    61316.507709484904,
    73678.1713863073,
    73678.18977024112,
    73678.53106939227,
    74707.08651887228,
    80667.24961781224,
    88573.4512154222,
    88573.47658658506,
    88573.76660387071,
    89399.59535145704,
    89400.21453363428,
    89400.2151266908,
    89868.04693427848
  ],
  "hess": [],
  "json": {
    "scf_type": "rohf",
    "basis": "6-31g*",
    "library": ""
  }
}