{
  "atoms": [
    8,
    1,
    1
  ],
  "coord": [
    0.0,
    0.0,
    0.0,
    1.4599985110500535,
    1.05007895002088,
    0.0,
    -1.460999612361835,
    1.05007895002088,
    0.0
  ],
  "energy": -76.0960040155147,
  "td_energies": [
    0.029345923814087224,
    0.09356339197679998,
    0.0945209969208747,
    0.2390179460107409,
    0.4371133522805215,
    0.503190479912992,
    0.5144806520413432,
    0.5586788168825157,
    0.5626669827595523,
    0.5847774162697464,
    0.5924238264582635,
    0.601851272524217
  ],
  "grad": [
    0.0,
    0.0,
    0.0,
    0.0,
    0.0,
    0.0,
    0.0,
    0.0,
    0.0
  ],
  "nac": [],
  "soc": [
    -0.07099365814548066,
    68315.78810771948,
    68315.78831290035,
    68315.87388205658,
    71615.07048629793,
    82410.18976133334,
    82410.19229582697,
    82410.22635673848,
    82620.53412193283,
    82620.54888972473,
    82620.62558816545,
    84218.11766641655,
    88055.87283396225,
    114333.87195894621,
    114333.87254565195,
    114333.88916390299,
    120217.07422836867,
    157810.69399624292,
    157810.69403096213,
    157810.69504171397,
    159863.02699915605,
    172312.9347343589,
    172312.93625490522,
    172312.94171065406,
    173382.13996326644,
    174789.0449386619,
    174790.8472982531,
    174790.86051574696,
    179171.59496438084,
    184103.16449682566,
    184491.12742907216,
    184491.12854912056,
    184491.26454822527,
    185366.55381389405,
    185366.5541040435,
    185366.6424657711,
    187024.13845669167,
    190219.21079650635,
    190219.210827735,
    190219.21113229432,
    191897.53280428096,
    191897.53562059483,
    191897.5994687826,
    193966.50370068708,
    193966.50601019536,
    193966.5188960923,
    195644.96459079257,
    205339.67698019437
  ],
  "hess": [],
  "json": {
    "scf_type": "rohf",
    "basis": "6-31g(2df,p)",
    "library": ""
  }
}