{
  "OQP::DM_A": [
    0.09374612135215264,
    0.29345443120617476,
    1.0337025542257066,
    -1.8796635281392183e-11,
    -9.510394783988084e-11,
    0.3366336180775225,
    -2.8278164961423366e-14,
    -4.051189000961456e-14,
    7.922346820648669e-16,
    0.37619732917938803,
    0.024865684160434987,
    0.1691495413776106,
    -2.9245744709397274e-11,
    3.1969065729114837e-13,
    0.38187275171907,
    2.1163323772992285e-11,
    1.6601899497030774e-10,
    0.29624914356542936,
    -1.7602668952832944e-16,
    1.9297140150059666e-11,
    0.2607094192328691,
    2.215043976350115e-14,
    2.110298882691664e-14,
    8.444672859869176e-17,
    0.29209412136525076,
    -1.5278349667971286e-13,
    -6.036860015391458e-16,
    0.2267931458265454,
    0.07447582591504949,
    0.47910011538208597,
    -1.115366646753552e-10,
    1.0790499545188718e-13,
    0.46128792010459363,
    1.5671400625521243e-10,
    -3.4450789963662973e-13,
    0.7852804637750239,
    -0.021114643110971623,
    -0.18077034188062974,
    2.0381631735532263e-10,
    5.745755914004248e-14,
    0.020137578363225467,
    1.2911639380127303e-11,
    -1.3039345133353186e-14,
    -0.1668727363048773,
    0.16398981973940208,
    -0.15039750303493543,
    -0.8783080792374744,
    1.403874492627583e-10,
    -1.2172714651737353e-13,
    -0.37918716704901495,
    -3.995184938412171e-10,
    1.5569637070509202e-13,
    -1.0033649223505023,
    0.4337242683242512,
    1.6849740171510221
  ],
  "OQP::DM_B": [
    0.08087072873255154,
    0.217651993219143,
    0.5874241552252564,
    -1.2151943800000779e-12,
    8.404824515655181e-12,
    0.3366336180775225,
    1.0543965761428038e-13,
    3.7236122722926224e-13,
    -6.11945324444991e-15,
    4.908139276563074e-24,
    -0.013645013135610586,
    -0.05757789365040858,
    2.3340888458671717e-11,
    -1.1408476501870674e-12,
    0.2666860657635778,
    -7.56709200387148e-12,
    -3.1281234602312094e-12,
    0.29624914356542936,
    -5.38532862443804e-15,
    -6.663642147880604e-11,
    0.2607094192328691,
    1.5418455960324592e-13,
    5.077594443943503e-13,
    -5.2820544928258984e-15,
    5.198305070462468e-24,
    -1.202423483938768e-12,
    -4.648388953687961e-15,
    5.528619995505407e-24,
    -0.0172546286887722,
    -0.060952704913490544,
    1.3721928528219589e-11,
    -8.04131178525937e-13,
    0.1869192950501232,
    -4.797521589374109e-11,
    -8.516632865087938e-13,
    0.1317488356199446,
    0.014480796125035611,
    0.028793836473116723,
    1.5521048996220468e-10,
    -5.292934272913548e-13,
    0.12660463735222965,
    9.234003424349594e-11,
    -5.466063230669337e-13,
    0.08672619612463471,
    0.06558231234616042,
    -0.0036902025893243186,
    -0.014585210907746442,
    -5.994242096276035e-11,
    -2.5541738269308023e-13,
    0.059618903220241416,
    -7.215280769608523e-11,
    -2.6954679929317676e-13,
    0.04184804793888863,
    0.028135797915944484,
    0.013333187241663021
  ],
  "OQP::FOCK_A": [
    4.020730607195006,
    -2.5348828233626395,
    -0.2548114292954279,
    -1.0443251569059223e-11,
    -1.1252862105351635e-11,
    -0.2899999503412072,
    1.5402885715387334e-13,
    1.483306439606441e-13,
    -1.1491997863214436e-15,
    -0.352626616038796,
    -0.04641114880672923,
    -0.05013960983617953,
    -1.6073987298976373e-12,
    -2.5190063759165835e-13,
    -0.34274528528533016,
    -7.343636503655807e-12,
    -7.967009208068578e-12,
    -0.43149123871764483,
    -6.337457288031656e-16,
    -4.428537629812576e-13,
    -0.24332076838528532,
    7.579953164615549e-14,
    9.435787715998598e-14,
    -6.715288680144398e-16,
    -0.4680036057375922,
    -1.287014252385458e-13,
    -5.873282076359836e-16,
    -0.27616647936044775,
    -0.02317506686752671,
    -0.04923064039364186,
    -2.2253046653785935e-12,
    -1.4601938877304527e-13,
    -0.4815920881582323,
    1.4471509836706384e-12,
    -1.1240261291787267e-13,
    -0.33831459730114255,
    -0.28163236901838334,
    -0.29159601591401485,
    -2.521081026771122e-10,
    -2.9480420737437364e-14,
    -0.3571548943549184,
    -5.812764251069431e-12,
    -2.0269512731567318e-14,
    -0.3795598198409319,
    -0.15716508710324523,
    -0.8919905188627741,
    -0.3173789129339667,
    -9.646671715950524e-12,
    -1.638171761088191e-14,
    -0.33166234607095757,
    2.835961835078192e-12,
    -1.7995336883575338e-14,
    -0.2936427264657677,
    -0.5354527916512135,
    -0.44188551816345045
  ],
  "OQP::FOCK_B": [
    4.090407787019374,
    -2.4536920343677413,
    -0.17840271030446014,
    -1.1386206442630064e-11,
    -1.1929057507688497e-11,
    -0.25686855048229085,
    -5.691059761288223e-14,
    -5.04434313193697e-14,
    3.484881706680588e-15,
    -0.06508239435549729,
    -0.02941364863928214,
    -0.04096420462064129,
    -1.9496723609246663e-12,
    7.333509446875965e-13,
    -0.27783162656929733,
    -4.107801543868463e-12,
    -7.633508227035033e-12,
    -0.4113225541380704,
    2.814458231619117e-15,
    6.769952291429779e-12,
    -0.22798573582822576,
    -7.213104612094776e-14,
    -4.3768408695977275e-14,
    2.81329457017932e-15,
    -0.2552558502439712,
    6.133386498087179e-13,
    2.234557779449792e-15,
    -0.10372753307870913,
    -0.021840296339840783,
    -0.04672099755963387,
    -1.8593433262084934e-12,
    6.206484233899506e-13,
    -0.44170126553274525,
    4.487211856151312e-12,
    5.076234090466275e-13,
    -0.2839940924381438,
    -0.29410368061952963,
    -0.27722866351127307,
    -2.5319283408993035e-10,
    3.832474293563652e-13,
    -0.36653008199797654,
    -1.6218693179637558e-11,
    3.361077115390869e-13,
    -0.3243624158612726,
    0.045860066418397016,
    -0.8744683443077448,
    -0.2821309068083398,
    -1.053125200643813e-11,
    3.860122765617887e-13,
    -0.3290553161240827,
    -5.121251331776259e-12,
    3.2862639617941504e-13,
    -0.24516884743213022,
    -0.4001602805743524,
    -0.32304278833609845
  ],
  "OQP::E_MO_A": [
    -0.9186290915445728,
    -0.5089638544170603,
    -0.4031670797805747,
    -0.3329090027892975,
    0.006497430654920465,
    0.5052006699913754,
    0.5103662392094875,
    0.5215006098881961,
    0.9318538562523174,
    17.516853328391488
  ],
  "OQP::E_MO_B": [
    -0.9186290915445728,
    -0.5089638544170603,
    -0.4031670797805747,
    -0.3329090027892975,
    0.006497430654920465,
    0.5052006699913754,
    0.5103662392094875,
    0.5215006098881961,
    0.9318538562523174,
    17.516853328391488
  ],