{
  "OQP::DM_A": [
    0.1630455856216761,
    0.4450426472544319,
    1.2290523399864342,
    -1.085405087842095e-11,
    -2.4383187146983434e-11,
    0.6157317957865583,
    -1.6306196025225481e-16,
    -2.464741709558829e-16,
    4.785942554321702e-16,
    0.6157316740749974,
    -0.037738122856001415,
    -0.17693678156846201,
    4.785379455851385e-11,
    3.7377583638742134e-16,
    0.3914147703452166,
    -1.1399558441994985e-11,
    1.4469089895905111e-11,
    0.5951785300445259,
    1.0554355910065559e-16,
    -1.6326063852922078e-10,
    0.5753113369327414,
    -7.481664947452296e-17,
    -1.1532771004857387e-18,
    2.1233409616609204e-16,
    0.5951785324712736,
    2.8478104008502853e-16,
    -1.3990959856182136e-16,
    0.5753114553459078,
    -0.040112688389654746,
    -0.1518743733992713,
    -2.6352054359928864e-12,
    -2.5442164342675616e-16,
    0.22868150316621125,
    -1.2256415317689868e-10,
    -2.991816096265173e-16,
    0.1356527737089595,
    0.01984118750029314,
    -0.0017683268648485296,
    3.480497380270355e-10,
    -3.002784925423334e-17,
    0.28490116170308416,
    1.7766479022158917e-10,
    -6.233613703303167e-17,
    0.1610903505405268,
    0.22141344331330834,
    -0.026170526794606158,
    -0.11623376043556181,
    -5.683491765247118e-11,
    1.9386122029512274e-16,
    0.23795721034770545,
    -1.818843942660373e-10,
    1.3934424535760698e-16,
    0.1393907352565105,
    0.17224517188075367,
    0.14472938509246738
  ],
  "OQP::DM_B": [
    4.299209318625962,
    -3.595721998017942,
    6.690265718548298,
    -1.7501384704509505e-15,
    3.4352845453829355e-14,
    0.558042867384719,
    -1.5750621944035338e-15,
    -1.2551201019208041e-14,
    1.782799880792704e-14,
    7.013810164197353e-28,
    0.12773661991095503,
    -0.5121454201227211,
    1.0115896420103298e-13,
    3.4905161617243234e-15,
    0.09958021887845707,
    2.650510676200705e-15,
    2.926640051505694e-14,
    0.5946672202510956,
    1.8998050353076056e-14,
    1.0861292133000044e-13,
    0.6336952293619598,
    -3.581771655561291e-15,
    -9.430034414830376e-15,
    1.5951367354461045e-14,
    6.396830194799868e-28,
    3.34727046286982e-15,
    1.6998255579068057e-14,
    5.8590818400998555e-28,
    -0.6673653671759047,
    2.8711848603458803,
    -4.7531574401140246e-14,
    -1.9981544947716208e-14,
    -0.5674541523266065,
    -5.524244464018026e-14,
    -1.9194295128601012e-14,
    3.23451157446413,
    -0.13982776372740732,
    0.04106857640989998,
    1.352573995075108e-13,
    1.0578935606615134e-15,
    0.022543266381639643,
    1.4416432663204824e-13,
    1.1203777397735432e-15,
    -0.13101205180944062,
    0.012688274117237167,
    1.0112700529008956,
    -4.022156665188118,
    -1.2816066732441307e-13,
    2.7467929524876595e-14,
    0.7836769707963942,
    -1.3015812796023702e-13,
    2.6344936613347958e-14,
    -4.46569307768013,
    0.17740342842790432,
    6.167474838681739
  ],
  "OQP::FOCK_A": [
    4.110585724365812,
    -2.4611844479422142,
    -0.1770693460612709,
    -9.568371151869828e-12,
    -1.0461869657076934e-11,
    -0.2190521648337861,
    -1.1904938439524591e-17,
    -1.8314648196027825e-17,
    -5.700331597689661e-17,
    -0.2190521574269842,
    -0.043101698651886795,
    -0.0587181012071528,
    -5.067314450655644e-13,
    -3.1267291620971783e-17,
    -0.24393466686746307,
    -3.2999317363963543e-12,
    -6.590186190957348e-12,
    -0.3915694076898516,
    -3.127166405807669e-17,
    9.90495723001092e-12,
    -0.20910431673197752,
    -1.3463177331672394e-17,
    -1.4300686968275775e-17,
    -4.001453377112203e-17,
    -0.3915694063809038,
    -2.4324124382872696e-17,
    -1.4636097998654665e-17,
    -0.2091043202014092,
    -0.029475339982022224,
    -0.06617373965216108,
    -1.0008057778711754e-12,
    -1.1919535983545347e-17,
    -0.42858057399025734,
    6.655828792307903e-12,
    1.2842024924737362e-18,
    -0.29514831773656436,
    -0.30165533166375275,
    -0.30467985379284734,
    -2.551238364289691e-10,
    -4.3799668358086564e-18,
    -0.3972081023218266,
    -1.568153723751988e-11,
    -2.6941710105554914e-18,
    -0.39362568525203717,
    -0.15175244243479713,
    -0.8831328762656475,
    -0.3031352003033798,
    -1.081178781573539e-11,
    -1.919452921339202e-17,
    -0.34551328180287477,
    -3.282369701687641e-12,
    -1.721040237918571e-17,
    -0.29825704938730024,
    -0.5175807892563421,
    -0.42394399971107954
  ],
  "OQP::E_MO_A": [
    -0.8925338335670352,
    -0.5031196237745145,
    -0.360642499353242,
    -0.3606424438652431,
    0.04943332003929893,
    0.5301126033914302,
    0.5540034879624248,
    0.5540035256808785,
    0.859146856285888,
    17.570368737664666
  ],
  "OQP::E_MO_B": [
    0.0,
    0.0,
    0.0,
    0.0,
    0.0,
    0.0,
    0.0,
    0.0,
    0.0,
    0.0
  ],
  "OQP::VEC_MO_A": [
    [
      -0.2638197477991647,
      -0.6877961621836717,
      -8.049664092546294e-11,
      -1.8019256273335155e-16,
      -0.10621412518449831,
      1.5335274288487295e-11,
      -2.830878060959849e-16,
      -0.0309976482748083,
      -0.15864799969252005,
      -0.05902228551153443
    ],
    [
      -0.10918760681516547,
      -0.37611515427941683,
      2.625587223078192e-10,
      -7.86171477523969e-16,
      0.42944841923553523,
      3.2894291510231624e-11,
      -8.759543053599828e-16,
      0.2585837053178545,
      0.29246800483166757,
      0.26245201915631855
    ],
    [
      3.873073336469473e-16,
      9.781196401637437e-16,
      -2.6273392613102096e-09,
      -0.5548565914157447,
      -9.09979129518225e-16,
      -2.5396377644454573e-09,
      -0.5363354618827231,
      -1.2643848247246175e-16,
      -3.3653532140567903e-16,
      -5.265219426694378e-16
    ],
    [
      -3.6126981697401276e-12,
      -5.622252213804968e-11,
      -0.5548566462549396,
      2.627338570360033e-09,
      1.7550192815710925e-10,
      -0.5363354066872433,
      2.539638156236343e-09,
      1.292337706371071e-10,
      -1.5222708938300563e-10,
      1.8397116093937508e-10
    ],
    [
      0.11054500884353266,
      0.6696874660769097,
      -9.854294119788047e-11,
      1.1247871718090028e-16,
      0.3623234508071762,
      2.1204890320404584e-10,
      8.008025505620565e-17,
      0.9250644435247518,
      -0.22926774291101112,
      -1.3304233151198732
    ],
    [
      0.03158948156027727,
      0.13404112639831825,
      -4.693975293971387e-09,
      -6.101631517079849e-15,
      -1.1775427772106388,
      4.77694656698982e-09,
      6.449122469072778e-15,
      1.4494165535034478,
      -0.29753146951942694,
      -0.14232831508908628
    ],
    [
      -1.58652698161454e-10,
      -1.1645720701340576e-09,
      -1.2451243801580645,
      -1.1014602899249061e-08,
      5.036285336453614e-09,
      1.2532138512353543,
      1.1086163493785265e-08,
      -6.4491089398291455e-09,
      -4.411063557605815e-10,
      2.761484514953856e-09
    ],
    [
      1.4187066100062226e-16,
      5.280404654012165e-16,
      -1.1014603176778501e-08,
      1.2451244045956937,
      -5.980105604327527e-15,
      1.1086164265456172e-08,
      -1.2532138276134528,
      7.271310282807448e-15,
      -1.8683043510002776e-15,
      -2.6401530237136223e-16
    ],
    [
      0.020900968642634143,
      0.4543429768626495,
      -1.631957710848848e-09,
      5.93980090211877e-16,
      -0.46273991879433096,
      1.4730899169037467e-09,
      -2.4796618191543904e-16,
      0.6946692752759203,
      1.3127884087816335,
      -1.63436845332237
    ],
    [
      -1.4333277272013991,
      1.4705368348383139,
      -8.145468610783693e-13,
      -1.8327241681105669e-16,
      -0.06233491221694297,
      4.219958491949838e-13,
      2.183914538822765e-16,
      0.33177807239940943,
      0.049450011592938305,
      -0.490404773908683
    ]
  ],