{
  "OQP::DM_A": [
    0.09375045456654697,
    0.29351623760924883,
    1.034203995592203,
    1.4897639692571748e-16,
    5.199494837796211e-17,
    0.3366252781418187,
    4.057506110976543e-15,
    6.102554324898209e-15,
    -2.1189501722373446e-15,
    0.37619823313999784,
    0.024768887712328873,
    0.16875134828830413,
    -2.581605603087318e-16,
    -4.6724350893907884e-14,
    0.381448116205357,
    6.246492175918385e-17,
    2.149906730489007e-17,
    0.2962497501784055,
    3.676675045085132e-16,
    1.0883083266477745e-17,
    0.2607169460511909,
    -3.3640584168753464e-15,
    -3.0990282783178445e-15,
    3.9283810797788507e-16,
    0.2920940016935244,
    2.247850722775547e-14,
    2.079088499936297e-15,
    0.2267924150339807,
    0.07463020655944524,
    0.4801343166793685,
    -9.333994278027593e-17,
    -1.5830340859266926e-14,
    0.46104275321652854,
    3.5662972694994035e-16,
    5.049549363762421e-14,
    0.786874488381571,
    -0.021023162776255145,
    -0.18041380918749048,
    3.872673984554128e-17,
    -8.125328105366063e-15,
    0.020677333284939203,
    -9.939441764669632e-17,
    2.1840245403378923e-15,
    -0.1666886709941845,
    0.163800133604317,
    -0.15056891519716634,
    -0.8794528457879515,
    2.496874250430017e-16,
    1.7483732129468605e-14,
    -0.378680216590131,
    -3.505528469851839e-16,
    -2.3095230525623387e-14,
    -1.0055086532130244,
    0.4332876799585633,
    1.6873049888176928
  ],
  "OQP::DM_B": [
    0.08087872670259628,
    0.21769811884369042,
    0.5876138257326006,
    1.561835994098763e-16,
    9.444741005508466e-17,
    0.3366252781418187,
    -1.5621596049365527e-14,
    -5.5195778217003023e-14,
    2.3921926370675488e-14,
    1.0984732326890595e-25,
    -0.01366389275023781,
    -0.05762860197170364,
    -2.366410849511287e-16,
    1.6935721860670957e-13,
    0.2666943994008991,
    1.706891625435946e-17,
    -2.458962484805524e-16,
    0.2962497501784055,
    2.1052681338188696e-14,
    -1.246616339680432e-16,
    0.2607169460511909,
    -2.2775519674759326e-14,
    -7.503128615478854e-14,
    2.061192253466049e-14,
    1.1562814746273627e-25,
    1.7791498532780733e-13,
    1.8139686167648097e-14,
    1.2227858618620421e-25,
    -0.017209133220513345,
    -0.06082537765107148,
    -4.191679861841974e-17,
    1.1930051761476562e-13,
    0.18682617398977733,
    3.2730774262960126e-17,
    1.2593511629172858e-13,
    0.1316039279433927,
    0.014503764007422268,
    0.02884984078478418,
    1.8834324646498865e-17,
    7.867345185489249e-14,
    0.12675466742519623,
    2.5901935792780144e-17,
    8.09820807084717e-14,
    0.08679474123377004,
    0.06574317186356568,
    -0.0037800573291492,
    -0.014824943696637657,
    1.6749667085106645e-16,
    3.791426047321152e-14,
    0.059606236357054906,
    1.6714204762413315e-16,
    3.9887744355980896e-14,
    0.041824846697933495,
    0.028139508613052935,
    0.01332857928353638
  ],
  "OQP::FOCK_A": [
    4.020658033255059,
    -2.5349388110919935,
    -0.254868517623942,
    1.1572960820016442e-17,
    8.150611818924255e-18,
    -0.290107333422697,
    -2.2741482213680266e-14,
    -2.1919026936934466e-14,
    4.2239959550504405e-15,
    -0.3527116288620502,
    -0.04641470065189665,
    -0.05014069661532102,
    2.1735010394624582e-17,
    3.731102396178787e-14,
    -0.3427400929687657,
    7.133272520218783e-18,
    2.252811523069797e-17,
    -0.4315698245609596,
    2.4927174032800912e-15,
    -2.158133340295947e-18,
    -0.24343264212161048,
    -1.118051975301517e-14,
    -1.3934324732066244e-14,
    2.4846710665429473e-15,
    -0.4680667158481535,
    1.9116882779380398e-14,
    2.281307147465572e-15,
    -0.27624874946879946,
    -0.023188976859443246,
    -0.04923914681747605,
    1.8516893091119646e-17,
    2.1674968720822623e-14,
    -0.48155991815739774,
    -1.1483179914274635e-17,
    1.675392224690989e-14,
    -0.33823257912444804,
    -0.2817320466718179,
    -0.29174492155319465,
    8.425048932310382e-19,
    4.306773844949509e-15,
    -0.3573574105659096,
    1.320412257923003e-17,
    2.9665353873620502e-15,
    -0.37976081656051597,
    -0.15700792444242329,
    -0.8920195400794263,
    -0.31734774927019654,
    -2.0139357162522736e-18,
    2.4749805007018233e-15,
    -0.3316848321688466,
    1.2163332528375217e-17,
    2.762117935327384e-15,
    -0.2934715185628405,
    -0.535657894093239,
    -0.441803279321323
  ],
  "OQP::FOCK_B": [
    4.090282062248721,
    -2.453780960450884,
    -0.17849401097325485,
    1.565804076700761e-17,
    1.521438635289417e-17,
    -0.2569755948124963,
    8.263757400410917e-15,
    7.346204691343782e-15,
    -1.3487028529994552e-14,
    -0.06531736142109251,
    -0.029421625750888247,
    -0.04097775441892205,
    4.6295012433831395e-17,
    -1.0902533888479599e-13,
    -0.277806086130531,
    1.8652588488515278e-17,
    3.200613985829067e-17,
    -0.41139650152498497,
    -1.0976375627764714e-14,
    2.6841641139932243e-17,
    -0.22810388622387778,
    1.0587149755632116e-14,
    6.403803748939103e-15,
    -1.0942662471754148e-14,
    -0.25541417936411664,
    -9.103208237373401e-14,
    -8.703544236842579e-15,
    -0.10392787917270721,
    -0.02185053047358433,
    -0.046747615512271794,
    1.7510486709196976e-17,
    -9.215573297616967e-14,
    -0.4416321747699735,
    8.838063420678918e-19,
    -7.53705404281404e-14,
    -0.28384746163483665,
    -0.29418745821798387,
    -0.27738941204180784,
    -1.6167982410648553e-17,
    -5.687517038464247e-14,
    -0.36673263544024,
    -1.449245065870129e-17,
    -4.984354525572661e-14,
    -0.32463723426035584,
    0.045765695893824565,
    -0.8744974574790806,
    -0.2820977516603942,
    -4.574489407772042e-18,
    -5.736081778222744e-14,
    -0.3290689106609872,
    1.8894225947777897e-18,
    -4.880877119200018e-14,
    -0.2449852241107659,
    -0.4004842069352406,
    -0.3229550126891233
  ],
  "OQP::E_MO_A": [
    -0.9187434532774705,
    -0.5090027418521804,
    -0.40327834834128323,
    -0.33306588215667093,
    0.006263557911017053,
    0.5050772551185814,
    0.5103224325035736,
    0.5213914974698579,
    0.9325043178214586,
    17.516673516309698
  ],
  "OQP::E_MO_B": [
    -0.9187434532774705,
    -0.5090027418521804,
    -0.40327834834128323,
    -0.33306588215667093,
    0.006263557911017053,
    0.5050772551185814,
    0.5103224325035736,
    0.5213914974698579,
    0.9325043178214586,
    17.516673516309698
  ],