{
  "OQP::DM_A": [
    0.0937461213522267,
    0.2934544312075856,
    1.0337025542398108,
    -1.879671119857428e-11,
    -9.51037443718197e-11,
    0.33663361807920605,
    -8.337699544063669e-15,
    -1.1660386550476345e-14,
    -1.008676297756095e-15,
    0.37619732918100257,
    0.02486568415903416,
    0.16914954137223276,
    -2.924603882064294e-11,
    9.335019556274674e-14,
    0.38187275171193563,
    2.1163076052322363e-11,
    1.660188812384018e-10,
    0.2962491435653076,
    8.024802300831715e-17,
    1.9297135694259197e-11,
    0.26070941923135105,
    6.349505032756042e-15,
    6.034016380252499e-15,
    2.2519725680119377e-16,
    0.29209412136503027,
    -4.4496635353262686e-14,
    9.497100456054943e-16,
    0.22679314582522966,
    0.07447582591757958,
    0.4791001154038465,
    -1.1153680465678468e-10,
    3.14990530210505e-14,
    0.46128792010054476,
    1.567143933151568e-10,
    -1.0066728884292446e-13,
    0.7852804638056998,
    -0.02111464310812211,
    -0.1807703418670558,
    2.0381640041011653e-10,
    1.650434689908544e-14,
    0.020137578375907933,
    1.2911513626518653e-11,
    -3.847056749621554e-15,
    -0.1668727362915574,
    0.16398981972372012,
    -0.15039750303927352,
    -0.8783080792740547,
    1.4038786372756421e-10,
    -3.557474658631401e-14,
    -0.3791871670433953,
    -3.995188117768649e-10,
    4.581727281443738e-14,
    -1.0033649224034975,
    0.4337242683028995,
    1.6849740172390726
  ],
  "OQP::DM_B": [
    0.08087072873260905,
    0.21765199321941447,
    0.5874241552265186,
    -1.2152491209518671e-12,
    8.405152657833092e-12,
    0.33663361807920605,
    3.074772619628567e-14,
    1.0856077301989146e-13,
    9.41215352353038e-15,
    4.168477578370513e-25,
    -0.01364501313596098,
    -0.057577893652718495,
    2.334065768468348e-11,
    -3.3236897815640544e-13,
    0.2666860657628755,
    -7.567382552224524e-12,
    -3.128489337669647e-12,
    0.2962491435653076,
    8.283018411243019e-15,
    -6.663655403107593e-11,
    0.26070941923135105,
    4.4963529441235117e-14,
    1.4804700050180313e-13,
    8.316331590272517e-15,
    4.414633895886432e-25,
    -3.503157959126898e-13,
    7.318657484616008e-15,
    4.694958851212112e-25,
    -0.01725462868881441,
    -0.06095270491429725,
    1.3721939419733625e-11,
    -2.3427447238379744e-13,
    0.18691929504621738,
    -4.7975133964169884e-11,
    -2.4812895489630457e-13,
    0.1317488356148088,
    0.014480796124908055,
    0.028793836472043966,
    1.552105144771082e-10,
    -1.5419406081672062e-13,
    0.1266046373529666,
    9.234002688498318e-11,
    -1.5923778905329905e-13,
    0.08672619612352972,
    0.06558231234706595,
    -0.0036902025897971023,
    -0.014585210909698288,
    -5.994224779329307e-11,
    -7.441228688167158e-14,
    0.05961890322488876,
    -7.215263762802012e-11,
    -7.853049870677824e-14,
    0.041848047941396835,
    0.02813579791835045,
    0.01333318724377836
  ],
  "OQP::FOCK_A": [
    4.020730607192829,
    -2.534882823364298,
    -0.2548114292974348,
    -1.044318926723241e-11,
    -1.1252915994976942e-11,
    -0.2899999503434373,
    4.495247837198435e-14,
    4.3274212370760574e-14,
    1.725220096122036e-15,
    -0.35262661604105355,
    -0.04641114880740514,
    -0.050139609836831855,
    -1.607360219321083e-12,
    -7.341685686208339e-14,
    -0.3427452852872967,
    -7.343580684827026e-12,
    -7.967004325222661e-12,
    -0.43149123871887113,
    1.0003137013034607e-15,
    -4.428535002224012e-13,
    -0.2433207683864087,
    2.2112745688803446e-14,
    2.7536512065321727e-14,
    1.0027379310924581e-15,
    -0.468003605738826,
    -3.750835083234185e-14,
    9.034149390605044e-16,
    -0.27616647936156913,
    -0.02317506686803517,
    -0.04923064039411793,
    -2.2253078504838525e-12,
    -4.254734256113507e-14,
    -0.4815920881596744,
    1.4471366391173791e-12,
    -3.274583203373166e-14,
    -0.33831459730282226,
    -0.28163236901943683,
    -0.29159601591493856,
    -2.521081201385241e-10,
    -8.561393555593737e-15,
    -0.3571548943568576,
    -5.8127573773399155e-12,
    -5.893516487570301e-15,
    -0.37955981984165277,
    -0.15716508710183213,
    -0.8919905188637458,
    -0.3173789129352859,
    -9.646685070114851e-12,
    -4.754294168592537e-15,
    -0.3316623460723757,
    2.8359517958764312e-12,
    -5.23422081051528e-15,
    -0.29364272646715617,
    -0.5354527916515869,
    -0.4418855181729646
  ],
  "OQP::FOCK_B": [
    4.090407787016928,
    -2.453692034369321,
    -0.17840271030655888,
    -1.1385597028232369e-11,
    -1.192942916591645e-11,
    -0.25686855048457347,
    -1.613825705053058e-14,
    -1.4847861516322224e-14,
    -5.4761626174831824e-15,
    -0.0650823943575399,
    -0.029413648639945854,
    -0.04096420462152847,
    -1.9495155954035858e-12,
    2.1360906524608055e-13,
    -0.27783162657140076,
    -4.1044911264889835e-12,
    -7.634812944419827e-12,
    -0.4113225541393278,
    -4.409192881581486e-15,
    6.770022440806797e-12,
    -0.22798573582934095,
    -2.172312205251742e-14,
    -1.247681725287109e-14,
    -4.374776033512058e-15,
    -0.25525585024517916,
    1.7870443347772673e-13,
    -3.621998685266712e-15,
    -0.10372753307993245,
    -0.021840296340264315,
    -0.04672099756050849,
    -1.859237416802105e-12,
    1.808257883690873e-13,
    -0.44170126553404543,
    4.487326942745674e-12,
    1.4784114932816615e-13,
    -0.28399409243971185,
    -0.2941036806202313,
    -0.2772286635128269,
    -2.5319289149952225e-10,
    1.1166942771668543e-13,
    -0.3665300820002133,
    -1.6218686896254052e-11,
    9.789317685724994e-14,
    -0.32436241586453873,
    0.0458600664088414,
    -0.8744683443086908,
    -0.28213090680998193,
    -1.0531348176947372e-11,
    1.1242603793901152e-13,
    -0.32905531612591016,
    -5.121561302384794e-12,
    9.578971063414315e-14,
    -0.2451688474345342,
    -0.40016028057939346,
    -0.3230427883469058
  ],
  "OQP::E_MO_A": [
    -0.9186290915423794,
    -0.5089638544176548,
    -0.4031670797806967,
    -0.3329090027898109,
    0.00649743064009818,
    0.5052006699866222,
    0.5103662392039864,
    0.5215006098832857,
    0.9318538562262249,
    17.516853328284295
  ],
  "OQP::E_MO_B": [
    -0.9186290915423794,
    -0.5089638544176548,
    -0.4031670797806967,
    -0.3329090027898109,
    0.00649743064009818,
    0.5052006699866222,
    0.5103662392039864,
    0.5215006098832857,
    0.9318538562262249,
    17.516853328284295
  ],