{
  "OQP::DM_A": [
    0.1630455856215387,
    0.4450426472536141,
    1.2290523399819802,
    -1.0854224100513232e-11,
    -2.4383553500222767e-11,
    0.6157317957857708,
    -2.0408173081434988e-17,
    1.2193120259036586e-16,
    5.052056868093789e-16,
    0.615731674074917,
    -0.037738122855505575,
    -0.176936781564399,
    4.785338353264079e-11,
    -5.3115612813929923e-17,
    0.3914147703451557,
    -1.1399384472270567e-11,
    1.446969844699702e-11,
    0.5951785300445416,
    1.3318460437161104e-16,
    -1.632612741794855e-10,
    0.5753113369335077,
    2.8338136364577805e-17,
    2.3511743536753836e-16,
    -8.652641651192855e-17,
    0.5951785324712751,
    9.691993687492044e-18,
    -4.269401907261194e-16,
    0.5753114553459857,
    -0.04011268839028284,
    -0.1518743734004901,
    -2.6349801409853653e-12,
    1.5606544822786704e-16,
    0.22868150317207026,
    -1.225641107419997e-10,
    1.8040131889950718e-16,
    0.1356527737159062,
    0.019841187500315324,
    -0.0017683268632481285,
    3.4804968379961193e-10,
    3.094838649446194e-17,
    0.28490116170521695,
    1.7766465882408667e-10,
    9.03524492890407e-17,
    0.16109035054597282,
    0.2214134433163726,
    -0.026170526793017256,
    -0.11623376042782713,
    -5.683455566875501e-11,
    -3.256895403201141e-16,
    0.23795721033831918,
    -1.8188419570820572e-10,
    -2.7880502656122337e-16,
    0.13939073525457357,
    0.17224517187536206,
    0.14472938508106165
  ],
  "OQP::FOCK_A": [
    4.110585724366505,
    -2.461184447941782,
    -0.1770693460607396,
    -9.568469874712904e-12,
    -1.04618024285844e-11,
    -0.21905216483313245,
    -2.4957141376863655e-17,
    -2.9175801261166355e-17,
    7.295774799682676e-18,
    -0.2190521574263724,
    -0.0431016986524108,
    -0.058718101207617536,
    -5.066470899909555e-13,
    -3.6257489298975335e-17,
    -0.24393466686723236,
    -3.2999209076595152e-12,
    -6.590275624527895e-12,
    -0.3915694076894889,
    8.030414850193604e-18,
    9.904941247336938e-12,
    -0.20910431673165578,
    -3.5016830219696e-17,
    -2.464578321322298e-17,
    -3.5392380325053344e-17,
    -0.39156940638055077,
    5.181643158016866e-18,
    -6.291689916767915e-18,
    -0.20910432020106723,
    -0.029475339982317692,
    -0.0661737396525574,
    -1.0008031098960848e-12,
    3.1455511182862617e-17,
    -0.42858057399024396,
    6.655856820275862e-12,
    5.570219142544953e-18,
    -0.29514831773649747,
    -0.301655331663895,
    -0.30467985379300666,
    -2.5512383863922093e-10,
    1.597234824268479e-17,
    -0.39720810232203807,
    -1.568153970546219e-11,
    5.327988951661663e-19,
    -0.393625685252299,
    -0.15175244243563007,
    -0.8831328762656793,
    -0.3031352003034006,
    -1.0811806042211405e-11,
    1.4072844165913347e-17,
    -0.3455132818029244,
    -3.2823718194663125e-12,
    1.2493492064365894e-17,
    -0.2982570493874825,
    -0.5175807892565591,
    -0.42394399970406454
  ],
  "OQP::E_MO_A": [
    -0.8925338335686754,
    -0.503119623775061,
    -0.3606424993536836,
    -0.36064244386552086,
    0.04943332005184658,
    0.5301126033929295,
    0.5540034879638288,
    0.5540035256822654,
    0.85914685630563,
    17.570368737700303
  ],
  "OQP::VEC_MO_A": [
    [
      -0.2638197477991195,
      -0.6877961621840254,
      -8.049661778650735e-11,
      -1.3648435423539125e-16,
      -0.10621412518505086,
      1.5334813872114217e-11,
      -2.4124377956495984e-16,
      -0.030997648276135756,
      -0.15864799969327606,
      -0.05902228550999811
    ],
    [
      0.10918760681496018,
      0.3761151542758095,
      -2.625582573116964e-10,
      8.022038082533227e-16,
      -0.42944841923536314,
      -3.2893445130153245e-11,
      7.314011988970594e-16,
      -0.2585837053244115,
      -0.2924680048338768,
      -0.26245201914579946
    ],
    [
      2.411295709494513e-16,
      6.02817545536281e-16,
      -2.695289769150122e-09,
      -0.5548565914157085,
      -5.460469622453154e-16,
      -2.605320070792061e-09,
      -0.5363354618827594,
      -5.062398940258632e-16,
      -4.1244975877086623e-16,
      -7.054753820766133e-17
    ],
    [
      -3.612461570977593e-12,
      -5.622190548367199e-11,
      -0.5548566462545848,
      2.695289047505156e-09,
      1.7550193421896937e-10,
      -0.5363354066876005,
      2.6053207369258757e-09,
      1.2923334962151034e-10,
      -1.5222729223384855e-10,
      1.8397061232998748e-10
    ],
    [
      -0.11054500884368035,
      -0.6696874660684019,
      9.854289790396742e-11,
      6.437164770759111e-17,
      -0.362323450818114,
      -2.1204920511936566e-10,
      7.888322107133033e-17,
      -0.9250644435051246,
      0.22926774293695576,
      1.3304233150887663
    ],
    [
      0.0315894815605835,
      0.13404112639759613,
      -4.693980554900751e-09,
      -7.761431894806854e-15,
      -1.1775427772064377,
      4.776951767133112e-09,
      7.928978218908086e-15,
      1.4494165535017307,
      -0.2975314695292223,
      -0.1423283150825392
    ],
    [
      -1.5865276118224164e-10,
      -1.1645721200068182e-09,
      -1.2451243801582237,
      3.3153424866538828e-09,
      5.036290104688425e-09,
      1.2532138512352025,
      -3.33688189579906e-09,
      -6.449114522554852e-09,
      -4.4110419364326185e-10,
      2.7614836930024662e-09
    ],
    [
      -2.0554946853157137e-16,
      -9.25165619122793e-16,
      -3.3153426670651243e-09,
      -1.245124404595711,
      7.841528844074697e-15,
      3.3368822843771184e-09,
      1.2532138276134386,
      -9.698255410672793e-15,
      1.9779069559420766e-15,
      1.0092424719042544e-15
    ],
    [
      -0.020900968645645224,
      -0.4543429768767597,
      1.6319564937936903e-09,
      -1.7880447888556639e-16,
      0.46273991879647564,
      -1.4730886531068285e-09,
      9.973993350378757e-17,
      -0.6946692753029103,
      -1.3127884087742892,
      1.6343684533497422
    ],
    [
      -1.4333277272013591,
      1.4705368348386527,
      -8.151007056393539e-13,
      -2.7873080492078924e-16,
      -0.06233491221705223,
      4.229358614835935e-13,
      3.0458271221946905e-16,
      0.33177807239990587,
      0.04945001159329433,
      -0.49040477390959936
    ]
  ],
  "OQP::Hcore": [
    0.785718639502885,
    -4.6908014580928885,
    -3.1838928913333917,
    0.0,
    0.0,
    -3.435364301636273,
    0.0,
    0.0,
    0.0,
    -3.435364301636273,
    -0.11629074717336142,
    -0.12835906607228753,
    0.0,
    0.0,
    -3.5277202052333267,
    0.0,
    0.0,
    -2.3639056030944765,
    0.0,
    0.0,
    -2.636487073017686,
    0.0,
    0.0,
    0.0,
    -2.3639056030944765,
    0.0,
    0.0,
    -2.636487073017686,
    -0.07156795405636134,
    -0.12538398534829232,
    0.0,
    0.0,
    -2.4448612562923713,
    0.0,
    0.0,
    -2.7625728965238725,
    -0.6939240563764105,
    -0.9695210537918697,
    -2.29474289055878e-10,
    0.0,
    -1.2311843143125163,
    0.0,
    0.0,
    -1.5327426786079492,
    -2.8733007300973608,
    -1.829175549299887,
    -1.7758056530464565,
    0.0,
    0.0,
    -1.4189974989835414,
    0.0,
    0.0,
    -1.8548198503976976,
    -2.26296874015853,
    -2.812025731760223
  ],