{
  "OQP::DM_A": [
    0.5175248592996712,
    0.5401157104510248,
    0.5636926911506926,
    -9.72861114629959e-36,
    -1.0153281772968351e-35,
    1.828817942465257e-70,
    2.4430834317529125e-35,
    2.5497282299018454e-35,
    -4.5925926606993314e-70,
    1.1533082029301043e-69,
    -2.5790659360859013e-18,
    -2.6916466046754e-18,
    4.848217271495006e-53,
    -1.2175015643453914e-52,
    1.2852679408830233e-35,
    -8.236134258867074e-36,
    -8.595655699743196e-36,
    1.5482569796098883e-70,
    -3.8880379923700197e-70,
    4.104446951750066e-53,
    1.310737181241469e-70,
    -2.865931093938182e-35,
    -2.991033920574967e-35,
    5.3874763084315644e-70,
    -1.352922211624921e-69,
    1.4282261280255498e-52,
    4.5609776694164005e-70,
    1.5870853134120975e-69,
    4.9125583837069575e-20,
    5.1270000153009214e-20,
    -9.23479701308512e-55,
    2.3190750703250248e-54,
    -2.4481552448701623e-37,
    -7.818076692486961e-55,
    -2.720459427148027e-54,
    4.6632020548708065e-39
  ],
  "OQP::FOCK_A": [
    -0.11505789654918286,
    -0.34499623791595346,
    -0.1262486603909082,
    1.0308602858081807e-36,
    1.2613515074833527e-36,
    0.15151049619274704,
    -9.303707074195875e-37,
    -7.424212266232102e-37,
    0.0,
    0.15151049619274704,
    1.9824805579943836e-19,
    2.246584272369334e-19,
    0.0,
    0.0,
    0.1515104961927471,
    1.5135766583890515e-36,
    8.99870635678449e-37,
    0.012659881142310148,
    0.0,
    0.0,
    0.047015369077211155,
    1.7236477222082663e-36,
    1.7847062457368518e-36,
    0.0,
    0.012659881142310148,
    0.0,
    0.0,
    0.047015369077211155,
    1.5128532015061213e-19,
    5.55597728075573e-20,
    0.0,
    0.0,
    0.012659881142310148,
    0.0,
    0.0,
    0.047015369077211155
  ],
  "OQP::E_MO_A": [
    -0.25169332145275336,
    0.04422604725129353,
    0.044226047251293574,
    0.0442260472512937,
    0.290952506417638,
    0.290952506417638,
    0.2909525064176381,
    1.5011103403550843
  ],
  "OQP::VEC_MO_A": [
    [
      0.5086869662669131,
      0.5308920281708385,
      -9.562473378957081e-36,
      2.401362324733717e-35,
      -2.5350226240440372e-18,
      -8.095483868310371e-36,
      -2.8169889185192914e-35,
      4.828665475507082e-20
    ],
    [
      9.787123527261177e-18,
      -9.65770501639686e-18,
      -0.006842764351553316,
      -0.1441676485536748,
      0.007817543534634843,
      -0.042437506458710327,
      -0.8940999868342555,
      0.048482899190735215
    ],
    [
      -1.0348749062721347e-16,
      1.0211903983646243e-16,
      0.11814197348907912,
      -0.010089831498139612,
      -0.08266146442464958,
      0.7326937631352929,
      -0.0625751914534952,
      -0.5126504801544517
    ],
    [
      -1.481225282102308e-16,
      1.4616385291886146e-16,
      -0.08299336706338412,
      -0.002476431147023615,
      -0.11831405923489852,
      -0.5147088763889721,
      -0.015358348964993107,
      -0.7337610057838041
    ],
    [
      1.2603210406545044e-17,
      -1.0778307285050523e-17,
      0.15065535141559178,
      -0.28267598029179686,
      1.3132018953351106,
      -0.1139049076505495,
      0.21372079469878905,
      -0.9928631091373994
    ],
    [
      3.0436161759119555e-18,
      -2.6029106349516512e-18,
      -0.7792876663876069,
      1.0579413638964041,
      0.317132095866983,
      0.5891904193182607,
      -0.7998701156117352,
      -0.23977178210621036
    ],
    [
      -4.324096789979385e-19,
      3.6979818974136175e-19,
      -1.0941278082389705,
      -0.7924369523052919,
      -0.04505528287669,
      0.8272293402414106,
      0.5991321053191302,
      0.03406462357305677
    ],
    [
      -1.8321721882354773,
      1.825861737863624,
      -3.389426374927168e-35,
      -2.492914605043805e-34,
      3.954728193302811e-17,
      2.3145534876005155e-35,
      -4.354060775094747e-34,
      4.3662357595966634e-17
    ]
  ],
  "OQP::Hcore": [
    -0.4304017969597701,
    -0.5709763872991684,
    -0.3887516335616505,
    0.0,
    0.0,
    -0.362408496030558,
    0.0,
    0.0,
    0.0,
    -0.362408496030558,
    0.0,
    0.0,
    0.0,
    0.0,
    -0.36240849603055797,
    0.0,
    0.0,
    -0.29719129878682476,
    0.0,
    0.0,
    -0.32439831557485344,
    0.0,
    0.0,
    0.0,
    -0.29719129878682476,
    0.0,
    0.0,
    -0.32439831557485344,
    0.0,
    0.0,
    0.0,
    0.0,
    -0.29719129878682476,
    0.0,
    0.0,
    -0.32439831557485344
  ],
  "OQP::SM": [
    1.0000000205708464,
    0.8505422274575943,
    1.0000000000000007,
    0.0,
    0.0,
    1.0000000911954916,
    0.0,
    0.0,
    0.0,
    1.0000000911954916,
    0.0,
    0.0,
    0.0,
    0.0,
    1.0000000911954916,
    0.0,
    0.0,
    0.6774015463040078,
    0.0,
    0.0,
    1.0,
    0.0,
    0.0,
    0.0,
    0.6774015463040078,
    0.0,
    0.0,
    1.0,
    0.0,
    0.0,
    0.0,
    0.0,
    0.6774015463040078,
    0.0,
    0.0,
    1.0
  ],
  "OQP::TM": [
    0.2534387408057007,
    0.07247066295427149,
    0.0605999976396561,
    0.0,
    0.0,
    0.34078417372493464,
    0.0,
    0.0,
    0.0,
    0.34078417372493464,
    0.0,
    0.0,
    0.0,
    0.0,
    0.3407841737249347,
    0.0,
    0.0,
    0.10856809754827706,
    0.0,
    0.0,
    0.10549999773502353,
    0.0,
    0.0,
    0.0,
    0.10856809754827706,
    0.0,
    0.0,
    0.10549999773502353,
    0.0,
    0.0,
    0.0,
    0.0,
    0.10856809754827706,
    0.0,
    0.0,
    0.10549999773502353
  ],
  "atoms": [
    12
  ],
  "coord": [
    0.0,
    0.0,
    0.0
  ],
  "energy": -0.7810266316109449,
  "td_energies": [
    0
  ],
  "grad": [
    0.0,
    0.0,
    0.0
  ],
  "nac": [],
  "soc": [],
  "hess": [],
  "json": {
    "scf_type": "rhf",
    "basis": "lanl2dz",
    "library": ""
  }
}