{
  "OQP::DM_A": [
    0.5175257366322414,
    0.5401157311100289,
    0.5636917786753927,
    -6.579667282684833e-35,
    -6.866869709657369e-35,
    8.365192006208751e-69,
    -2.0560867402411165e-34,
    -2.1458349108541356e-34,
    2.614047128005919e-68,
    8.168661738265273e-68,
    2.9462891592436403e-18,
    3.074894658692597e-18,
    -3.7458238333333306e-52,
    -1.1705361964523405e-51,
    1.677331037943167e-35,
    -1.2215228356070068e-34,
    -1.2748422981141675e-34,
    1.5530075641836426e-68,
    4.853008705493678e-68,
    -6.954165239660204e-52,
    2.8831764920895043e-68,
    -3.1374457503323383e-34,
    -3.2743952335321067e-34,
    3.988854600545133e-68,
    1.2464811213955533e-67,
    -1.7861570444926378e-51,
    7.4053546678635874e-68,
    1.9020437322276352e-67,
    6.8197250040582804e-18,
    7.117405948747567e-18,
    -8.670394206500319e-52,
    -2.7094200655955295e-51,
    3.8824893964177646e-35,
    -1.6096687054110644e-51,
    -4.1343870880033935e-51,
    8.986731642300368e-35
  ],
  "OQP::DM_B": [
    6.50748872165684,
    -6.676216945680985,
    6.849320008417889,
    0.0,
    0.0,
    0.0,
    0.0,
    0.0,
    0.0,
    0.0,
    0.0,
    0.0,
    0.0,
    0.0,
    0.0,
    0.0,
    0.0,
    0.0,
    0.0,
    0.0,
    0.0,
    0.0,
    0.0,
    0.0,
    0.0,
    0.0,
    0.0,
    0.0,
    0.0,
    0.0,
    0.0,
    0.0,
    0.0,
    0.0,
    0.0,
    0.0
  ],
  "OQP::FOCK_A": [
    -0.1150578932347841,
    -0.34499621786194046,
    -0.12624861942393067,
    9.205254701003165e-36,
    1.1796722380554553e-35,
    0.15151053644299983,
    2.6481149140393193e-35,
    3.3523009808800314e-35,
    0.0,
    0.15151053644299983,
    -4.575688201480724e-19,
    -5.945885653735347e-19,
    0.0,
    0.0,
    0.15151053644299983,
    1.76766502191258e-35,
    1.153276152931747e-35,
    0.012659905597772969,
    0.0,
    0.0,
    0.04701539117819287,
    4.762765238130382e-35,
    3.046743686154553e-35,
    0.0,
    0.012659905597772969,
    0.0,
    0.0,
    0.04701539117819287,
    -9.426792945496363e-19,
    -6.270713118725344e-19,
    0.0,
    0.0,
    0.012659905597772969,
    0.0,
    0.0,
    0.04701539117819287
  ],
  "OQP::E_MO_A": [
    -0.25169102195327087,
    0.044225548533799085,
    0.04422554853379911,
    0.04422554853379912,
    0.2909512542009913,
    0.29095125420099155,
    0.29095125420099166,
    1.501106838672935
  ],
  "OQP::E_MO_B": [
    0.0,
    0.0,
    0.0,
    0.0,
    0.0,
    0.0,
    0.0,
    0.0
  ],
  "OQP::VEC_MO_A": [
    [
      -0.5086873974418088,
      -0.5308915984809859,
      6.467299284171389e-35,
      2.0209727531890765e-34,
      -2.8959722356603895e-18,
      1.200661586811518e-34,
      3.083864241684153e-34,
      -6.703257283701845e-18
    ],
    [
      1.040416558857893e-16,
      -9.651471750413993e-17,
      0.07016595788828131,
      0.07902743612341433,
      -0.09860966260494847,
      0.4351532485547393,
      0.49011011306665736,
      -0.6115546101394665
    ],
    [
      8.420969962860797e-32,
      -8.420970064693761e-32,
      -0.10808698325236286,
      0.09596700952455257,
      3.010757767971766e-17,
      -0.6703307886658649,
      0.5951654791798578,
      1.9630087884022266e-16
    ],
    [
      1.1150314035781477e-16,
      -1.0343639767010726e-16,
      -0.0654706443431367,
      -0.07373913674810868,
      -0.10568158451982268,
      -0.4060339861140283,
      -0.4573132879145195,
      -0.6554130549950578
    ],
    [
      1.1872326669800114e-32,
      -1.1872326813369585e-32,
      -1.3138479159960779,
      0.31765610606955547,
      6.775883684964386e-17,
      0.9933520780992565,
      -0.24016809650749016,
      -3.4904301503838565e-17
    ],
    [
      -3.275322890963564e-32,
      3.2753229305713335e-32,
      -0.3176561060695555,
      -1.3138479159960783,
      9.351969648176674e-17,
      0.2401680965074902,
      0.993352078099257,
      -1.815809130953422e-16
    ],
    [
      -6.849445026665482e-17,
      6.659160734281873e-17,
      -2.8957738856032255e-17,
      7.684655767468321e-17,
      1.3517032766441421,
      -2.29093688977429e-16,
      -7.90988172534978e-17,
      -1.0219731237386551
    ],
    [
      1.8321720685233944,
      -1.8258618628012426,
      -3.4669811017670025e-34,
      1.1727833017205104e-33,
      1.8323006715449094e-16,
      -2.6982476980129907e-34,
      5.918380523230095e-34,
      1.5482218984682456e-16
    ]
  ],
  "OQP::VEC_MO_B": [
    [
      -1.8038138376308182,
      1.8505836928409762,
      0.0,
      0.0,
      0.0,
      0.0,
      0.0,
      0.0
    ],
    [
      -0.6015588052426751,
      -0.4369867585645768,
      0.0,
      0.0,
      0.0,
      0.0,
      0.0,
      0.0
    ],
    [
      0.0,
      0.0,
      -1.2574994380167737,
      -6.285231767631774e-17,
      -4.137227945708368e-17,
      0.4719467072949157,
      4.822058678839854e-17,
      9.218125083016327e-17
    ],
    [
      0.0,
      0.0,
      5.999214878451293e-17,
      -1.2574994380167739,
      0.0,
      -4.115984487201408e-17,
      0.47194670729491617,
      4.440892098500626e-16
    ],
    [
      0.0,
      0.0,
      0.0,
      1.2609510821643892e-16,
      1.2574994380167737,
      0.0,
      3.7339197446038724e-17,
      -0.47194670729491556
    ],
    [
      0.0,
      0.0,
      -0.4534343791362838,
      -0.23490137660190213,
      0.07686339461353214,
      1.119368557664806,
      0.579888132040644,
      -0.18974844238687716
    ],
    [
      0.0,
      0.0,
      -0.05825229355345385,
      -0.054506684231556614,
      -0.5102206052420217,
      0.14380423897235728,
      0.13455765887798035,
      1.2595535964179054
    ],
    [
      0.0,
      0.0,
      -0.24019431395590246,
      0.4566615146783266,
      -0.021361809348480504,
      0.5929545158976486,
      -1.1273352100037106,
      0.05273472594880657
    ]
  ],
  "OQP::Hcore": [
    -0.43040179695977054,
    -0.570976387299169,
    -0.38875163356165093,
    0.0,
    0.0,
    -0.362408496030558,
    0.0,
    0.0,
    0.0,
    -0.362408496030558,
    0.0,
    0.0,
    0.0,
    0.0,
    -0.362408496030558,
    0.0,
    0.0,
    -0.2971912987868247,
    0.0,
    0.0,
    -0.32439831557485344,
    0.0,
    0.0,
    0.0,
    -0.2971912987868247,
    0.0,
    0.0,
    -0.32439831557485344,
    0.0,
    0.0,
    0.0,
    0.0,
    -0.2971912987868247,
    0.0,
    0.0,
    -0.32439831557485344
  ],
  "OQP::SM": [
    1.0000000205708464,
    0.8505422274575943,
    1.0000000000000007,
    0.0,
    0.0,
    1.0000000911954916,
    0.0,
    0.0,
    0.0,
    1.0000000911954916,
    0.0,
    0.0,
    0.0,
    0.0,
    1.0000000911954916,
    0.0,
    0.0,
    0.6774015463040078,
    0.0,
    0.0,
    1.0,
    0.0,
    0.0,
    0.0,
    0.6774015463040078,
    0.0,
    0.0,
    1.0,
    0.0,
    0.0,
    0.0,
    0.0,
    0.6774015463040078,
    0.0,
    0.0,
    1.0
  ],
  "OQP::TM": [
    0.2534387408057007,
    0.07247066295427149,
    0.0605999976396561,
    0.0,
    0.0,
    0.34078417372493464,
    0.0,
    0.0,
    0.0,
    0.34078417372493464,
    0.0,
    0.0,
    0.0,
    0.0,
    0.34078417372493464,
    0.0,
    0.0,
    0.10856809754827709,
    0.0,
    0.0,
    0.10549999773502353,
    0.0,
    0.0,
    0.0,
    0.10856809754827709,
    0.0,
    0.0,
    0.10549999773502353,
    0.0,
    0.0,
    0.0,
    0.0,
    0.10856809754827709,
    0.0,
    0.0,
    0.10549999773502353
  ],
  "atoms": [
    12
  ],
  "coord": [
    0.0,
    0.0,
    0.0
  ],
  "energy": -0.7810266316107757,
  "td_energies": [
    0
  ],
  "grad": [
    1.660566e-316,
    0.0,
    1.6e-322
  ],
  "nac": [],
  "soc": [],
  "hess": []
}