{
  "OQP::DM_A": [
    2.083811443428334,
    -0.17204416379657522,
    0.5095266956204029,
    -1.0219666197127526e-12,
    1.965903235369656e-12,
    0.682687908433228,
    1.126784067580477e-12,
    -2.3904801725774556e-12,
    0.14453105414959636,
    0.6826879084334302,
    -0.03830481529259083,
    0.07410830131808303,
    -3.012181072498735e-11,
    3.025284372779699e-11,
    0.6437859908929423,
    -0.28451338811407867,
    0.5641875456368439,
    1.3428501436231579e-11,
    -1.395452658262237e-11,
    0.2756908408710791,
    0.6879377139657168,
    4.672601236210322e-12,
    -9.423346819429288e-12,
    0.4443694251322873,
    0.2095295558771133,
    -3.589202749973203e-11,
    -1.2099104858851261e-11,
    0.30968610128682733,
    -4.655989275807013e-12,
    9.314551110231752e-12,
    0.20952955587716626,
    0.4443694251324573,
    3.606832901904445e-11,
    1.1946107012626855e-11,
    0.20720712373078634,
    0.3096861012869849,
    -0.034639724312397764,
    0.08886478907331326,
    -2.6956728123680744e-11,
    2.722164691682644e-11,
    0.43259236395581513,
    0.22658598239316036,
    -2.7606205579240112e-11,
    2.788154223183129e-11,
    0.2937357753174817,
    -0.03896094280194535,
    0.08638041681186422,
    -0.19854982790588113,
    0.19854982790598003,
    -0.20187925061035963,
    0.03068535481845476,
    -0.08664279800946746,
    0.08664279800955475,
    -0.12713419105786108,
    0.23389908032123086,
    0.026594583356490318,
    -0.04362559957788819,
    -0.10865003456856463,
    0.10865003456878808,
    -0.11386173918791763,
    -0.08162091041577713,
    -0.04741249638858584,
    0.047412496388727715,
    -0.07886951426131632,
    0.10913113577968044,
    0.06591387953655996,
    -0.038960942810206914,
    0.08638041683151555,
    0.1985498278785969,
    -0.19854982787834832,
    -0.20187925056659922,
    0.03068535488311258,
    0.08664279800856749,
    -0.08664279800833027,
    -0.12713419103800822,
    -0.0591161166310392,
    -0.051212046655164795,
    0.23389908022805897,
    0.02659458333266861,
    -0.04362559952543905,
    0.10865003455248547,
    -0.10865003455186038,
    -0.1138617391226844,
    -0.08162091032325326,
    0.0474124963907096,
    -0.04741249639023295,
    -0.07886951421983822,
    -0.0512120466573141,
    -0.02182879191231079,
    0.1091311357211806,
    0.0659138794865764
  ],
  "OQP::FOCK_A": [
    -18.738625957092673,
    -4.739044870041087,
    -1.751601886674718,
    -1.6347431096185983e-12,
    -1.0322738787840929e-11,
    -0.06993165034172966,
    1.5933493702463062e-12,
    1.021645461004687e-11,
    0.04884732251098556,
    -0.06993165034171822,
    0.02495500052350857,
    0.13762843565847266,
    -1.1565213755120022e-13,
    1.2708606384777506e-13,
    -0.07641274592661218,
    -3.337977591683869,
    -1.6560260330185541,
    -8.977280547881009e-12,
    8.906115155071754e-12,
    0.12905170184693857,
    -1.2657579702979167,
    -2.2719153472547163e-13,
    -5.903464381991054e-12,
    -0.4207710455383407,
    0.044471996595291746,
    4.795947643125895e-13,
    -1.1418550533101344e-11,
    0.003943399864751451,
    2.225490390154487e-13,
    5.865422569248123e-12,
    0.044471996595291746,
    -0.4207710455383358,
    -4.738105391809317e-13,
    1.1379693226158207e-11,
    0.09926262464398411,
    0.003943399864758224,
    0.0032017944106286058,
    0.08656076473478944,
    4.795827525279213e-13,
    -4.738647375060579e-13,
    -0.4271349310951752,
    0.1777474446316744,
    2.1498694345609373e-12,
    -2.143498258215969e-12,
    -0.0108658205597571,
    -0.7404862658629362,
    -0.6184269056993428,
    0.22169490262426642,
    -0.22169490262428201,
    0.2573573040232669,
    -0.5523756979924431,
    0.15986438589205376,
    -0.1598643858920636,
    0.19166835306887303,
    -0.21099955786330238,
    -1.3999016935206583,
    -0.8743134240259112,
    0.10696723392426696,
    -0.10696723392430009,
    0.17415314662792566,
    -0.7236431510688579,
    0.05754576205450422,
    -0.057545762054524385,
    0.15951293521681553,
    -0.5090631037595926,
    -0.4651976270407397,
    -0.7404862658631693,
    -0.6184269057081148,
    -0.22169490263392042,
    0.22169490263390096,
    0.25735730402939466,
    -0.5523756980118413,
    -0.15986438591176685,
    0.1598643859117544,
    0.1916683530849666,
    -0.1450829711106102,
    -0.2978301321524216,
    -0.21099955792643177,
    -1.399901693520778,
    -0.8743134240298776,
    -0.10696723393428031,
    0.10696723393424545,
    0.17415314662906536,
    -0.7236431510795995,
    -0.05754576207470241,
    0.057545762074678763,
    0.1595129352223119,
    -0.2978301321439778,
    -0.41734970959434503,
    -0.5090631037924043,
    -0.46519762706793455
  ],
  "OQP::E_MO_A": [
    -18.74687056028268,
    -0.9316404577885055,
    -0.48060506226236366,
    -0.2924299988452529,
    -0.2281094535587333,
    0.039526654515860245,
    0.12773339738150083,
    0.7766914919874252,
    0.8299631637783582,
    0.8421090392383552,
    0.91025306674617,
    1.0181280422367633,
    1.3670123597279136
  ],