{
  "OQP::DM_A": [
    2.083811448100498,
    -0.17204418953000353,
    0.5095267755916282,
    -7.804535232042885e-16,
    2.6803060090346635e-16,
    0.6826880276504929,
    3.7448256353311986e-16,
    -3.230382497483033e-16,
    0.14453107874413018,
    0.6826880276504922,
    -0.038304806046737826,
    0.0741083003074596,
    -8.121947242533433e-16,
    3.2356250634257156e-16,
    0.6437861776428501,
    -0.2845133761365813,
    0.5641875650102446,
    5.539100584731526e-16,
    1.5515927206164853e-15,
    0.27569072719646137,
    0.6879375774765919,
    1.7549620154681198e-15,
    -1.7072022123354332e-15,
    0.44436941075178665,
    0.20952954937921736,
    -2.476781990595352e-15,
    -2.003999870467513e-15,
    0.30968602740294016,
    -1.6270923405151894e-15,
    1.6452703919979795e-15,
    0.2095295493792165,
    0.4443694107517858,
    1.861472138387946e-15,
    3.5592373332943134e-15,
    0.20720707474505348,
    0.3096860274029391,
    -0.034639707360707,
    0.08886476922133367,
    -4.149723878707031e-16,
    -3.7468376761253507e-16,
    0.43259243674344156,
    0.22658586582116916,
    -1.808969740212246e-15,
    1.032367911339024e-15,
    0.2937357862825621,
    -0.03896093839564289,
    0.08638040634765143,
    -0.19854983947119967,
    0.19854983947120086,
    -0.20187922216814566,
    0.030685395293330968,
    -0.08664278491937696,
    0.0866427849193782,
    -0.12713416133756233,
    0.23389902227345713,
    0.026594580426350333,
    -0.04362559976011476,
    -0.10865003973012749,
    0.10865003973012516,
    -0.11386168159537341,
    -0.08162086014594248,
    -0.04741248871764884,
    0.047412488717647146,
    -0.0788694658784706,
    0.10913109673688634,
    0.06591385078594793,
    -0.038960938395641964,
    0.08638040634765015,
    0.1985498394712003,
    -0.1985498394712017,
    -0.20187922216814755,
    0.03068539529332804,
    0.08664278491937777,
    -0.08664278491937903,
    -0.1271341613375632,
    -0.05911615728821223,
    -0.051212074457282535,
    0.23389902227345816,
    0.02659458042634422,
    -0.04362559976010538,
    0.10865003973012559,
    -0.10865003973012656,
    -0.11386168159536281,
    -0.08162086014592969,
    0.04741248871764835,
    -0.0474124887176492,
    -0.07886946587846258,
    -0.051212074457284075,
    -0.021828813560191347,
    0.10913109673688502,
    0.06591385078594283
  ],
  "OQP::FOCK_A": [
    -18.73862550525707,
    -4.7390447822380075,
    -1.7516016471280598,
    -1.0565436177657706e-16,
    -3.3541526534455724e-16,
    -0.06993140304950685,
    1.125372191570675e-16,
    4.1078632163405376e-16,
    0.04884732629722366,
    -0.06993140304950696,
    0.02495499841340213,
    0.13762843511349782,
    -7.081362298414758e-17,
    1.7135489101056247e-17,
    -0.07641249423633378,
    -3.3379775250342307,
    -1.656025877773686,
    -2.6846858829066686e-16,
    2.945475018918753e-16,
    0.12905170372504352,
    -1.2657578434987593,
    -1.1941332962060133e-17,
    -1.5515316648801998e-16,
    -0.4207709661164214,
    0.044471999085770826,
    -3.722048830473893e-17,
    -2.3910241784267924e-16,
    0.003943465018716563,
    1.1394999606213253e-17,
    1.6686184188425908e-16,
    0.04447199908577081,
    -0.4207709661164205,
    1.108845978203725e-17,
    2.9296097470661943e-16,
    0.0992626301570036,
    0.00394346501871673,
    0.003201794218018147,
    0.08656076680453675,
    -2.6055940587243332e-17,
    7.997380131516416e-18,
    -0.4271348495085284,
    0.1777474533820678,
    -5.044515944660617e-17,
    2.0779901729278133e-17,
    -0.010865753196004524,
    -0.7404862514790421,
    -0.6184268620214406,
    0.2216948804287609,
    -0.2216948804287609,
    0.2573572793175466,
    -0.5523756605979149,
    0.15986437058789676,
    -0.15986437058789763,
    0.1916683366787783,
    -0.21099952132129363,
    -1.3999016658304102,
    -0.8743133517384174,
    0.10696722254146845,
    -0.10696722254146826,
    0.17415313486486594,
    -0.7236430870913221,
    0.0575457519367764,
    -0.05754575193677615,
    0.15951292933645853,
    -0.5090630753985607,
    -0.4651975881633742,
    -0.7404862514790422,
    -0.618426862021441,
    -0.2216948804287616,
    0.2216948804287618,
    0.25735727931754726,
    -0.5523756605979144,
    -0.1598643705878967,
    0.15986437058789715,
    0.1916683366787774,
    -0.14508296453840608,
    -0.29783011522972713,
    -0.21099952132129363,
    -1.3999016658304104,
    -0.8743133517384186,
    -0.10696722254146851,
    0.10696722254146852,
    0.17415313486486564,
    -0.7236430870913237,
    -0.05754575193677669,
    0.05754575193677669,
    0.15951292933645866,
    -0.2978301152297272,
    -0.41734967772472514,
    -0.5090630753985588,
    -0.4651975881633748
  ],
  "OQP::E_MO_A": [
    -18.746870831413208,
    -0.9316404935638296,
    -0.4806050027965997,
    -0.2924300094727402,
    -0.228109492812163,
    0.03952668465442603,
    0.12773346744110803,
    0.7766915748568298,
    0.8299631669833953,
    0.8421090049730227,
    0.9102530933570557,
    1.0181280828818404,
    1.3670123446479383
  ],