{
  "OQP::DM_A": [
    2.0838114389218054,
    -0.17204410981234344,
    0.509526478542036,
    5.565608658420507e-16,
    -6.485610467023399e-16,
    0.6826875035225514,
    -7.850226637611093e-16,
    6.21583570551659e-16,
    0.14453105582387293,
    0.6826875035225516,
    -0.038304819683186664,
    0.07410828152624242,
    9.85442381821906e-16,
    -1.1980035978749068e-15,
    0.6437854916920763,
    -0.2845134648528859,
    0.564187603227667,
    -1.8426789386634073e-15,
    3.465173733526303e-15,
    0.27569102859086764,
    0.6879382583543154,
    -1.5898712081973076e-15,
    2.0212216808325467e-15,
    0.4443693725502827,
    0.20952966700080727,
    3.0025401930289403e-15,
    2.7784313148886064e-15,
    0.3096862408199016,
    1.3983376339641574e-15,
    -2.020280218153287e-15,
    0.20952966700080916,
    0.4443693725502842,
    -2.77503056833542e-15,
    -1.3514404853225591e-15,
    0.20720732871469413,
    0.30968624081990404,
    -0.03463974521919794,
    0.08886481353310495,
    9.573462163319322e-16,
    -1.4196098659561935e-15,
    0.4325922481136286,
    0.22658623546323547,
    2.2444526769743338e-15,
    -2.3458867465683156e-15,
    0.29373584831643473,
    -0.038960930450971924,
    0.08638037642812886,
    -0.19854978931117737,
    0.19854978931117764,
    -0.20187921141490217,
    0.030685266198603393,
    -0.08664278623463562,
    0.0866427862346355,
    -0.12713422970817276,
    0.2338991546053935,
    0.026594607037166956,
    -0.043625640982252405,
    -0.10865017157928039,
    0.10865017157927763,
    -0.11386193637135757,
    -0.0816210942171944,
    -0.047412558951379885,
    0.047412558951377505,
    -0.07886968833606249,
    0.10913136088109085,
    0.06591411097667915,
    -0.03896093045097307,
    0.08638037642812986,
    0.19854978931117837,
    -0.19854978931117742,
    -0.20187921141490192,
    0.03068526619860118,
    0.08664278623463552,
    -0.08664278623463469,
    -0.12713422970817176,
    -0.05911614980352693,
    -0.051212113719573016,
    0.2338991546053959,
    0.02659460703717124,
    -0.04362564098226203,
    0.10865017157928243,
    -0.1086501715792826,
    -0.11386193637136695,
    -0.0816210942172094,
    0.04741255895137907,
    -0.04741255895137916,
    -0.07886968833606904,
    -0.05121211371957407,
    -0.02182884804341872,
    0.10913136088109518,
    0.06591411097668658
  ],
  "OQP::FOCK_A": [
    -18.738627342886893,
    -4.739045142360985,
    -1.7516026456390819,
    3.648907615702041e-17,
    3.030345814140292e-16,
    -0.06993243515860981,
    -3.0383053787028495e-17,
    -3.089349034777369e-16,
    0.048847321597249804,
    -0.06993243515861014,
    0.024954997529675945,
    0.13762840697960596,
    5.328275467450598e-17,
    -5.114649521019753e-17,
    -0.07641353393317973,
    -3.337977797639657,
    -1.656026528116964,
    3.009367688308826e-16,
    -2.589336472975253e-16,
    0.12905167416514426,
    -1.2657583823075955,
    8.742658254646615e-18,
    2.221198346416689e-16,
    -0.42077130353050085,
    0.044471994768604126,
    1.0629649984019189e-17,
    4.876227984997896e-16,
    0.003943177564420641,
    -2.565829325741248e-18,
    -2.1566473009449595e-16,
    0.04447199476860412,
    -0.42077130353049996,
    1.3071838481958571e-18,
    -4.0640615210891366e-16,
    0.09926261632276298,
    0.003943177564418698,
    0.0032017939452999022,
    0.08656074570600904,
    -6.400185648544928e-18,
    1.0806290045849088e-18,
    -0.42713519037889924,
    0.17774740113708737,
    -5.587766936923473e-17,
    5.237085623926032e-17,
    -0.01086604326702334,
    -0.7404863100616159,
    -0.6184270436523629,
    0.22169497601707677,
    -0.221694976017077,
    0.2573573772465836,
    -0.5523758203053628,
    0.15986444189733034,
    -0.15986444189732987,
    0.19166840476148198,
    -0.21099969214137448,
    -1.399901778952716,
    -0.8743136534168474,
    0.10696727193304989,
    -0.10696727193304983,
    0.1741531736139426,
    -0.7236433591660261,
    0.05754579994016147,
    -0.05754579994016104,
    0.15951294650975661,
    -0.5090632026349995,
    -0.46519775966781574,
    -0.740486310061616,
    -0.6184270436523626,
    -0.22169497601707655,
    0.2216949760170761,
    0.25735737724658386,
    -0.5523758203053617,
    -0.15986444189732904,
    0.15986444189732885,
    0.1916684047614815,
    -0.14508299082665752,
    -0.29783018609167977,
    -0.21099969214137526,
    -1.399901778952716,
    -0.8743136534168476,
    -0.10696727193304922,
    0.10696727193304942,
    0.174153173613943,
    -0.7236433591660234,
    -0.05754579994016065,
    0.057545799940160874,
    0.15951294650975723,
    -0.29783018609168044,
    -0.41734981174816443,
    -0.509063202634998,
    -0.46519775966781446
  ],
  "OQP::E_MO_A": [
    -18.7468698435662,
    -0.9316399340625703,
    -0.480604570410074,
    -0.2924294215966841,
    -0.2281089545363333,
    0.0395269090848606,
    0.12773370645895646,
    0.776691813523236,
    0.8299635851766232,
    0.8421094350886462,
    0.9102534290710096,
    1.0181284827539916,
    1.3670127215778962
  ],