{
  "OQP::DM_A": [
    2.083811438921805,
    -0.17204410981235294,
    0.5095264785420401,
    -6.9444197924646e-16,
    -7.644822158614108e-16,
    0.6826875035224889,
    2.9884105902076235e-16,
    2.0995569421965726e-16,
    0.14453105582392015,
    0.6826875035224876,
    -0.0383048196831929,
    0.07410828152627674,
    -5.577890462321292e-16,
    2.4474522457038567e-16,
    0.6437854916919601,
    -0.28451346485289497,
    0.5641876032277148,
    2.135208624043758e-15,
    1.051086901328201e-15,
    0.2756910285909313,
    0.6879382583544384,
    1.5231541101169446e-15,
    -1.3481002300714729e-15,
    0.44436937255023773,
    0.20952966700085623,
    -1.4706060379263576e-15,
    9.410087949134924e-17,
    0.30968624081987906,
    -1.4416424764721462e-15,
    1.0003299533224924e-15,
    0.20952966700085585,
    0.44436937255023673,
    1.1433783320452518e-15,
    2.4776763196494996e-15,
    0.2072073287147309,
    0.3096862408198781,
    -0.034639745219204376,
    0.08886481353312278,
    -1.2961110039231947e-15,
    1.9039678455463934e-16,
    0.4325922481135549,
    0.2265862354632762,
    -1.60644958418217e-15,
    6.874516537615253e-16,
    0.29373584831638727,
    -0.03896093045097141,
    0.0863803764281207,
    -0.19854978931120196,
    0.19854978931120285,
    -0.20187921141492537,
    0.03068526619857093,
    -0.0866427862346286,
    0.08664278623462948,
    -0.12713422970818944,
    0.23389915460549157,
    0.026594607037183554,
    -0.04362564098229705,
    -0.10865017157930505,
    0.10865017157930343,
    -0.11386193637142986,
    -0.08162109421727794,
    -0.04741255895138024,
    0.04741255895137904,
    -0.07886968833611331,
    0.10913136088116285,
    0.06591411097674134,
    -0.03896093045097075,
    0.08638037642811958,
    0.19854978931120307,
    -0.19854978931120318,
    -0.201879211414925,
    0.030685266198571495,
    0.08664278623462959,
    -0.08664278623462976,
    -0.12713422970818994,
    -0.059116149803564104,
    -0.05121211371959165,
    0.23389915460549177,
    0.02659460703717958,
    -0.043625640982293025,
    0.10865017157930146,
    -0.10865017157930491,
    -0.11386193637142428,
    -0.08162109421727091,
    0.0474125589513783,
    -0.0474125589513811,
    -0.07886968833610966,
    -0.05121211371959147,
    -0.021828848043417025,
    0.10913136088116121,
    0.06591411097673794
  ],
  "OQP::FOCK_A": [
    -18.73862734288715,
    -4.739045142361039,
    -1.7516026456392333,
    -9.988302338112108e-17,
    -4.1551414190827205e-16,
    -0.06993243515876357,
    8.628844898015498e-17,
    3.5763688354819814e-16,
    0.04884732159724846,
    -0.06993243515876335,
    0.024954997529675498,
    0.13762840697959025,
    -9.115329941511198e-17,
    3.7152510499204544e-17,
    -0.07641353393333494,
    -3.337977797639698,
    -1.656026528117063,
    -3.105072040398122e-16,
    3.1410029133228535e-16,
    0.1290516741651288,
    -1.2657583823076757,
    -1.5241305909342964e-17,
    -1.6878443792968139e-16,
    -0.4207713035305525,
    0.0444719947686026,
    -2.6187634358206674e-17,
    -3.0342768473522446e-16,
    0.003943177564381117,
    1.3835675412889766e-17,
    1.5436531665923263e-16,
    0.04447199476860255,
    -0.4207713035305519,
    -2.2808551401571855e-18,
    2.8428571950912254e-16,
    0.09926261632275789,
    0.003943177564381117,
    0.0032017939452997374,
    0.08656074570599809,
    -3.2553930681047545e-17,
    1.0101070828444952e-17,
    -0.42713519037895004,
    0.17774740113706336,
    -1.615774680204687e-18,
    -1.4373686117449442e-17,
    -0.010866043267068581,
    -0.7404863100616245,
    -0.6184270436523872,
    0.2216949760170881,
    -0.22169497601708812,
    0.25735737724659324,
    -0.5523758203053784,
    0.15986444189733356,
    -0.15986444189733426,
    0.1916684047614802,
    -0.2109996921413737,
    -1.3999017789527333,
    -0.8743136534168918,
    0.10696727193305654,
    -0.10696727193305652,
    0.17415317361394245,
    -0.7236433591660604,
    0.05754579994016602,
    -0.05754579994016558,
    0.15951294650974612,
    -0.5090632026350042,
    -0.4651977596678298,
    -0.7404863100616247,
    -0.6184270436523877,
    -0.22169497601708876,
    0.22169497601708876,
    0.2573573772465926,
    -0.5523758203053788,
    -0.15986444189733356,
    0.15986444189733356,
    0.19166840476147995,
    -0.1450829908266603,
    -0.2978301860916862,
    -0.2109996921413737,
    -1.3999017789527337,
    -0.8743136534168922,
    -0.10696727193305636,
    0.10696727193305658,
    0.17415317361394234,
    -0.7236433591660629,
    -0.05754579994016547,
    0.057545799940165704,
    0.15951294650974635,
    -0.29783018609168643,
    -0.41734981174817937,
    -0.5090632026350037,
    -0.4651977596678314
  ],
  "OQP::E_MO_A": [
    -18.746869843704765,
    -0.9316399340694639,
    -0.4806045704136457,
    -0.2924294215987792,
    -0.2281089545379795,
    0.03952690908512299,
    0.1277337064598814,
    0.7766918135289188,
    0.8299635851827287,
    0.8421094350949027,
    0.9102534290777242,
    1.018128482761556,
    1.3670127215879928
  ],