{
  "OQP::DM_A": [
    2.0838114428586487,
    -0.1720441462535344,
    0.5095266224048416,
    -9.822101711928523e-15,
    3.463019393309022e-14,
    0.6826877597091222,
    1.2662913372361715e-15,
    -5.960929505834182e-15,
    0.14453107494552175,
    0.6826877597091113,
    -0.03830480952347564,
    0.07410828467513565,
    -1.4275111936883713e-13,
    1.3023453718950388e-13,
    0.6437858641296654,
    -0.2845134211012158,
    0.5641875794320451,
    8.03538906688564e-14,
    -2.6296076598758224e-14,
    0.2756908374003559,
    0.6879378902271878,
    2.0316773556866306e-14,
    -3.788657360856467e-14,
    0.4443693866314992,
    0.2095296129505634,
    -1.6275357578267352e-13,
    -4.734255794280174e-14,
    0.30968613037051385,
    -2.2240877540795732e-14,
    4.435464046059923e-14,
    0.20952961295056524,
    0.44436938663149494,
    1.4764000844271905e-13,
    7.129694053105862e-14,
    0.20720720394644004,
    0.309686130370513,
    -0.034639724979809855,
    0.08886478976890579,
    -1.3045078279707045e-13,
    1.0486966717676906e-13,
    0.4325923658639504,
    0.2265860278422029,
    -1.311073914417688e-13,
    1.0616142626651824e-13,
    0.2937358358463877,
    -0.038960936677257405,
    0.08638039517827882,
    -0.1985498258551793,
    0.198549825855165,
    -0.20187921981991946,
    0.03068534892117318,
    -0.08664278915106623,
    0.08664278915105408,
    -0.1271341980897721,
    0.23389910868193578,
    0.02659459331176233,
    -0.0436256187957111,
    -0.10865009330458224,
    0.10865009330454764,
    -0.11386177198362041,
    -0.0816209571234985,
    -0.047412517663440616,
    0.047412517663415615,
    -0.07886955337413755,
    0.10913121256224878,
    0.06591395855938055,
    -0.03896093667729681,
    0.08638039517838136,
    0.1985498258550438,
    -0.19854982585506414,
    -0.2018792198197247,
    0.030685348921450153,
    0.08664278915104207,
    -0.08664278915106081,
    -0.1271341980896774,
    -0.05911617451158955,
    -0.05121210540098932,
    0.2338991086815247,
    0.026594593311659524,
    -0.043625618795477175,
    0.10865009330447314,
    -0.10865009330451585,
    -0.11386177198335254,
    -0.08162095712310781,
    0.0474125176634198,
    -0.0474125176634522,
    -0.07886955337396497,
    -0.05121210540099372,
    -0.021828835383859095,
    0.10913121256199701,
    0.06591395855916857
  ],
  "OQP::FOCK_A": [
    -18.738626399835653,
    -4.739044956998054,
    -1.7516021285237393,
    -4.903468808626236e-15,
    -3.992970499067562e-14,
    -0.06993190177900965,
    8.23405441040784e-15,
    4.8735326734669365e-14,
    0.04884732377604847,
    -0.0699319017790091,
    0.024954996373719746,
    0.13762841579561208,
    -1.0579310189961532e-15,
    -3.47190148960574e-17,
    -0.07641299451990669,
    -3.337977657462838,
    -1.6560261906674734,
    -3.5893754727322565e-14,
    4.19287816405246e-14,
    0.12905168519430718,
    -1.265758101222513,
    -7.429972776338505e-16,
    -2.4075013978256518e-14,
    -0.42077112825568713,
    0.04447199678387069,
    1.8645900191919853e-15,
    -4.8560929554046524e-14,
    0.0039433286691658576,
    1.11830091438899e-15,
    2.732194366474889e-14,
    0.0444719967838707,
    -0.4207711282556876,
    -2.417102555501725e-15,
    5.2061780305167316e-14,
    0.09926262288756309,
    0.0039433286691632485,
    0.0032017938806852696,
    0.0865607540937886,
    1.8824978163651e-15,
    -2.409941190027903e-15,
    -0.42713501222036077,
    0.1777474245826886,
    9.29879229497676e-15,
    -9.89204227346862e-15,
    -0.010865889399203188,
    -0.7404862798767867,
    -0.618426948186811,
    0.22169492563113302,
    -0.22169492563113194,
    0.2573573243745028,
    -0.5523757348103056,
    0.1598644029150741,
    -0.15986440291507248,
    0.19166836623789918,
    -0.21099959565363313,
    -1.3999017207526012,
    -0.8743134963027692,
    0.1069672461309967,
    -0.1069672461309939,
    0.17415315109945168,
    -0.7236432158633144,
    0.05754577411156897,
    -0.057545774111566875,
    0.1595129341594002,
    -0.5090631324215967,
    -0.4651976667230681,
    -0.7404862798767877,
    -0.6184269481868494,
    -0.22169492563117454,
    0.22169492563117574,
    0.2573573243745304,
    -0.5523757348103918,
    -0.1598644029151606,
    0.15986440291516169,
    0.19166836623797065,
    -0.14508297673353904,
    -0.2978301477717977,
    -0.2109995956539179,
    -1.3999017207526014,
    -0.8743134963027877,
    -0.10696724613103711,
    0.10696724613104042,
    0.17415315109945728,
    -0.723643215863359,
    -0.057545774111656456,
    0.05754577411165837,
    0.15951293415942536,
    -0.2978301477717605,
    -0.4173497400216746,
    -0.5090631324217436,
    -0.4651976667231891
  ],
  "OQP::E_MO_A": [
    -18.74687031407855,
    -0.9316403179039319,
    -0.4806048683833742,
    -0.29242981585623856,
    -0.22810929763813642,
    0.03952673108791871,
    0.1277335284689497,
    0.7766916089982924,
    0.8299632875140149,
    0.8421091671656675,
    0.9102531837880579,
    1.0181282295615222,
    1.3670124599007754
  ],