{
  "OQP::DM_A": [
    2.0838113848039046,
    -0.17204401882773657,
    0.5095263478944213,
    -7.359053521976081e-16,
    -7.878622329284757e-16,
    0.6826876599822561,
    2.744079610619154e-16,
    3.0398356656141947e-16,
    0.14453116659003737,
    0.6826876599822553,
    -0.038304733594959665,
    0.0741081464149377,
    -3.650145636713493e-16,
    2.924830335216094e-17,
    0.6437867910433831,
    -0.2845129699954718,
    0.5641865958006513,
    2.496185410140857e-15,
    1.0580983320642929e-15,
    0.2756892792468963,
    0.687935155915017,
    1.945054086646258e-15,
    -2.440033996306801e-15,
    0.4443693010535867,
    0.20952969970186522,
    -2.281001394890475e-15,
    -1.1215254753189289e-15,
    0.3096860768435527,
    -1.8483313414307783e-15,
    2.0123805218964887e-15,
    0.20952969970186414,
    0.44436930105358513,
    1.7734429677761373e-15,
    3.789450028850282e-15,
    0.20720726437878922,
    0.3096860768435507,
    -0.03463976359497168,
    0.08886490479475462,
    -1.7255506764972088e-15,
    3.049815609781207e-16,
    0.4325934937937777,
    0.22658532147968502,
    -2.525160842197197e-15,
    1.239084222182531e-15,
    0.2937369578695824,
    -0.038961005900240056,
    0.0863805351303979,
    -0.19854983083023595,
    0.1985498308302365,
    -0.20187914995774014,
    0.030685951253852296,
    -0.08664275855283828,
    0.08664275855283887,
    -0.12713426847270698,
    0.23389906846344188,
    0.02659426455954652,
    -0.04362489917229729,
    -0.10865020562655174,
    0.10865020562655078,
    -0.11386023654222749,
    -0.08161939301262877,
    -0.04741254874634709,
    0.04741254874634642,
    -0.07886858237561917,
    0.10913088385571468,
    0.0659134323172095,
    -0.03896100590023875,
    0.08638053513039505,
    0.19854983083023556,
    -0.1985498308302372,
    -0.20187914995774034,
    0.030685951253851207,
    0.08664275855283844,
    -0.08664275855283973,
    -0.12713426847270856,
    -0.05911633361205808,
    -0.05121266090645697,
    0.23389906846344116,
    0.02659426455954015,
    -0.04362489917228759,
    0.10865020562654935,
    -0.10865020562655253,
    -0.11386023654221603,
    -0.08161939301261376,
    0.047412548746346275,
    -0.0474125487463488,
    -0.07886858237561149,
    -0.051212660906458485,
    -0.02182957424418192,
    0.10913088385571293,
    0.06591343231720403
  ],
  "OQP::FOCK_A": [
    -18.73862587218143,
    -4.739044841093125,
    -1.7516017459066857,
    -1.316281671917096e-16,
    -4.477240123306051e-16,
    -0.06993153936993868,
    1.6007275447909313e-16,
    5.778283524382044e-16,
    0.04884732970427603,
    -0.06993153936993868,
    0.02495498204178631,
    0.13762842722198346,
    -8.021754985504856e-17,
    1.9950758611211068e-17,
    -0.0764125581502274,
    -3.337977572773809,
    -1.6560259319700537,
    -3.5145486120522873e-16,
    4.659159586149192e-16,
    0.12905171133731053,
    -1.2657578692974174,
    -1.3934948666924705e-17,
    -2.2324344850899626e-16,
    -0.4207709977224615,
    0.044472002233212085,
    -1.2886983698660272e-17,
    -3.522501476542601e-16,
    0.003943456721891336,
    1.947258124237424e-17,
    2.9088770150879415e-16,
    0.044472002233212085,
    -0.4207709977224606,
    4.726191828779512e-18,
    4.396655095279004e-16,
    0.09926263722697437,
    0.003943456721891281,
    0.0032017925970018535,
    0.08656077756559197,
    -1.3216810387387216e-17,
    -8.88009544966034e-18,
    -0.4271348457866684,
    0.17774749538273407,
    8.470538145744361e-18,
    -4.4140577862280644e-17,
    -0.01086571790238089,
    -0.7404862611684374,
    -0.6184268800115913,
    0.22169489303921136,
    -0.22169489303921136,
    0.2573572848993555,
    -0.5523756829144888,
    0.1598643867218639,
    -0.15986438672186412,
    0.19166835260471804,
    -0.2109995773420359,
    -1.3999016853361814,
    -0.8743133775072123,
    0.10696722804727701,
    -0.1069672280472767,
    0.17415314023249254,
    -0.7236431062458225,
    0.05754575713980961,
    -0.057545757139809584,
    0.15951295649350722,
    -0.5090631055045971,
    -0.4651976101930114,
    -0.7404862611684375,
    -0.6184268800115913,
    -0.221694893039212,
    0.22169489303921217,
    0.25735728489935505,
    -0.5523756829144888,
    -0.1598643867218636,
    0.15986438672186376,
    0.19166835260471865,
    -0.14508296647764782,
    -0.29783012561140587,
    -0.2109995773420359,
    -1.3999016853361819,
    -0.8743133775072127,
    -0.10696722804727674,
    0.10696722804727714,
    0.17415314023249256,
    -0.7236431062458252,
    -0.05754575713981036,
    0.05754575713981014,
    0.15951295649350788,
    -0.29783012561140565,
    -0.4173496920142061,
    -0.5090631055045969,
    -0.4651976101930121
  ],
  "OQP::E_MO_A": [
    -18.746870246797823,
    -0.9316403566960354,
    -0.48060486987500955,
    -0.29242980861555296,
    -0.2281092910935656,
    0.04032740503203633,
    0.1285342269393094,
    0.7774922975648426,
    0.8307639645440129,
    0.8429098687703748,
    0.9110538755256778,
    1.0189289344202999,
    1.3678131357281638
  ],