{
  "OQP::DM_A": [
    2.083811438921806,
    -0.17204410981235138,
    0.5095264785420369,
    -8.823887100467506e-16,
    -7.429712244489913e-17,
    0.682687503522487,
    4.978315700690564e-16,
    1.6100440785713032e-16,
    0.14453105582391917,
    0.6826875035224836,
    -0.038304819683192805,
    0.07410828152627526,
    -6.470045757231579e-16,
    1.569332349367665e-16,
    0.6437854916919667,
    -0.2845134648528959,
    0.5641876032277141,
    2.9010255806155764e-16,
    1.544672334351438e-15,
    0.27569102859092864,
    0.6879382583544392,
    1.19461999141559e-15,
    -8.84631193509896e-16,
    0.44436937255023845,
    0.20952966700085549,
    -1.2903281518022428e-15,
    -8.118135582050372e-16,
    0.3096862408198807,
    -1.0312339541169506e-15,
    8.769680661870323e-16,
    0.20952966700085665,
    0.4443693725502395,
    8.195547899213374e-16,
    2.13612490296203e-15,
    0.2072073287147326,
    0.30968624081988355,
    -0.034639745219203544,
    0.08886481353312085,
    -7.16607989822302e-16,
    9.707163070150909e-17,
    0.43259224811355906,
    0.22658623546327358,
    -1.098044538262641e-15,
    5.479977869946359e-16,
    0.29373584831638977,
    -0.03896093045097168,
    0.08638037642812169,
    -0.19854978931120149,
    0.19854978931120232,
    -0.20187921141492535,
    0.03068526619857488,
    -0.08664278623462902,
    0.08664278623463062,
    -0.1271342297081897,
    0.23389915460549104,
    0.026594607037183894,
    -0.04362564098229743,
    -0.10865017157930534,
    0.10865017157930103,
    -0.11386193637142569,
    -0.08162109421727612,
    -0.047412558951381176,
    0.04741255895137832,
    -0.07886968833611065,
    0.10913136088116016,
    0.06591411097673912,
    -0.038960930450971244,
    0.08638037642812027,
    0.19854978931120235,
    -0.1985497893112022,
    -0.20187921141492463,
    0.03068526619857298,
    0.0866427862346298,
    -0.0866427862346306,
    -0.1271342297081895,
    -0.059116149803564264,
    -0.05121211371959284,
    0.23389915460549013,
    0.026594607037179363,
    -0.043625640982292414,
    0.10865017157930414,
    -0.10865017157930366,
    -0.11386193637142147,
    -0.08162109421726971,
    0.047412558951380426,
    -0.04741255895138053,
    -0.07886968833610757,
    -0.05121211371959347,
    -0.021828848043418395,
    0.10913136088116031,
    0.06591411097673752
  ],
  "OQP::FOCK_A": [
    -18.73862734288714,
    -4.739045142361037,
    -1.7516026456392246,
    -9.574363623361587e-17,
    -4.174196219324594e-16,
    -0.0699324351587548,
    1.2005861033961212e-16,
    4.444122855604082e-16,
    0.04884732159724845,
    -0.06993243515875236,
    0.024954997529675248,
    0.13762840697958997,
    -5.0679803683506794e-17,
    -5.105001349088293e-19,
    -0.07641353393332695,
    -3.337977797639696,
    -1.656026528117056,
    -3.200240427186879e-16,
    2.962589981362516e-16,
    0.1290516741651287,
    -1.2657583823076697,
    -1.4976938985571016e-17,
    -1.7290950161769963e-16,
    -0.4207713035305486,
    0.0444719947686026,
    -9.633632718652461e-18,
    -2.5376918706235903e-16,
    0.003943177564383338,
    1.309956697218852e-17,
    1.737172004724658e-16,
    0.04447199476860256,
    -0.42077130353054903,
    -2.1985273404293117e-17,
    2.1651003412743487e-16,
    0.09926261632275793,
    0.003943177564383227,
    0.0032017939452997227,
    0.08656074570599809,
    -1.1393515720140681e-17,
    -1.1553189156129553e-17,
    -0.4271351903789458,
    0.17774740113706344,
    1.0839054024504199e-17,
    -2.729434985592369e-17,
    -0.010866043267064307,
    -0.7404863100616241,
    -0.6184270436523851,
    0.22169497601708704,
    -0.22169497601708704,
    0.2573573772465918,
    -0.5523758203053762,
    0.1598644418973318,
    -0.1598644418973327,
    0.191668404761479,
    -0.21099969214136827,
    -1.3999017789527324,
    -0.8743136534168887,
    0.10696727193305607,
    -0.10696727193305576,
    0.17415317361394186,
    -0.723643359166056,
    0.057545799940164705,
    -0.057545799940164455,
    0.15951294650974499,
    -0.5090632026350002,
    -0.4651977596678253,
    -0.7404863100616242,
    -0.618427043652385,
    -0.22169497601708765,
    0.22169497601708743,
    0.2573573772465916,
    -0.5523758203053761,
    -0.15986444189733173,
    0.1598644418973322,
    0.1916684047614783,
    -0.14508299082665999,
    -0.2978301860916849,
    -0.21099969214136816,
    -1.3999017789527328,
    -0.8743136534168892,
    -0.10696727193305591,
    0.10696727193305614,
    0.17415317361394167,
    -0.7236433591660578,
    -0.057545799940164136,
    0.05754579994016422,
    0.15951294650974496,
    -0.2978301860916851,
    -0.4173498117481762,
    -0.509063202635,
    -0.46519775966782795
  ],
  "OQP::E_MO_A": [
    -18.74686984370476,
    -0.9316399340694606,
    -0.48060457041364685,
    -0.2924294215987789,
    -0.2281089545379789,
    0.03952690908512117,
    0.1277337064598783,
    0.7766918135289175,
    0.8299635851827264,
    0.8421094350949025,
    0.9102534290777251,
    1.0181284827615507,
    1.3670127215879826
  ],