{
  "OQP::DM_A": [
    2.0838114383592963,
    -0.17204411028044428,
    0.5095264949476925,
    3.9838266433355585e-16,
    -4.866017241708103e-16,
    0.6826875314821007,
    -7.475113462785627e-16,
    2.8369642344089527e-16,
    0.14453107032707047,
    0.6826875314821007,
    -0.03830481227025862,
    0.07410827378449772,
    1.1431851861567442e-15,
    -1.8843143151841947e-15,
    0.6437856140349826,
    -0.2845134562206904,
    0.5641875879946427,
    -1.0771469242053127e-15,
    5.426307164937308e-15,
    0.2756909222849779,
    0.687938136535527,
    -2.0847457220242027e-15,
    2.6363210746832795e-15,
    0.44436936567330354,
    0.20952966771308074,
    2.8552485184109966e-15,
    4.178999532810207e-15,
    0.3096862180872496,
    1.7577730142327247e-15,
    -2.6657166161993006e-15,
    0.20952966771308285,
    0.4443693656733063,
    -2.946630176449109e-15,
    -4.507464691475403e-16,
    0.20720731516804747,
    0.3096862180872538,
    -0.034639739077328875,
    0.08886480640031366,
    1.0470378563524353e-15,
    -2.8034044604668614e-15,
    0.4325923145034274,
    0.226586155986908,
    2.017668449320749e-15,
    -3.0679999111592033e-15,
    0.2937358821596598,
    -0.03896093525453611,
    0.08638038543514721,
    -0.1985498114911835,
    0.1985498114911826,
    -0.2018792111835069,
    0.03068531517397973,
    -0.08664279094703024,
    0.08664279094702967,
    -0.12713422478744557,
    0.23389917149065306,
    0.02659460239989659,
    -0.043625631536190826,
    -0.10865014462156508,
    0.10865014462155871,
    -0.11386184543129563,
    -0.08162103161600831,
    -0.047412544469875695,
    0.047412544469870685,
    -0.07886962470756302,
    0.10913131164734081,
    0.06591405265464488,
    -0.03896093525453798,
    0.08638038543514949,
    0.19854981149118475,
    -0.19854981149118311,
    -0.20187921118350632,
    0.030685315173977528,
    0.08664279094703055,
    -0.0866427909470296,
    -0.1271342247874436,
    -0.05911619105706285,
    -0.05121213707239054,
    0.23389917149065675,
    0.02659460239990292,
    -0.04362563153620347,
    0.10865014462156518,
    -0.10865014462156594,
    -0.11386184543130609,
    -0.08162103161602768,
    0.047412544469873266,
    -0.04741254446987408,
    -0.07886962470757017,
    -0.05121213707239175,
    -0.021828860630831348,
    0.10913131164734521,
    0.06591405265465333
  ],
  "OQP::FOCK_A": [
    -18.73862714608449,
    -4.739045102841911,
    -1.7516025308071987,
    7.269881673716732e-17,
    5.444882044466553e-16,
    -0.06993231870619177,
    -1.5455336003797193e-17,
    -3.969833646000773e-16,
    0.048847322026324747,
    -0.06993231870619221,
    0.024954994865928854,
    0.13762840072095564,
    3.882077486002811e-17,
    -6.25734010709646e-17,
    -0.07641341208373209,
    -3.3379777679638014,
    -1.6560264522926607,
    4.774592450208072e-16,
    -3.432909950784182e-16,
    0.1290516706322152,
    -1.265758317133784,
    1.571553890609178e-17,
    3.3161973266311164e-16,
    -0.42077126407203685,
    0.044471995103223236,
    -2.733713420090285e-17,
    6.258397909544254e-16,
    0.003943213856837047,
    -9.751041601119801e-19,
    -2.5582934729626156e-16,
    0.04447199510322323,
    -0.4207712640720372,
    -1.43721228014159e-17,
    -5.574946582157285e-16,
    0.09926261728676901,
    0.003943213856835104,
    0.003201793644318395,
    0.08656074407442114,
    -3.26441279869609e-17,
    -2.892285422374757e-18,
    -0.4271351481954968,
    0.177747401656403,
    -8.943760183133252e-17,
    7.189357515269265e-17,
    -0.010866003707192873,
    -0.740486303577544,
    -0.6184270205920087,
    0.22169496377638426,
    -0.2216949637763842,
    0.2573573624822831,
    -0.5523757977797158,
    0.15986443079984888,
    -0.1598644307998484,
    0.19166839192499194,
    -0.21099966090159283,
    -1.3999017665849514,
    -0.8743136173296511,
    0.10696726596627423,
    -0.10696726596627422,
    0.1741531651668551,
    -0.7236433242005954,
    0.05754579307086524,
    -0.057545793070864784,
    0.15951293922189616,
    -0.5090631816880359,
    -0.46519773380293145,
    -0.740486303577544,
    -0.6184270205920089,
    -0.22169496377638287,
    0.2216949637763827,
    0.257357362482283,
    -0.5523757977797149,
    -0.15986443079984816,
    0.15986443079984794,
    0.1916683919249911,
    -0.1450829870190471,
    -0.2978301754587997,
    -0.21099966090159605,
    -1.3999017665849514,
    -0.8743136173296516,
    -0.10696726596627305,
    0.10696726596627339,
    0.1741531651668555,
    -0.7236433242005913,
    -0.05754579307086398,
    0.05754579307086469,
    0.1595129392218957,
    -0.2978301754588002,
    -0.4173497927595209,
    -0.5090631816880347,
    -0.46519773380293233
  ],
  "OQP::E_MO_A": [
    -18.746869875324297,
    -0.9316401529604182,
    -0.48060473188326663,
    -0.2924296479489727,
    -0.22810911736814854,
    0.03952678013067438,
    0.1277335931197978,
    0.7766916608531783,
    0.8299634037611536,
    0.8421093137558007,
    0.9102532714802608,
    1.0181283680627904,
    1.3670125663634158
  ],