{
  "OQP::DM_A": [
    2.0838114389218036,
    -0.17204410981235146,
    0.5095264785420381,
    -9.680590926936728e-16,
    -6.869826373805437e-16,
    0.6826875035224894,
    6.478852796831108e-16,
    -1.5707281754337016e-16,
    0.14453105582391967,
    0.6826875035224848,
    -0.03830481968319277,
    0.07410828152627737,
    -2.930555835641481e-16,
    3.7918333162272073e-16,
    0.6437854916919624,
    -0.2845134648528923,
    0.5641876032277091,
    2.2331780811999226e-15,
    5.027577829489249e-16,
    0.2756910285909269,
    0.6879382583544255,
    1.0912947326880772e-15,
    -8.988109886004382e-16,
    0.4443693725502389,
    0.2095296670008554,
    -1.4911506808597567e-15,
    4.976379688196362e-16,
    0.30968624081988017,
    -9.567929716640624e-16,
    3.2469113822622274e-16,
    0.2095296670008564,
    0.44436937255023845,
    1.5409378934468436e-15,
    1.739819997847441e-15,
    0.2072073287147317,
    0.3096862408198816,
    -0.03463974521920485,
    0.08886481353312439,
    -1.1338386852514709e-15,
    3.823757725255338e-16,
    0.43259224811355823,
    0.2265862354632748,
    -1.573944365686738e-15,
    9.759201300485781e-16,
    0.2937358483163908,
    -0.03896093045097188,
    0.08638037642812166,
    -0.19854978931120168,
    0.19854978931120285,
    -0.20187921141492374,
    0.030685266198573546,
    -0.08664278623462861,
    0.08664278623463037,
    -0.1271342297081885,
    0.2338991546054908,
    0.02659460703718192,
    -0.04362564098229353,
    -0.10865017157930451,
    0.10865017157930314,
    -0.1138619363714276,
    -0.08162109421727232,
    -0.04741255895138015,
    0.04741255895137952,
    -0.0788696883361119,
    0.1091313608811621,
    0.06591411097673977,
    -0.03896093045097171,
    0.08638037642812046,
    0.19854978931120276,
    -0.19854978931120254,
    -0.20187921141492457,
    0.030685266198573858,
    0.08664278623463004,
    -0.08664278623463069,
    -0.12713422970818988,
    -0.059116149803564215,
    -0.0512121137195915,
    0.23389915460549127,
    0.02659460703717785,
    -0.043625640982289916,
    0.108650171579301,
    -0.10865017157930362,
    -0.11386193637141932,
    -0.08162109421726485,
    0.04741255895137844,
    -0.04741255895138097,
    -0.07886968833610654,
    -0.051212113719592375,
    -0.021828848043418263,
    0.1091313608811592,
    0.06591411097673516
  ],
  "OQP::FOCK_A": [
    -18.738627342887153,
    -4.739045142361039,
    -1.7516026456392333,
    -9.233622121015883e-17,
    -2.874151787730769e-16,
    -0.06993243515876335,
    6.649769291240321e-17,
    2.632924215891033e-16,
    0.04884732159724843,
    -0.06993243515876102,
    0.0249549975296755,
    0.13762840697959064,
    -7.808412532382119e-17,
    5.112243133800638e-17,
    -0.07641353393333505,
    -3.3379777976396987,
    -1.656026528117062,
    -2.226653346074498e-16,
    2.1449199606203781e-16,
    0.12905167416512908,
    -1.2657583823076757,
    -1.028406130196881e-17,
    -1.0898235013653128e-16,
    -0.4207713035305525,
    0.04447199476860259,
    -8.16669407673867e-18,
    -1.8295087992479511e-16,
    0.003943177564380007,
    7.462452279599376e-18,
    1.1156778585912702e-16,
    0.04447199476860256,
    -0.4207713035305519,
    9.245417004846624e-18,
    1.6841526515431929e-16,
    0.09926261632275789,
    0.003943177564379841,
    0.0032017939452997518,
    0.0865607457059983,
    -9.393177932028196e-18,
    -4.371557447107413e-18,
    -0.4271351903789496,
    0.17774740113706367,
    -5.949311043643445e-18,
    5.530956177038626e-18,
    -0.010866043267067749,
    -0.7404863100616247,
    -0.6184270436523875,
    0.22169497601708832,
    -0.2216949760170881,
    0.257357377246593,
    -0.5523758203053788,
    0.15986444189733334,
    -0.1598644418973343,
    0.19166840476148037,
    -0.21099969214137182,
    -1.3999017789527333,
    -0.8743136534168932,
    0.10696727193305651,
    -0.1069672719330565,
    0.17415317361394256,
    -0.7236433591660605,
    0.05754579994016559,
    -0.057545799940165177,
    0.1595129465097463,
    -0.5090632026350042,
    -0.46519775966782984,
    -0.7404863100616247,
    -0.6184270436523877,
    -0.22169497601708876,
    0.22169497601708854,
    0.2573573772465926,
    -0.5523758203053788,
    -0.1598644418973331,
    0.15986444189733312,
    0.19166840476148006,
    -0.14508299082666024,
    -0.2978301860916862,
    -0.2109996921413736,
    -1.3999017789527337,
    -0.8743136534168922,
    -0.10696727193305638,
    0.10696727193305637,
    0.17415317361394234,
    -0.723643359166063,
    -0.05754579994016529,
    0.05754579994016573,
    0.15951294650974668,
    -0.29783018609168643,
    -0.4173498117481784,
    -0.5090632026350032,
    -0.4651977596678304
  ],
  "OQP::E_MO_A": [
    -18.74686984370475,
    -0.9316399340694679,
    -0.4806045704136486,
    -0.29242942159877994,
    -0.2281089545379798,
    0.039526909085123976,
    0.1277337064598806,
    0.7766918135289174,
    0.8299635851827284,
    0.842109435094903,
    0.9102534290777251,
    1.0181284827615542,
    1.3670127215879866
  ],