{
  "OQP::DM_A": [
    2.0838114341139238,
    -0.17204410469111292,
    0.509526500639044,
    -6.629395223841653e-16,
    -7.335536843450387e-16,
    0.6826876523896129,
    3.355941057568081e-16,
    5.046047064721957e-16,
    0.14453103927005306,
    0.6826876523896128,
    -0.038304793342440496,
    0.0741081959536011,
    -7.462185081562681e-16,
    5.18681392797428e-16,
    0.6437858487034733,
    -0.2845134103597666,
    0.5641874827831714,
    9.245681258835651e-16,
    3.587347252791019e-16,
    0.27569076267611686,
    0.6879378373179408,
    1.89773962454508e-15,
    -2.312095032956012e-15,
    0.4443694060291163,
    0.20952961431284992,
    -3.226863247970602e-15,
    -2.3864871680022835e-15,
    0.3096862061481456,
    -1.697101396641929e-15,
    2.0762810608814776e-15,
    0.2095296143128497,
    0.44436940602911595,
    3.047328048154115e-15,
    3.3231466254933376e-15,
    0.2072072503407455,
    0.3096862061481451,
    -0.03463973394779911,
    0.0888647831482625,
    -4.952001042412607e-16,
    2.0461994681709255e-16,
    0.4325924631317338,
    0.22658607129090244,
    -2.3132938880209616e-15,
    2.0804462462655108e-15,
    0.29373598048071137,
    -0.03896094346860227,
    0.08638041521582185,
    -0.19854980517261708,
    0.19854980517261794,
    -0.2018791883372532,
    0.03068538502301444,
    -0.08664279831433251,
    0.08664279831433318,
    -0.12713420092441954,
    0.23389907960299128,
    0.02659457021562634,
    -0.04362555315896243,
    -0.1086500979931954,
    0.1086500979931945,
    -0.11386167883315858,
    -0.08162086665841459,
    -0.04741252966263384,
    0.04741252966263313,
    -0.07886950969362487,
    0.10913119237213766,
    0.0659139312639548,
    -0.03896094346860129,
    0.0863804152158194,
    0.19854980517261828,
    -0.19854980517261786,
    -0.20187918833725443,
    0.030685385023013104,
    0.08664279831433433,
    -0.086642798314334,
    -0.12713420092442035,
    -0.059116181553531946,
    -0.05121213715407232,
    0.23389907960299158,
    0.02659457021562008,
    -0.043625553158952925,
    0.10865009799319388,
    -0.10865009799319554,
    -0.11386167883314482,
    -0.08162086665839927,
    0.04741252966263394,
    -0.04741252966263525,
    -0.07886950969361492,
    -0.051212137154074695,
    -0.02182888193312941,
    0.10913119237213523,
    0.06591393126394851
  ],
  "OQP::FOCK_A": [
    -18.73862666140644,
    -4.739045005978324,
    -1.7516022546494723,
    -1.4450348819772614e-16,
    -5.656561316441355e-16,
    -0.06993203589630048,
    1.0344217145306117e-16,
    5.0753912987276415e-16,
    0.04884732364465233,
    -0.06993203589630059,
    0.02495499175324519,
    0.13762841137365997,
    -9.139678499150064e-17,
    8.970215992289796e-17,
    -0.0764131232378421,
    -3.3379776951051006,
    -1.6560262717694942,
    -4.2752226460415204e-16,
    4.1184060102115135e-16,
    0.12905168433705988,
    -1.2657581672146465,
    -2.055072266251157e-17,
    -2.40725943842529e-16,
    -0.4207711705602966,
    0.0444719971898743,
    -3.6204745254109536e-17,
    -3.6166474680942424e-16,
    0.003943293454257202,
    2.008956905742295e-17,
    2.3003624908183683e-16,
    0.04447199718987428,
    -0.4207711705602967,
    3.0243636736882866e-17,
    3.7146399156687043e-16,
    0.0992626240807308,
    0.003943293454257257,
    0.0032017934328121885,
    0.08656075482550958,
    -3.9709769244209056e-17,
    1.9205129838044425e-17,
    -0.4271350518614351,
    0.17774743030467702,
    -2.550729517830034e-17,
    2.8283558159489616e-17,
    -0.010865921472469453,
    -0.740486287826752,
    -0.6184269724050349,
    0.22169493922679068,
    -0.22169493922679084,
    0.2573573380810822,
    -0.5523757602835447,
    0.1598644171113176,
    -0.159864417111318,
    0.19166838190825705,
    -0.21099963950890033,
    -1.3999017362997075,
    -0.8743135344550041,
    0.1069672526714272,
    -0.10696725267142718,
    0.17415315759728933,
    -0.7236432522981047,
    0.05754578181585643,
    -0.0575457818158564,
    0.15951294626261203,
    -0.5090631592982575,
    -0.4651976965429572,
    -0.740486287826752,
    -0.6184269724050349,
    -0.2216949392267913,
    0.22169493922679107,
    0.257357338081082,
    -0.5523757602835446,
    -0.15986441711131794,
    0.15986441711131796,
    0.1916683819082563,
    -0.14508298051651602,
    -0.29783015985381234,
    -0.2109996395089011,
    -1.3999017362997077,
    -0.8743135344550041,
    -0.10696725267142732,
    0.10696725267142745,
    0.17415315759728922,
    -0.723643252298109,
    -0.05754578181585651,
    0.057545781815856734,
    0.159512946262612,
    -0.2978301598538119,
    -0.41734976104407706,
    -0.5090631592982577,
    -0.4651976965429586
  ],
  "OQP::E_MO_A": [
    -18.746870273659926,
    -0.93164029105331,
    -0.4806048465124112,
    -0.2924297829785672,
    -0.228109263141444,
    0.0395267359142532,
    0.1277335368714628,
    0.7766916149573359,
    0.8299633028717636,
    0.8421091924148438,
    0.910253198633956,
    1.018128256634886,
    1.3670124756028352
  ],