{
  "OQP::DM_A": [
    2.0838114341139216,
    -0.17204410469111095,
    0.5095265006390504,
    -2.0556544433393085e-16,
    1.8862723298113624e-17,
    0.6826876523896096,
    3.3289625986034e-16,
    -3.5940766139209277e-16,
    0.14453103927005292,
    0.6826876523896129,
    -0.03830479334244051,
    0.07410819595360496,
    1.642415887990005e-16,
    -2.655927075055374e-16,
    0.6437858487034767,
    -0.2845134103597644,
    0.5641874827831593,
    -1.4741531301530186e-16,
    1.981079414864309e-15,
    0.2756907626761014,
    0.6879378373178963,
    -3.1420802447093204e-16,
    8.039304800825017e-16,
    0.4443694060291154,
    0.20952961431284842,
    1.4852706462457487e-15,
    1.6048771300387868e-15,
    0.30968620614814524,
    4.2002886814138114e-16,
    -8.051633144202594e-16,
    0.20952961431284967,
    0.4443694060291183,
    -1.3586659110633082e-15,
    1.8821160478055306e-16,
    0.20720725034074525,
    0.3096862061481481,
    -0.034639733947799616,
    0.08886478314827022,
    4.503776618583259e-16,
    -1.2034020855563674e-15,
    0.4325924631317401,
    0.22658607129089733,
    1.0791816415899569e-15,
    -1.516281297376968e-15,
    0.29373598048071914,
    -0.03896094346860203,
    0.08638041521582002,
    -0.19854980517261786,
    0.19854980517261686,
    -0.20187918833725577,
    0.030685385023016157,
    -0.086642798314335,
    0.08664279831433379,
    -0.12713420092442207,
    0.2338990796029921,
    0.02659457021561983,
    -0.04362555315894601,
    -0.10865009799319604,
    0.10865009799319023,
    -0.11386167883313561,
    -0.08162086665838444,
    -0.04741252966263643,
    0.047412529662631576,
    -0.07886950969360952,
    0.1091311923721326,
    0.06591393126394329,
    -0.03896094346860196,
    0.08638041521582143,
    0.1985498051726179,
    -0.19854980517261742,
    -0.20187918833725355,
    0.030685385023016373,
    0.0866427983143343,
    -0.08664279831433357,
    -0.1271342009244195,
    -0.0591161815535314,
    -0.05121213715407543,
    0.23389907960299175,
    0.026594570215623444,
    -0.043625553158951995,
    0.10865009799319647,
    -0.10865009799319301,
    -0.11386167883314381,
    -0.08162086665839446,
    0.047412529662635594,
    -0.04741252966263273,
    -0.07886950969361488,
    -0.05121213715407462,
    -0.02182888193313411,
    0.10913119237213502,
    0.06591393126394819
  ],
  "OQP::FOCK_A": [
    -18.738626661406464,
    -4.739045005978325,
    -1.7516022546494758,
    1.4913188932743694e-17,
    7.383624095615658e-17,
    -0.06993203589630159,
    2.4386705531662867e-17,
    7.419827127912767e-17,
    0.04884732364465258,
    -0.06993203589630392,
    0.024954991753245604,
    0.1376284113736613,
    2.7410363235002247e-17,
    -4.0606903727391664e-17,
    -0.07641312323784377,
    -3.3379776951051014,
    -1.656026271769497,
    3.7767865905066635e-17,
    1.5819312347530645e-17,
    0.12905168433706077,
    -1.2657581672146472,
    4.6858551366156305e-18,
    3.915223291082908e-17,
    -0.4207711705602987,
    0.04447199718987425,
    3.213976859289297e-17,
    1.1662348070698274e-16,
    0.003943293454252761,
    1.9751085382442703e-19,
    6.640340172772256e-18,
    0.044471997189874234,
    -0.42077117056029906,
    -2.6626780873099763e-17,
    -4.2333412166111285e-17,
    0.09926262408073087,
    0.003943293454252927,
    0.0032017934328122276,
    0.08656075482551005,
    3.0857575777709225e-17,
    -3.045854451388018e-17,
    -0.4271350518614365,
    0.17774743030467802,
    1.5861024412244232e-17,
    -2.1273938830836085e-17,
    -0.010865921472471451,
    -0.7404862878267524,
    -0.6184269724050362,
    0.22169493922679168,
    -0.22169493922679134,
    0.25735733808108374,
    -0.5523757602835455,
    0.15986441711131902,
    -0.15986441711131902,
    0.19166838190825997,
    -0.2109996395089052,
    -1.399901736299708,
    -0.8743135344550068,
    0.10696725267142794,
    -0.10696725267142775,
    0.1741531575972903,
    -0.7236432522981124,
    0.0575457818158578,
    -0.057545781815857386,
    0.15951294626261348,
    -0.509063159298259,
    -0.4651976965429608,
    -0.7404862878267524,
    -0.6184269724050366,
    -0.2216949392267915,
    0.22169493922679157,
    0.2573573380810835,
    -0.5523757602835464,
    -0.15986441711131907,
    0.15986441711131902,
    0.1916683819082591,
    -0.14508298051651647,
    -0.2978301598538128,
    -0.2109996395089052,
    -1.3999017362997077,
    -0.8743135344550055,
    -0.10696725267142795,
    0.10696725267142786,
    0.1741531575972904,
    -0.7236432522981118,
    -0.057545781815857455,
    0.05754578181585744,
    0.15951294626261348,
    -0.2978301598538127,
    -0.4173497610440786,
    -0.50906315929826,
    -0.4651976965429619
  ],
  "OQP::E_MO_A": [
    -18.746849581533418,
    -0.9307911381278207,
    -0.4806019043691251,
    -0.293281404520255,
    -0.22810519816497227,
    0.039788648031189665,
    0.12777250285281685,
    0.7766952924733744,
    0.8308065325070336,
    0.8421125473478306,
    0.9099797906998959,
    1.0180910021439882,
    1.3661886683245197
  ],