{
  "OQP::DM_A": [
    2.0838114417309033,
    -0.17204413762406062,
    0.5095265919788321,
    -7.161290819356657e-16,
    -1.4250861119372461e-15,
    0.6826877033343023,
    4.867568879732815e-16,
    1.116404570729788e-15,
    0.14453107313220004,
    0.6826877033343011,
    -0.03830480941063135,
    0.07410827981808782,
    -1.8394002107432806e-16,
    3.684126484421428e-16,
    0.6437858104466263,
    -0.28451342862693635,
    0.5641875796804188,
    4.446422209824844e-16,
    -4.719727130527117e-16,
    0.27569085256683534,
    0.6879379429996528,
    1.366023166333997e-15,
    -1.6281899760381375e-15,
    0.4443693811631928,
    0.2095296268607406,
    -1.642250428914678e-15,
    -1.3707303153098218e-15,
    0.30968615196187815,
    -1.0867285515159578e-15,
    1.3350114224301936e-15,
    0.2095296268607401,
    0.4443693811631921,
    1.552627727027604e-15,
    1.2053400937679318e-15,
    0.20720723206057526,
    0.3096861519618775,
    -0.034639728159308755,
    0.08886479324816246,
    -3.3657856641376023e-16,
    6.300965011176569e-16,
    0.43259235848936045,
    0.22658605630497838,
    -1.2235106529557724e-15,
    1.296506913617799e-15,
    0.2937358508931765,
    -0.03896093642381389,
    0.08638039315963861,
    -0.19854982153803438,
    0.19854982153803535,
    -0.20187921494122732,
    0.030685343339185538,
    -0.08664278890195355,
    0.08664278890195465,
    -0.12713420271351053,
    0.23389911988603188,
    0.02659459479948053,
    -0.043625620279344315,
    -0.1086501079617796,
    0.10865010796178046,
    -0.11386178675174345,
    -0.08162097157717291,
    -0.04741252495411378,
    0.04741252495411462,
    -0.07886956868768337,
    0.10913123633714401,
    0.06591398181925077,
    -0.03896093642381344,
    0.08638039315963575,
    0.198549821538036,
    -0.19854982153803555,
    -0.20187921494122776,
    0.030685343339185166,
    0.08664278890195515,
    -0.086642788901955,
    -0.12713420271351134,
    -0.059116180272815115,
    -0.051212116027005226,
    0.23389911988603282,
    0.026594594799475662,
    -0.043625620279339035,
    0.10865010796177935,
    -0.10865010796178072,
    -0.11386178675173468,
    -0.08162097157716298,
    0.04741252495411423,
    -0.04741252495411542,
    -0.0788695686876773,
    -0.05121211602700659,
    -0.021828844693346307,
    0.10913123633714279,
    0.06591398181924693
  ],
  "OQP::FOCK_A": [
    -18.73862657584003,
    -4.73904499139272,
    -1.7516022234752864,
    -1.803940954695033e-16,
    -4.728016808757804e-16,
    -0.0699320003081243,
    1.1887665470237087e-16,
    3.5563501051286875e-16,
    0.04884732352613246,
    -0.06993200030812452,
    0.024954995826942414,
    0.13762841204112214,
    -7.71823011735623e-17,
    9.731459391238261e-17,
    -0.07641309282508102,
    -3.3379776835232584,
    -1.6560262524592546,
    -3.8280148635389176e-16,
    2.446862419849481e-16,
    0.12905168172488016,
    -1.2657581523503625,
    -2.1179873632092946e-17,
    -1.8453394231703031e-16,
    -0.4207711604337213,
    0.04447199650053849,
    -3.0978368955839976e-17,
    -1.9611161132936695e-16,
    0.0039433012590107674,
    1.6687016692744988e-17,
    1.2909590868204335e-16,
    0.04447199650053847,
    -0.4207711604337212,
    3.3409168846388066e-17,
    1.0165660329884927e-16,
    0.09926262178870748,
    0.0039433012590108785,
    0.0032017938153873476,
    0.08656075176379037,
    -2.6421648923376754e-17,
    3.893991049034715e-17,
    -0.4271350442500397,
    0.17774741946568645,
    -5.892607124752072e-17,
    5.050978913581647e-17,
    -0.01086591647116808,
    -0.7404862854615897,
    -0.6184269653634666,
    0.22169493475963917,
    -0.22169493475963936,
    0.25735733341623884,
    -0.5523757499917193,
    0.15986440983852301,
    -0.15986440983852365,
    0.19166837262514672,
    -0.21099961228036224,
    -1.3999017315590145,
    -0.8743135249111391,
    0.10696725085935554,
    -0.10696725085935552,
    0.1741531544215645,
    -0.7236432416686112,
    0.05754577875847354,
    -0.05754577875847393,
    0.15951293567633873,
    -0.5090631446635868,
    -0.46519768309680665,
    -0.7404862854615897,
    -0.6184269653634661,
    -0.2216949347596398,
    0.22169493475963956,
    0.25735733341623823,
    -0.5523757499917193,
    -0.1598644098385224,
    0.1598644098385224,
    0.19166837262514608,
    -0.1450829791756333,
    -0.2978301544645894,
    -0.21099961228036146,
    -1.399901731559015,
    -0.8743135249111391,
    -0.10696725085935559,
    0.10696725085935557,
    0.17415315442156445,
    -0.723643241668613,
    -0.0575457787584735,
    0.0575457787584735,
    0.15951293567633917,
    -0.29783015446458905,
    -0.41734975269778585,
    -0.5090631446635852,
    -0.46519768309680487
  ],
  "OQP::E_MO_A": [
    -18.746870205742518,
    -0.9316402745259513,
    -0.4806048279218853,
    -0.29242977384368285,
    -0.2281092486084373,
    0.03952674497393959,
    0.1277335482169559,
    0.7766916294966444,
    0.829963319330724,
    0.8421092058380232,
    0.9102532087586456,
    1.0181282677224066,
    1.3670124876233185
  ],