{
  "OQP::DM_A": [
    2.083811438922164,
    -0.1720441098135222,
    0.5095264785457593,
    2.5742619338787825e-16,
    1.4630183450603652e-15,
    0.682687503524936,
    -4.834894723277885e-16,
    -1.0419588496748484e-15,
    0.14453105581772085,
    0.6826875035249352,
    -0.03830481968220395,
    0.0741082815260388,
    2.96241367225844e-17,
    -6.812123305890157e-16,
    0.643785491703123,
    -0.28451346485534246,
    0.5641876032335496,
    -8.839259320922742e-16,
    1.673444281866134e-15,
    0.27569102857373584,
    0.6879382583837083,
    -1.7437821143187404e-15,
    3.4899326290336353e-15,
    0.44436937254759,
    0.20952966699164133,
    4.04891980517375e-15,
    4.010763166313459e-15,
    0.30968624081371665,
    1.5359425470484884e-15,
    -3.0929124351981417e-15,
    0.2095296669916406,
    0.4443693725475887,
    -4.166271436837373e-15,
    -3.196825846463459e-15,
    0.20720732870448322,
    0.30968624081371504,
    -0.03463974521708898,
    0.08886481352978468,
    1.1515659584819445e-15,
    -1.3997023471292904e-15,
    0.43259224812149644,
    0.22658623544088752,
    3.4257284447997047e-15,
    -3.3531937951537147e-15,
    0.2937358483234252,
    -0.03896093045045817,
    0.08638037642684757,
    -0.19854978931121084,
    0.19854978931121178,
    -0.20187921141390408,
    0.030685266196915993,
    -0.0866427862356643,
    0.08664278623566492,
    -0.12713422970662652,
    0.2338991546023431,
    0.026594607039391812,
    -0.043625640986581546,
    -0.1086501715749432,
    0.10865017157494396,
    -0.11386193635705183,
    -0.08162109424553673,
    -0.047412558950041636,
    0.04741255895004219,
    -0.07886968831912923,
    0.1091313608778408,
    0.06591411099826079,
    -0.03896093045045886,
    0.08638037642684993,
    0.1985497893112115,
    -0.19854978931121156,
    -0.201879211413905,
    0.0306852661969143,
    0.08664278623566316,
    -0.08664278623566335,
    -0.12713422970662558,
    -0.05911614980202957,
    -0.051212113713908713,
    0.2338991546023446,
    0.026594607039398085,
    -0.04362564098659267,
    0.10865017157494204,
    -0.10865017157494516,
    -0.11386193635706927,
    -0.08162109424555615,
    0.04741255895003897,
    -0.04741255895004152,
    -0.07886968831914087,
    -0.05121211371390553,
    -0.021828848013440087,
    0.10913136087784446,
    0.06591411099826833
  ],
  "OQP::FOCK_A": [
    -18.73862734287536,
    -4.739045142359111,
    -1.7516026456358804,
    2.1995783282901517e-16,
    7.386520319771654e-16,
    -0.06993243515563408,
    -2.046595207856061e-16,
    -6.212902899623892e-16,
    0.048847321595824826,
    -0.0699324351556343,
    0.02495499752939206,
    0.13762840697879844,
    9.855554484025407e-17,
    -1.5891200356763053e-16,
    -0.07641353392836991,
    -3.3379777976381395,
    -1.6560265281152695,
    5.09316801087058e-16,
    -4.600395703629919e-16,
    0.12905167416466234,
    -1.2657583823069372,
    2.7669019915974424e-17,
    3.330898829055301e-16,
    -0.42077130353021286,
    0.044471994767964804,
    3.582634361881068e-17,
    5.373695834311039e-16,
    0.003943177563812572,
    -2.3480186728877697e-17,
    -3.3434491173780755e-16,
    0.044471994767964824,
    -0.4207713035302124,
    -3.66192770776469e-17,
    -4.858372578606491e-16,
    0.09926261632191828,
    0.003943177563811684,
    0.0032017939452648,
    0.08656074570577404,
    4.141260531529157e-17,
    -4.932454629333472e-17,
    -0.4271351903778209,
    0.17774740113681067,
    3.4832228187207904e-17,
    -5.4062947367685787e-17,
    -0.0108660432667122,
    -0.7404863100612784,
    -0.6184270436517504,
    0.2216949760167711,
    -0.22169497601677135,
    0.2573573772461061,
    -0.5523758203049782,
    0.1598644418971766,
    -0.15986444189717622,
    0.19166840476123484,
    -0.2109996921409638,
    -1.3999017789520827,
    -0.8743136534160707,
    0.10696727193292097,
    -0.10696727193292091,
    0.1741531736135628,
    -0.7236433591657019,
    0.057545799940056694,
    -0.057545799940056666,
    0.15951294650941505,
    -0.5090632026345395,
    -0.4651977596671192,
    -0.7404863100612785,
    -0.6184270436517496,
    -0.22169497601677074,
    0.22169497601677055,
    0.2573573772461063,
    -0.5523758203049779,
    -0.15986444189717577,
    0.15986444189717583,
    0.19166840476123478,
    -0.14508299082656073,
    -0.2978301860914856,
    -0.21099969214096692,
    -1.3999017789520831,
    -0.8743136534160709,
    -0.10696727193292002,
    0.10696727193292035,
    0.1741531736135632,
    -0.7236433591656974,
    -0.05754579994005564,
    0.05754579994005589,
    0.15951294650941553,
    -0.2978301860914858,
    -0.417349811747899,
    -0.5090632026345399,
    -0.4651977596671203
  ],
  "OQP::E_MO_A": [
    -18.746869843575308,
    -0.9316399340706831,
    -0.48060457041589194,
    -0.29242942160572816,
    -0.2281089545506435,
    0.03952690908532509,
    0.12773370645885687,
    0.7766918135207336,
    0.829963585172704,
    0.8421094350781553,
    0.9102534290660056,
    1.0181284827485508,
    1.3670127215713257
  ],