{
  "atoms": [
    8,
    1,
    1
  ],
  "coord": [
    0.0,
    0.0,
    -0.07759509131153179,
    -1.007591253013608,
    1.007591253013608,
    -1.1611785434815982,
    1.007591253013608,
    -1.007591253013608,
    -1.1611785434815982
  ],
  "energy": -76.01074651325924,
  "td_energies": [
    0
  ],
  "grad": [
    3.863269838581818e-15,
    -2.6358953810878133e-15,
    -1.3949651344713487e-05,
    9.791816000248588e-06,
    -9.7918160018029e-06,
    6.974825675687413e-06,
    -9.79181600424539e-06,
    9.79181600424539e-06,
    6.974825677685814e-06
  ],
  "nac": [],
  "soc": [],
  "hess": []
}