{
  "atoms": [
    8,
    1,
    1
  ],
  "coord": [
    0.0,
    0.0,
    -0.07759509131153179,
    -1.007591253013608,
    1.007591253013608,
    -1.1611785434815982,
    1.007591253013608,
    -1.007591253013608,
    -1.1611785434815982
  ],
  "energy": -75.73923405924005,
  "td_energies": [
    0
  ],
  "grad": [
    -1.7703747539135617e-14,
    1.8415932841187033e-14,
    -0.1398570464120117,
    0.0671061708131725,
    -0.06710617081317383,
    0.06992852320601362,
    -0.06710617081315706,
    0.0671061708131554,
    0.0699285232059973
  ],
  "nac": [],
  "soc": [],
  "hess": []
}