{
  "atoms": [
    8,
    1,
    1
  ],
  "coord": [
    0.0,
    0.0,
    -0.07759509131153179,
    -1.007591253013608,
    1.007591253013608,
    -1.1611785434815982,
    1.007591253013608,
    -1.007591253013608,
    -1.1611785434815982
  ],
  "energy": -76.01074651512695,
  "td_energies": [
    0.3543415960847145,
    0.42386648663447235,
    0.45447877747073007
  ],
  "grad": [
    8.808004239163614e-15,
    -8.682887308458787e-15,
    -0.032111321067489484,
    0.09167233802489894,
    -0.09167233802490038,
    0.016055660533749183,
    -0.09167233802490626,
    0.09167233802490671,
    0.01605566053375762
  ],
  "nac": [],
  "soc": [],
  "hess": []
}